strategy,test_year,signal_date,date,pnl,gross_pnl,cost,position,entry_threshold,stability_score
Z-score Rule,2021,2021-01-04,2021-01-05,-0.010536425487263197,-0.009628831358972257,0.0009075941282909405,-1,2.24556303644675,0.09203930326560843
Z-score Rule,2021,2021-01-05,2021-01-06,0.00354614156540965,0.003549594561873018,3.4529964633678857e-06,-1,2.24556303644675,0.09203930326560843
Z-score Rule,2021,2021-01-06,2021-01-07,-0.0064854078593408184,-0.00648210802001729,3.2998393235279533e-06,-1,2.24556303644675,0.09203930326560843
Z-score Rule,2021,2021-01-07,2021-01-08,0.0017242349912868068,0.001727732709607509,3.4977183207022254e-06,-1,2.24556303644675,0.09203930326560843
Z-score Rule,2021,2021-01-08,2021-01-11,0.014071732479506518,0.01407548874270392,3.7562631974018546e-06,-1,2.24556303644675,0.09203930326560843
Z-score Rule,2021,2021-01-11,2021-01-12,-0.0009216009455959405,-0.0,0.0009216009455959405,0,2.24556303644675,0.09203930326560843
Z-score Rule,2021,2021-01-12,2021-01-13,0.0,0.0,0.0,0,2.24556303644675,0.2213007196572652
Z-score Rule,2021,2021-01-13,2021-01-14,0.0,0.0,0.0,0,2.24556303644675,0.2213007196572652
Z-score Rule,2021,2021-01-14,2021-01-15,-0.0,-0.0,0.0,0,2.24556303644675,0.2213007196572652
Z-score Rule,2021,2021-01-15,2021-01-19,0.0,0.0,0.0,0,2.24556303644675,0.2213007196572652
Z-score Rule,2021,2021-01-19,2021-01-20,0.0,0.0,0.0,0,2.24556303644675,0.2213007196572652
Z-score Rule,2021,2021-01-20,2021-01-21,0.0,0.0,0.0,0,2.24556303644675,0.2213007196572652
Z-score Rule,2021,2021-01-21,2021-01-22,-0.0,-0.0,0.0,0,2.24556303644675,0.2213007196572652
Z-score Rule,2021,2021-01-22,2021-01-25,0.0,0.0,0.0,0,2.24556303644675,0.2213007196572652
Z-score Rule,2021,2021-01-25,2021-01-26,0.0,0.0,0.0,0,2.24556303644675,0.2213007196572652
Z-score Rule,2021,2021-01-26,2021-01-27,0.0,0.0,0.0,0,2.24556303644675,0.2213007196572652
Z-score Rule,2021,2021-01-27,2021-01-28,0.0,0.0,0.0,0,2.24556303644675,0.2213007196572652
Z-score Rule,2021,2021-01-28,2021-01-29,0.0,0.0,0.0,0,2.24556303644675,0.2213007196572652
Z-score Rule,2021,2021-01-29,2021-02-01,-0.0,-0.0,0.0,0,2.24556303644675,0.2213007196572652
Z-score Rule,2021,2021-02-01,2021-02-02,-0.0,-0.0,0.0,0,2.24556303644675,0.2213007196572652
Z-score Rule,2021,2021-02-02,2021-02-03,-0.0,-0.0,0.0,0,2.24556303644675,0.2213007196572652
Z-score Rule,2021,2021-02-03,2021-02-04,0.0,0.0,0.0,0,2.24556303644675,0.2213007196572652
Z-score Rule,2021,2021-02-04,2021-02-05,0.0,0.0,0.0,0,2.24556303644675,0.2213007196572652
Z-score Rule,2021,2021-02-05,2021-02-08,0.0,0.0,0.0,0,2.24556303644675,0.2213007196572652
Z-score Rule,2021,2021-02-08,2021-02-09,0.0,0.0,0.0,0,2.24556303644675,0.2213007196572652
Z-score Rule,2021,2021-02-09,2021-02-10,0.0,0.0,0.0,0,2.24556303644675,0.2213007196572652
Z-score Rule,2021,2021-02-10,2021-02-11,-0.0,-0.0,0.0,0,2.24556303644675,0.2213007196572652
Z-score Rule,2021,2021-02-11,2021-02-12,0.0,0.0,0.0,0,2.24556303644675,0.06554053407848053
Z-score Rule,2021,2021-02-12,2021-02-16,0.0,0.0,0.0,0,2.24556303644675,0.06554053407848053
Z-score Rule,2021,2021-02-16,2021-02-17,-0.0,-0.0,0.0,0,2.24556303644675,0.06554053407848053
Z-score Rule,2021,2021-02-17,2021-02-18,0.0,0.0,0.0,0,2.24556303644675,0.06554053407848053
Z-score Rule,2021,2021-02-18,2021-02-19,0.0,0.0,0.0,0,2.24556303644675,0.06554053407848053
Z-score Rule,2021,2021-02-19,2021-02-22,0.0,0.0,0.0,0,2.24556303644675,0.06554053407848053
Z-score Rule,2021,2021-02-22,2021-02-23,-0.00861348204182618,-0.007591206881899987,0.001022275159926193,-1,2.24556303644675,0.06554053407848053
Z-score Rule,2021,2021-02-23,2021-02-24,-0.008099111253721045,-0.008092754152491778,6.3571012292660266e-06,-1,2.24556303644675,0.06554053407848053
Z-score Rule,2021,2021-02-24,2021-02-25,0.001957506777122525,0.001965667783451204,8.161006328678999e-06,-1,2.24556303644675,0.06554053407848053
Z-score Rule,2021,2021-02-25,2021-02-26,-0.0017961368841940674,-0.001786804355588162,9.332528605905499e-06,-1,2.24556303644675,0.06554053407848053
Z-score Rule,2021,2021-02-26,2021-03-01,0.001200334312700852,0.001209778466129562,9.444153428709968e-06,-1,2.24556303644675,0.06554053407848053
Z-score Rule,2021,2021-03-01,2021-03-02,-0.007045338147691512,-0.007037363440123548,7.974707567963036e-06,-1,2.24556303644675,0.06554053407848053
Z-score Rule,2021,2021-03-02,2021-03-03,-0.006151509223569012,-0.006140803495754592,1.070572781441992e-05,-1,2.24556303644675,0.06554053407848053
Z-score Rule,2021,2021-03-03,2021-03-04,-0.00905390514821868,-0.009043467329620369,1.04378185983105e-05,-1,2.24556303644675,0.06554053407848053
Z-score Rule,2021,2021-03-04,2021-03-05,-0.007937548135110092,-0.007925614223918798,1.1933911191294056e-05,-1,2.24556303644675,0.06554053407848053
Z-score Rule,2021,2021-03-05,2021-03-08,-0.007383712896789951,-0.00737199312237574,1.1719774414211015e-05,-1,2.24556303644675,0.06554053407848053
Z-score Rule,2021,2021-03-08,2021-03-09,0.0002349966733043493,0.0002505899319830383,1.559325867868899e-05,-1,2.24556303644675,0.06554053407848053
Z-score Rule,2021,2021-03-09,2021-03-10,-0.007213241112838624,-0.007198006849605473,1.5234263233152024e-05,-1,2.24556303644675,0.06554053407848053
Z-score Rule,2021,2021-03-10,2021-03-11,-0.02889118468011267,-0.02887749647849938,1.3688201613291429e-05,-1,2.24556303644675,0.06554053407848053
Z-score Rule,2021,2021-03-11,2021-03-12,-0.019105848549979428,-0.01909627970296108,9.568847018348037e-06,-1,2.24556303644675,0.06554053407848053
Z-score Rule,2021,2021-03-12,2021-03-15,0.03430100791100031,0.03430743279259323,6.424881592923537e-06,-1,2.24556303644675,0.06554053407848053
Z-score Rule,2021,2021-03-15,2021-03-16,-0.006981913441224752,-0.006972683187118503,9.230254106249004e-06,-1,2.24556303644675,0.009086435590331699
Z-score Rule,2021,2021-03-16,2021-03-17,-0.0001900054416310472,-0.0001829842697324592,7.021171898587975e-06,-1,2.24556303644675,0.009086435590331699
Z-score Rule,2021,2021-03-17,2021-03-18,-0.0048480023618118605,-0.004844072204268871,3.930157542988977e-06,-1,2.24556303644675,0.009086435590331699
Z-score Rule,2021,2021-03-18,2021-03-19,0.016337043611361943,0.01634259402515496,5.550413793018016e-06,-1,2.24556303644675,0.009086435590331699
Z-score Rule,2021,2021-03-19,2021-03-22,-0.0011945833385822,0.0,0.0011945833385822,0,2.24556303644675,0.009086435590331699
Z-score Rule,2021,2021-03-22,2021-03-23,-0.0,-0.0,0.0,0,2.24556303644675,0.009086435590331699
Z-score Rule,2021,2021-03-23,2021-03-24,-0.0,-0.0,0.0,0,2.24556303644675,0.009086435590331699
Z-score Rule,2021,2021-03-24,2021-03-25,-0.0,-0.0,0.0,0,2.24556303644675,0.009086435590331699
Z-score Rule,2021,2021-03-25,2021-03-26,-0.0,-0.0,0.0,0,2.24556303644675,0.009086435590331699
Z-score Rule,2021,2021-03-26,2021-03-29,0.0,0.0,0.0,0,2.24556303644675,0.009086435590331699
Z-score Rule,2021,2021-03-29,2021-03-30,-0.0,-0.0,0.0,0,2.24556303644675,0.009086435590331699
Z-score Rule,2021,2021-03-30,2021-03-31,-0.0,-0.0,0.0,0,2.24556303644675,0.009086435590331699
Z-score Rule,2021,2021-03-31,2021-04-01,0.020389024242170095,0.02162799496605843,0.0012389707238883321,1,2.24556303644675,0.009086435590331699
Z-score Rule,2021,2021-04-01,2021-04-05,0.021772022868273403,0.02177284106148239,8.181932089875721e-07,1,2.24556303644675,0.009086435590331699
Z-score Rule,2021,2021-04-05,2021-04-06,0.003873588258031449,0.003874258412419595,6.701543881459937e-07,1,2.24556303644675,0.009086435590331699
Z-score Rule,2021,2021-04-06,2021-04-07,-0.0012391187627091736,-0.0,0.0012391187627091736,0,2.24556303644675,0.009086435590331699
Z-score Rule,2021,2021-04-07,2021-04-08,0.0,0.0,0.0,0,2.24556303644675,0.009086435590331699
Z-score Rule,2021,2021-04-08,2021-04-09,0.0,0.0,0.0,0,2.24556303644675,0.009086435590331699
Z-score Rule,2021,2021-04-09,2021-04-12,-0.0,-0.0,0.0,0,2.24556303644675,0.009086435590331699
Z-score Rule,2021,2021-04-12,2021-04-13,0.0,0.0,0.0,0,2.24556303644675,0.009086435590331699
Z-score Rule,2021,2021-04-13,2021-04-14,0.0,0.0,0.0,0,2.24556303644675,0.009086435590331699
Z-score Rule,2021,2021-04-14,2021-04-15,-0.0,-0.0,0.0,0,2.24556303644675,0.1698765589975298
Z-score Rule,2021,2021-04-15,2021-04-16,0.0,0.0,0.0,0,2.24556303644675,0.1698765589975298
Z-score Rule,2021,2021-04-16,2021-04-19,-0.0,-0.0,0.0,0,2.24556303644675,0.1698765589975298
Z-score Rule,2021,2021-04-19,2021-04-20,0.0,0.0,0.0,0,2.24556303644675,0.1698765589975298
Z-score Rule,2021,2021-04-20,2021-04-21,0.0,0.0,0.0,0,2.24556303644675,0.1698765589975298
Z-score Rule,2021,2021-04-21,2021-04-22,-0.0,-0.0,0.0,0,2.24556303644675,0.1698765589975298
Z-score Rule,2021,2021-04-22,2021-04-23,0.0,0.0,0.0,0,2.24556303644675,0.1698765589975298
Z-score Rule,2021,2021-04-23,2021-04-26,0.0,0.0,0.0,0,2.24556303644675,0.1698765589975298
Z-score Rule,2021,2021-04-26,2021-04-27,-0.0,-0.0,0.0,0,2.24556303644675,0.1698765589975298
Z-score Rule,2021,2021-04-27,2021-04-28,0.0,0.0,0.0,0,2.24556303644675,0.1698765589975298
Z-score Rule,2021,2021-04-28,2021-04-29,-0.0,-0.0,0.0,0,2.24556303644675,0.1698765589975298
Z-score Rule,2021,2021-04-29,2021-04-30,0.0,0.0,0.0,0,2.24556303644675,0.1698765589975298
Z-score Rule,2021,2021-04-30,2021-05-03,0.0,0.0,0.0,0,2.24556303644675,0.1698765589975298
Z-score Rule,2021,2021-05-03,2021-05-04,-0.0,-0.0,0.0,0,2.24556303644675,0.1698765589975298
Z-score Rule,2021,2021-05-04,2021-05-05,0.0,0.0,0.0,0,2.24556303644675,0.1698765589975298
Z-score Rule,2021,2021-05-05,2021-05-06,0.0,0.0,0.0,0,2.24556303644675,0.1698765589975298
Z-score Rule,2021,2021-05-06,2021-05-07,-0.0,-0.0,0.0,0,2.24556303644675,0.1698765589975298
Z-score Rule,2021,2021-05-07,2021-05-10,-0.0,-0.0,0.0,0,2.24556303644675,0.1698765589975298
Z-score Rule,2021,2021-05-10,2021-05-11,-0.002352689501980894,-0.001323873937079389,0.0010288155649015053,1,2.24556303644675,0.1698765589975298
Z-score Rule,2021,2021-05-11,2021-05-12,0.010633972956678594,0.01063745680230953,3.4838456309345125e-06,1,2.24556303644675,0.1698765589975298
Z-score Rule,2021,2021-05-12,2021-05-13,0.03817889715169989,0.03818633407110841,7.436919408519538e-06,1,2.24556303644675,0.1698765589975298
Z-score Rule,2021,2021-05-13,2021-05-14,-0.005291332837642012,-0.005286081960640399,5.250877001614085e-06,1,2.24556303644675,0.02437181827962947
Z-score Rule,2021,2021-05-14,2021-05-17,0.011489786284977113,0.01149590118930442,6.114904327306436e-06,1,2.24556303644675,0.02437181827962947
Z-score Rule,2021,2021-05-17,2021-05-18,0.0018604915772507374,0.001872598362257215,1.210678500647755e-05,1,2.24556303644675,0.02437181827962947
Z-score Rule,2021,2021-05-18,2021-05-19,-0.004419146655010782,-0.00440436714790346,1.4779507107322455e-05,1,2.24556303644675,0.02437181827962947
Z-score Rule,2021,2021-05-19,2021-05-20,0.0017551141476106877,0.001774914247747579,1.9800100136891373e-05,1,2.24556303644675,0.02437181827962947
Z-score Rule,2021,2021-05-20,2021-05-21,-0.0009816841563613477,0.0,0.0009816841563613477,0,2.24556303644675,0.02437181827962947
Z-score Rule,2021,2021-05-21,2021-05-24,-0.0,-0.0,0.0,0,2.24556303644675,0.02437181827962947
Z-score Rule,2021,2021-05-24,2021-05-25,0.0,0.0,0.0,0,2.24556303644675,0.02437181827962947
Z-score Rule,2021,2021-05-25,2021-05-26,-0.0,-0.0,0.0,0,2.24556303644675,0.02437181827962947
Z-score Rule,2021,2021-05-26,2021-05-27,0.0,0.0,0.0,0,2.24556303644675,0.02437181827962947
Z-score Rule,2021,2021-05-27,2021-05-28,-0.0,-0.0,0.0,0,2.24556303644675,0.02437181827962947
Z-score Rule,2021,2021-05-28,2021-06-01,0.0,0.0,0.0,0,2.24556303644675,0.02437181827962947
Z-score Rule,2021,2021-06-01,2021-06-02,0.0,0.0,0.0,0,2.24556303644675,0.02437181827962947
Z-score Rule,2021,2021-06-02,2021-06-03,-0.0,-0.0,0.0,0,2.24556303644675,0.02437181827962947
Z-score Rule,2021,2021-06-03,2021-06-04,0.0,0.0,0.0,0,2.24556303644675,0.02437181827962947
Z-score Rule,2021,2021-06-04,2021-06-07,-0.0,-0.0,0.0,0,2.24556303644675,0.02437181827962947
Z-score Rule,2021,2021-06-07,2021-06-08,0.0,0.0,0.0,0,2.24556303644675,0.02437181827962947
Z-score Rule,2021,2021-06-08,2021-06-09,-0.0,-0.0,0.0,0,2.24556303644675,0.02437181827962947
Z-score Rule,2021,2021-06-09,2021-06-10,-0.014478387668022216,-0.01389886033133855,0.0005795273366836666,1,2.24556303644675,0.02437181827962947
Z-score Rule,2021,2021-06-10,2021-06-11,-0.022259727253871646,-0.02222247262208103,3.725463179061826e-05,1,2.24556303644675,0.02437181827962947
Z-score Rule,2021,2021-06-11,2021-06-14,-0.03140584447591927,-0.0313805260480725,2.5318427846768035e-05,1,2.24556303644675,0.02437181827962947
Z-score Rule,2021,2021-06-14,2021-06-15,-0.005647749702955271,-0.005638841971580522,8.907731374749207e-06,1,2.24556303644675,0.009818287051933768
Z-score Rule,2021,2021-06-15,2021-06-16,-0.00636524536948824,-0.006365011749937164,2.3361955107625844e-07,1,2.24556303644675,0.009818287051933768
Z-score Rule,2021,2021-06-16,2021-06-17,-0.0997473395228216,-0.09974470243073832,2.6370920832780588e-06,1,2.24556303644675,0.009818287051933768
Z-score Rule,2021,2021-06-17,2021-06-18,0.05610690588931378,0.05613942843478048,3.252254546670165e-05,1,2.24556303644675,0.009818287051933768
Z-score Rule,2021,2021-06-18,2021-06-21,0.013338397312608429,0.01334905201974516,1.0654707136731945e-05,1,2.24556303644675,0.009818287051933768
Z-score Rule,2021,2021-06-21,2021-06-22,-0.019836836899503194,-0.01982976880433642,7.0680951667735086e-06,1,2.24556303644675,0.009818287051933768
Z-score Rule,2021,2021-06-22,2021-06-23,-0.010992061838487601,-0.01097529418235094,1.676765613666119e-05,1,2.24556303644675,0.009818287051933768
Z-score Rule,2021,2021-06-23,2021-06-24,-0.012911999289586236,-0.01289110680308207,2.0892486504164454e-05,1,2.24556303644675,0.009818287051933768
Z-score Rule,2021,2021-06-24,2021-06-25,-0.030450976938548768,-0.0304278845348641,2.309240368466777e-05,1,2.24556303644675,0.009818287051933768
Z-score Rule,2021,2021-06-25,2021-06-28,0.02060109737604566,0.02062521322646175,2.4115850416090103e-05,1,2.24556303644675,0.009818287051933768
Z-score Rule,2021,2021-06-28,2021-06-29,0.002065118905206078,0.002081741358348255,1.662245314217714e-05,1,2.24556303644675,0.009818287051933768
Z-score Rule,2021,2021-06-29,2021-06-30,0.06142511384249875,0.06144081812618659,1.570428368784177e-05,1,2.24556303644675,0.009818287051933768
Z-score Rule,2021,2021-06-30,2021-07-01,-0.0005188358261782093,-0.0,0.0005188358261782093,0,2.24556303644675,0.009818287051933768
Z-score Rule,2021,2021-07-01,2021-07-02,0.0,0.0,0.0,0,2.24556303644675,0.009818287051933768
Z-score Rule,2021,2021-07-02,2021-07-06,-0.0,-0.0,0.0,0,2.24556303644675,0.009818287051933768
Z-score Rule,2021,2021-07-06,2021-07-07,0.0,0.0,0.0,0,2.24556303644675,0.009818287051933768
Z-score Rule,2021,2021-07-07,2021-07-08,0.0,0.0,0.0,0,2.24556303644675,0.009818287051933768
Z-score Rule,2021,2021-07-08,2021-07-09,0.0,0.0,0.0,0,2.24556303644675,0.009818287051933768
Z-score Rule,2021,2021-07-09,2021-07-12,0.0,0.0,0.0,0,2.24556303644675,0.009818287051933768
Z-score Rule,2021,2021-07-12,2021-07-13,0.0,0.0,0.0,0,2.24556303644675,0.009818287051933768
Z-score Rule,2021,2021-07-13,2021-07-14,0.0,0.0,0.0,0,2.24556303644675,0.009818287051933768
Z-score Rule,2021,2021-07-14,2021-07-15,-0.0,-0.0,0.0,0,2.24556303644675,0.1768115088980104
Z-score Rule,2021,2021-07-15,2021-07-16,0.0,0.0,0.0,0,2.24556303644675,0.1768115088980104
Z-score Rule,2021,2021-07-16,2021-07-19,-0.0,-0.0,0.0,0,2.24556303644675,0.1768115088980104
Z-score Rule,2021,2021-07-19,2021-07-20,0.0,0.0,0.0,0,2.24556303644675,0.1768115088980104
Z-score Rule,2021,2021-07-20,2021-07-21,-0.0,-0.0,0.0,0,2.24556303644675,0.1768115088980104
Z-score Rule,2021,2021-07-21,2021-07-22,-0.0,-0.0,0.0,0,2.24556303644675,0.1768115088980104
Z-score Rule,2021,2021-07-22,2021-07-23,-0.0,-0.0,0.0,0,2.24556303644675,0.1768115088980104
Z-score Rule,2021,2021-07-23,2021-07-26,0.0,0.0,0.0,0,2.24556303644675,0.1768115088980104
Z-score Rule,2021,2021-07-26,2021-07-27,0.0,0.0,0.0,0,2.24556303644675,0.1768115088980104
Z-score Rule,2021,2021-07-27,2021-07-28,0.0,0.0,0.0,0,2.24556303644675,0.1768115088980104
Z-score Rule,2021,2021-07-28,2021-07-29,0.0,0.0,0.0,0,2.24556303644675,0.1768115088980104
Z-score Rule,2021,2021-07-29,2021-07-30,-0.0,-0.0,0.0,0,2.24556303644675,0.1768115088980104
Z-score Rule,2021,2021-07-30,2021-08-02,-0.0,-0.0,0.0,0,2.24556303644675,0.1768115088980104
Z-score Rule,2021,2021-08-02,2021-08-03,-0.0,-0.0,0.0,0,2.24556303644675,0.1768115088980104
Z-score Rule,2021,2021-08-03,2021-08-04,0.0,0.0,0.0,0,2.24556303644675,0.1768115088980104
Z-score Rule,2021,2021-08-04,2021-08-05,-0.0,-0.0,0.0,0,2.24556303644675,0.1768115088980104
Z-score Rule,2021,2021-08-05,2021-08-06,0.0,0.0,0.0,0,2.24556303644675,0.1768115088980104
Z-score Rule,2021,2021-08-06,2021-08-09,0.0,0.0,0.0,0,2.24556303644675,0.1768115088980104
Z-score Rule,2021,2021-08-09,2021-08-10,0.0,0.0,0.0,0,2.24556303644675,0.1768115088980104
Z-score Rule,2021,2021-08-10,2021-08-11,-0.0,-0.0,0.0,0,2.24556303644675,0.1768115088980104
Z-score Rule,2021,2021-08-11,2021-08-12,-0.0,-0.0,0.0,0,2.24556303644675,0.1768115088980104
Z-score Rule,2021,2021-08-12,2021-08-13,0.0,0.0,0.0,0,2.24556303644675,0.02909392269559627
Z-score Rule,2021,2021-08-13,2021-08-16,-0.0,-0.0,0.0,0,2.24556303644675,0.02909392269559627
Z-score Rule,2021,2021-08-16,2021-08-17,-0.0065976642650807,-0.005893748865819939,0.0007039153992607612,1,2.24556303644675,0.02909392269559627
Z-score Rule,2021,2021-08-17,2021-08-18,-0.004948919431890097,-0.004941707557990374,7.211873899723803e-06,1,2.24556303644675,0.02909392269559627
Z-score Rule,2021,2021-08-18,2021-08-19,-0.018773014548095213,-0.0187653170928955,7.697455199712323e-06,1,2.24556303644675,0.02909392269559627
Z-score Rule,2021,2021-08-19,2021-08-20,-0.02470213445486063,-0.02469234614701004,9.788307850587985e-06,1,2.24556303644675,0.02909392269559627
Z-score Rule,2021,2021-08-20,2021-08-23,0.009362406812692924,0.009373536638765197,1.1129826072273446e-05,1,2.24556303644675,0.02909392269559627
Z-score Rule,2021,2021-08-23,2021-08-24,0.020822535379855962,0.02083330914629717,1.0773766441209254e-05,1,2.24556303644675,0.02909392269559627
Z-score Rule,2021,2021-08-24,2021-08-25,0.010492620552403494,0.01049988767300962,7.267120606125111e-06,1,2.24556303644675,0.02909392269559627
Z-score Rule,2021,2021-08-25,2021-08-26,0.009583441758798642,0.009589656248588941,6.21448979029876e-06,1,2.24556303644675,0.02909392269559627
Z-score Rule,2021,2021-08-26,2021-08-27,-0.0007639982391206919,-0.0,0.0007639982391206919,0,2.24556303644675,0.02909392269559627
Z-score Rule,2021,2021-08-27,2021-08-30,-0.0,-0.0,0.0,0,2.24556303644675,0.02909392269559627
Z-score Rule,2021,2021-08-30,2021-08-31,-0.0,-0.0,0.0,0,2.24556303644675,0.02909392269559627
Z-score Rule,2021,2021-08-31,2021-09-01,-0.0,-0.0,0.0,0,2.24556303644675,0.02909392269559627
Z-score Rule,2021,2021-09-01,2021-09-02,0.0,0.0,0.0,0,2.24556303644675,0.02909392269559627
Z-score Rule,2021,2021-09-02,2021-09-03,-0.0,-0.0,0.0,0,2.24556303644675,0.02909392269559627
Z-score Rule,2021,2021-09-03,2021-09-07,-0.0,-0.0,0.0,0,2.24556303644675,0.02909392269559627
Z-score Rule,2021,2021-09-07,2021-09-08,0.0,0.0,0.0,0,2.24556303644675,0.02909392269559627
Z-score Rule,2021,2021-09-08,2021-09-09,-0.0,-0.0,0.0,0,2.24556303644675,0.02909392269559627
Z-score Rule,2021,2021-09-09,2021-09-10,0.0,0.0,0.0,0,2.24556303644675,0.02909392269559627
Z-score Rule,2021,2021-09-10,2021-09-13,-0.0,-0.0,0.0,0,2.24556303644675,0.02909392269559627
Z-score Rule,2021,2021-09-13,2021-09-14,0.0,0.0,0.0,0,2.24556303644675,0.03607069213233834
Z-score Rule,2021,2021-09-14,2021-09-15,0.0,0.0,0.0,0,2.24556303644675,0.03607069213233834
Z-score Rule,2021,2021-09-15,2021-09-16,-0.0,-0.0,0.0,0,2.24556303644675,0.03607069213233834
Z-score Rule,2021,2021-09-16,2021-09-17,-0.0,-0.0,0.0,0,2.24556303644675,0.03607069213233834
Z-score Rule,2021,2021-09-17,2021-09-20,-0.0,-0.0,0.0,0,2.24556303644675,0.03607069213233834
Z-score Rule,2021,2021-09-20,2021-09-21,0.0,0.0,0.0,0,2.24556303644675,0.03607069213233834
Z-score Rule,2021,2021-09-21,2021-09-22,0.0,0.0,0.0,0,2.24556303644675,0.03607069213233834
Z-score Rule,2021,2021-09-22,2021-09-23,0.0,0.0,0.0,0,2.24556303644675,0.03607069213233834
Z-score Rule,2021,2021-09-23,2021-09-24,0.0,0.0,0.0,0,2.24556303644675,0.03607069213233834
Z-score Rule,2021,2021-09-24,2021-09-27,-0.0,-0.0,0.0,0,2.24556303644675,0.03607069213233834
Z-score Rule,2021,2021-09-27,2021-09-28,-0.0,-0.0,0.0,0,2.24556303644675,0.03607069213233834
Z-score Rule,2021,2021-09-28,2021-09-29,0.0,0.0,0.0,0,2.24556303644675,0.03607069213233834
Z-score Rule,2021,2021-09-29,2021-09-30,0.0,0.0,0.0,0,2.24556303644675,0.03607069213233834
Z-score Rule,2021,2021-09-30,2021-10-01,-0.0,-0.0,0.0,0,2.24556303644675,0.03607069213233834
Z-score Rule,2021,2021-10-01,2021-10-04,-0.0,-0.0,0.0,0,2.24556303644675,0.03607069213233834
Z-score Rule,2021,2021-10-04,2021-10-05,0.0,0.0,0.0,0,2.24556303644675,0.03607069213233834
Z-score Rule,2021,2021-10-05,2021-10-06,-0.0,-0.0,0.0,0,2.24556303644675,0.03607069213233834
Z-score Rule,2021,2021-10-06,2021-10-07,0.0,0.0,0.0,0,2.24556303644675,0.03607069213233834
Z-score Rule,2021,2021-10-07,2021-10-08,0.0,0.0,0.0,0,2.24556303644675,0.03607069213233834
Z-score Rule,2021,2021-10-08,2021-10-11,-0.0,-0.0,0.0,0,2.24556303644675,0.03607069213233834
Z-score Rule,2021,2021-10-11,2021-10-12,-0.0,-0.0,0.0,0,2.24556303644675,0.03607069213233834
Z-score Rule,2021,2021-10-12,2021-10-13,-0.0,-0.0,0.0,0,2.24556303644675,0.1816754174811539
Z-score Rule,2021,2021-10-13,2021-10-14,-0.0,-0.0,0.0,0,2.24556303644675,0.1816754174811539
Z-score Rule,2021,2021-10-14,2021-10-15,0.0,0.0,0.0,0,2.24556303644675,0.1816754174811539
Z-score Rule,2021,2021-10-15,2021-10-18,-0.0,-0.0,0.0,0,2.24556303644675,0.1816754174811539
Z-score Rule,2021,2021-10-18,2021-10-19,-0.0,-0.0,0.0,0,2.24556303644675,0.1816754174811539
Z-score Rule,2021,2021-10-19,2021-10-20,-0.0,-0.0,0.0,0,2.24556303644675,0.1816754174811539
Z-score Rule,2021,2021-10-20,2021-10-21,-0.0,-0.0,0.0,0,2.24556303644675,0.1816754174811539
Z-score Rule,2021,2021-10-21,2021-10-22,-0.0,-0.0,0.0,0,2.24556303644675,0.1816754174811539
Z-score Rule,2021,2021-10-22,2021-10-25,0.0,0.0,0.0,0,2.24556303644675,0.1816754174811539
Z-score Rule,2021,2021-10-25,2021-10-26,0.0,0.0,0.0,0,2.24556303644675,0.1816754174811539
Z-score Rule,2021,2021-10-26,2021-10-27,-0.0,-0.0,0.0,0,2.24556303644675,0.1816754174811539
Z-score Rule,2021,2021-10-27,2021-10-28,-0.0,-0.0,0.0,0,2.24556303644675,0.1816754174811539
Z-score Rule,2021,2021-10-28,2021-10-29,-0.0,-0.0,0.0,0,2.24556303644675,0.1816754174811539
Z-score Rule,2021,2021-10-29,2021-11-01,0.0,0.0,0.0,0,2.24556303644675,0.1816754174811539
Z-score Rule,2021,2021-11-01,2021-11-02,-0.0,-0.0,0.0,0,2.24556303644675,0.1816754174811539
Z-score Rule,2021,2021-11-02,2021-11-03,-0.0,-0.0,0.0,0,2.24556303644675,0.1816754174811539
Z-score Rule,2021,2021-11-03,2021-11-04,-0.002478408543642509,-0.001409285992984649,0.0010691225506578598,1,2.24556303644675,0.1816754174811539
Z-score Rule,2021,2021-11-04,2021-11-05,-0.003459247552567338,-0.003451151271028038,8.096281539299978e-06,1,2.24556303644675,0.1816754174811539
Z-score Rule,2021,2021-11-05,2021-11-08,-0.008858618010488113,-0.008849919160960583,8.698849527530084e-06,1,2.24556303644675,0.1816754174811539
Z-score Rule,2021,2021-11-08,2021-11-09,-0.019720901732825424,-0.0197113728421212,9.528890704223469e-06,1,2.24556303644675,0.1816754174811539
Z-score Rule,2021,2021-11-09,2021-11-10,0.003673831071238393,0.003681285085677191,7.454014438798007e-06,1,2.24556303644675,0.1816754174811539
Z-score Rule,2021,2021-11-10,2021-11-11,-0.00022473234082872508,-0.0002174690936507361,7.263247177988985e-06,1,2.24556303644675,0.1041833760235778
Z-score Rule,2021,2021-11-11,2021-11-12,-0.04385036610097397,-0.04384213273648648,8.233364487485018e-06,1,2.24556303644675,0.1041833760235778
Z-score Rule,2021,2021-11-12,2021-11-15,-0.01344680290119511,-0.01344193071209226,4.872189102851588e-06,1,2.24556303644675,0.1041833760235778
Z-score Rule,2021,2021-11-15,2021-11-16,0.008905440607282829,0.008916175621529921,1.0735014247092445e-05,1,2.24556303644675,0.1041833760235778
Z-score Rule,2021,2021-11-16,2021-11-17,-0.0026816241837588563,-0.002672657588165227,8.966595593629002e-06,1,2.24556303644675,0.1041833760235778
Z-score Rule,2021,2021-11-17,2021-11-18,0.004223875709666967,0.00423385473230329,9.979022636322999e-06,1,2.24556303644675,0.1041833760235778
Z-score Rule,2021,2021-11-18,2021-11-19,-0.005929821668552053,-0.005921061778162375,8.75989038967795e-06,1,2.24556303644675,0.1041833760235778
Z-score Rule,2021,2021-11-19,2021-11-22,0.014094071997280695,0.01410880963343962,1.4737636158925539e-05,1,2.24556303644675,0.1041833760235778
Z-score Rule,2021,2021-11-22,2021-11-23,0.022319362640927747,0.02233259730651849,1.3234665590744487e-05,1,2.24556303644675,0.1041833760235778
Z-score Rule,2021,2021-11-23,2021-11-24,-0.0010471121848139415,0.0,0.0010471121848139415,0,2.24556303644675,0.1041833760235778
Z-score Rule,2021,2021-11-24,2021-11-26,-0.0,-0.0,0.0,0,2.24556303644675,0.1041833760235778
Z-score Rule,2021,2021-11-26,2021-11-29,0.0,0.0,0.0,0,2.24556303644675,0.1041833760235778
Z-score Rule,2021,2021-11-29,2021-11-30,-0.0,-0.0,0.0,0,2.24556303644675,0.1041833760235778
Z-score Rule,2021,2021-11-30,2021-12-01,-0.0,-0.0,0.0,0,2.24556303644675,0.1041833760235778
Z-score Rule,2021,2021-12-01,2021-12-02,0.0,0.0,0.0,0,2.24556303644675,0.1041833760235778
Z-score Rule,2021,2021-12-02,2021-12-03,-0.0,-0.0,0.0,0,2.24556303644675,0.1041833760235778
Z-score Rule,2021,2021-12-03,2021-12-06,0.0,0.0,0.0,0,2.24556303644675,0.1041833760235778
Z-score Rule,2021,2021-12-06,2021-12-07,-0.0,-0.0,0.0,0,2.24556303644675,0.1041833760235778
Z-score Rule,2021,2021-12-07,2021-12-08,-0.0,-0.0,0.0,0,2.24556303644675,0.1041833760235778
Z-score Rule,2021,2021-12-08,2021-12-09,-0.0,-0.0,0.0,0,2.24556303644675,0.1041833760235778
Z-score Rule,2021,2021-12-09,2021-12-10,-0.0,-0.0,0.0,0,2.24556303644675,0.1041833760235778
Z-score Rule,2021,2021-12-10,2021-12-13,-0.0,-0.0,0.0,0,2.24556303644675,0.07061694274593171
Z-score Rule,2021,2021-12-13,2021-12-14,-0.0,-0.0,0.0,0,2.24556303644675,0.07061694274593171
Z-score Rule,2021,2021-12-14,2021-12-15,0.0,0.0,0.0,0,2.24556303644675,0.07061694274593171
Z-score Rule,2021,2021-12-15,2021-12-16,0.0,0.0,0.0,0,2.24556303644675,0.07061694274593171
Z-score Rule,2021,2021-12-16,2021-12-17,-0.0,-0.0,0.0,0,2.24556303644675,0.07061694274593171
Z-score Rule,2021,2021-12-17,2021-12-20,-0.0,-0.0,0.0,0,2.24556303644675,0.07061694274593171
Z-score Rule,2021,2021-12-20,2021-12-21,0.0,0.0,0.0,0,2.24556303644675,0.07061694274593171
Z-score Rule,2021,2021-12-21,2021-12-22,0.0,0.0,0.0,0,2.24556303644675,0.07061694274593171
Z-score Rule,2021,2021-12-22,2021-12-23,-0.0,-0.0,0.0,0,2.24556303644675,0.07061694274593171
Z-score Rule,2021,2021-12-23,2021-12-27,0.0,0.0,0.0,0,2.24556303644675,0.07061694274593171
Z-score Rule,2021,2021-12-27,2021-12-28,-0.0,-0.0,0.0,0,2.24556303644675,0.07061694274593171
Z-score Rule,2021,2021-12-28,2021-12-29,-0.0,-0.0,0.0,0,2.24556303644675,0.07061694274593171
Z-score Rule,2021,2021-12-29,2021-12-30,-0.0,-0.0,0.0,0,2.24556303644675,0.07061694274593171
Z-score Rule,2021,2021-12-30,2021-12-31,0.0,0.0,0.0,0,2.24556303644675,0.07061694274593171
Always Long Spread,2021,2021-01-04,2021-01-05,0.008721237230681318,0.009628831358972257,0.0009075941282909405,1,2.24556303644675,0.09203930326560843
Always Long Spread,2021,2021-01-05,2021-01-06,-0.0035530475583363855,-0.003549594561873018,3.4529964633678857e-06,1,2.24556303644675,0.09203930326560843
Always Long Spread,2021,2021-01-06,2021-01-07,0.006478808180693762,0.00648210802001729,3.2998393235279533e-06,1,2.24556303644675,0.09203930326560843
Always Long Spread,2021,2021-01-07,2021-01-08,-0.0017312304279282114,-0.001727732709607509,3.4977183207022254e-06,1,2.24556303644675,0.09203930326560843
Always Long Spread,2021,2021-01-08,2021-01-11,-0.014079245005901322,-0.01407548874270392,3.7562631974018546e-06,1,2.24556303644675,0.09203930326560843
Always Long Spread,2021,2021-01-11,2021-01-12,-0.0017317710383230695,-0.001728770396038457,3.000642284612609e-06,1,2.24556303644675,0.09203930326560843
Always Long Spread,2021,2021-01-12,2021-01-13,0.008363286012792133,0.008366541699404605,3.2556866124724417e-06,1,2.24556303644675,0.2213007196572652
Always Long Spread,2021,2021-01-13,2021-01-14,0.01325690660436649,0.01326030081131257,3.394206946080669e-06,1,2.24556303644675,0.2213007196572652
Always Long Spread,2021,2021-01-14,2021-01-15,-0.010660003718508946,-0.01065614960971167,3.854108797276657e-06,1,2.24556303644675,0.2213007196572652
Always Long Spread,2021,2021-01-15,2021-01-19,0.0022291077810496695,0.002232047336521104,2.939555471434319e-06,1,2.24556303644675,0.2213007196572652
Always Long Spread,2021,2021-01-19,2021-01-20,0.004188639827958941,0.004191161534513946,2.5217065550046105e-06,1,2.24556303644675,0.2213007196572652
Always Long Spread,2021,2021-01-20,2021-01-21,0.008997139209115523,0.008999600164854077,2.460955738553872e-06,1,2.24556303644675,0.2213007196572652
Always Long Spread,2021,2021-01-21,2021-01-22,-0.009207955481842807,-0.009205265849117933,2.6896327248749907e-06,1,2.24556303644675,0.2213007196572652
Always Long Spread,2021,2021-01-22,2021-01-25,0.007101869417207692,0.007103355821501678,1.4864042939855549e-06,1,2.24556303644675,0.2213007196572652
Always Long Spread,2021,2021-01-25,2021-01-26,0.00538931986745395,0.005391583309547135,2.2634420931846866e-06,1,2.24556303644675,0.2213007196572652
Always Long Spread,2021,2021-01-26,2021-01-27,0.00306842985248431,0.003071408797867309,2.978945382999143e-06,1,2.24556303644675,0.2213007196572652
Always Long Spread,2021,2021-01-27,2021-01-28,0.0042682418976044975,0.004271127143203692,2.8852455991948966e-06,1,2.24556303644675,0.2213007196572652
Always Long Spread,2021,2021-01-28,2021-01-29,0.00396794498029167,0.003970856466676198,2.9114863845275395e-06,1,2.24556303644675,0.2213007196572652
Always Long Spread,2021,2021-01-29,2021-02-01,-0.0024047732447602913,-0.002401308613226332,3.4646315339592616e-06,1,2.24556303644675,0.2213007196572652
Always Long Spread,2021,2021-02-01,2021-02-02,-0.00231221517215285,-0.002309367487738123,2.847684414726992e-06,1,2.24556303644675,0.2213007196572652
Always Long Spread,2021,2021-02-02,2021-02-03,-0.004131295290925438,-0.004128582753969712,2.7125369557267634e-06,1,2.24556303644675,0.2213007196572652
Always Long Spread,2021,2021-02-03,2021-02-04,0.00610581563421451,0.006108827040092611,3.0114058781015584e-06,1,2.24556303644675,0.2213007196572652
Always Long Spread,2021,2021-02-04,2021-02-05,0.0015111748689226514,0.001515340807678405,4.165938755753773e-06,1,2.24556303644675,0.2213007196572652
Always Long Spread,2021,2021-02-05,2021-02-08,0.0017923530657611023,0.001795946645161972,3.5935794008696843e-06,1,2.24556303644675,0.2213007196572652
Always Long Spread,2021,2021-02-08,2021-02-09,0.005423088379027079,0.005425639093312053,2.5507142849739982e-06,1,2.24556303644675,0.2213007196572652
Always Long Spread,2021,2021-02-09,2021-02-10,0.0022051490159292787,0.002208375915045128,3.226899115849391e-06,1,2.24556303644675,0.2213007196572652
Always Long Spread,2021,2021-02-10,2021-02-11,-0.00517652753233214,-0.005173662521938417,2.8650103937234995e-06,1,2.24556303644675,0.2213007196572652
Always Long Spread,2021,2021-02-11,2021-02-12,0.007170205961572157,0.007172973942695781,2.767981123624308e-06,1,2.24556303644675,0.06554053407848053
Always Long Spread,2021,2021-02-12,2021-02-16,0.006479160016746442,0.006482952382622621,3.7923658761794268e-06,1,2.24556303644675,0.06554053407848053
Always Long Spread,2021,2021-02-16,2021-02-17,-0.008365684874841343,-0.00836119305803415,4.491816807194127e-06,1,2.24556303644675,0.06554053407848053
Always Long Spread,2021,2021-02-17,2021-02-18,0.007254003322370439,0.007259087859062589,5.08453669215081e-06,1,2.24556303644675,0.06554053407848053
Always Long Spread,2021,2021-02-18,2021-02-19,0.005459186802790726,0.005465180142247039,5.993339456312974e-06,1,2.24556303644675,0.06554053407848053
Always Long Spread,2021,2021-02-19,2021-02-22,0.007623176744633885,0.007630170879643128,6.994135009242953e-06,1,2.24556303644675,0.06554053407848053
Always Long Spread,2021,2021-02-22,2021-02-23,0.007584737262152325,0.007591206881899987,6.469619747661027e-06,1,2.24556303644675,0.06554053407848053
Always Long Spread,2021,2021-02-23,2021-02-24,0.008086397051262512,0.008092754152491778,6.3571012292660266e-06,1,2.24556303644675,0.06554053407848053
Always Long Spread,2021,2021-02-24,2021-02-25,-0.001973828789779883,-0.001965667783451204,8.161006328678999e-06,1,2.24556303644675,0.06554053407848053
Always Long Spread,2021,2021-02-25,2021-02-26,0.0017774718269822564,0.001786804355588162,9.332528605905499e-06,1,2.24556303644675,0.06554053407848053
Always Long Spread,2021,2021-02-26,2021-03-01,-0.001219222619558272,-0.001209778466129562,9.444153428709968e-06,1,2.24556303644675,0.06554053407848053
Always Long Spread,2021,2021-03-01,2021-03-02,0.007029388732555585,0.007037363440123548,7.974707567963036e-06,1,2.24556303644675,0.06554053407848053
Always Long Spread,2021,2021-03-02,2021-03-03,0.0061300977679401725,0.006140803495754592,1.070572781441992e-05,1,2.24556303644675,0.06554053407848053
Always Long Spread,2021,2021-03-03,2021-03-04,0.009033029511022058,0.009043467329620369,1.04378185983105e-05,1,2.24556303644675,0.06554053407848053
Always Long Spread,2021,2021-03-04,2021-03-05,0.007913680312727503,0.007925614223918798,1.1933911191294056e-05,1,2.24556303644675,0.06554053407848053
Always Long Spread,2021,2021-03-05,2021-03-08,0.007360273347961529,0.00737199312237574,1.1719774414211015e-05,1,2.24556303644675,0.06554053407848053
Always Long Spread,2021,2021-03-08,2021-03-09,-0.00026618319066172726,-0.0002505899319830383,1.559325867868899e-05,1,2.24556303644675,0.06554053407848053
Always Long Spread,2021,2021-03-09,2021-03-10,0.007182772586372321,0.007198006849605473,1.5234263233152024e-05,1,2.24556303644675,0.06554053407848053
Always Long Spread,2021,2021-03-10,2021-03-11,0.02886380827688609,0.02887749647849938,1.3688201613291429e-05,1,2.24556303644675,0.06554053407848053
Always Long Spread,2021,2021-03-11,2021-03-12,0.01908671085594273,0.01909627970296108,9.568847018348037e-06,1,2.24556303644675,0.06554053407848053
Always Long Spread,2021,2021-03-12,2021-03-15,-0.034313857674186155,-0.03430743279259323,6.424881592923537e-06,1,2.24556303644675,0.06554053407848053
Always Long Spread,2021,2021-03-15,2021-03-16,0.0069634529330122544,0.006972683187118503,9.230254106249004e-06,1,2.24556303644675,0.009086435590331699
Always Long Spread,2021,2021-03-16,2021-03-17,0.00017596309783387122,0.0001829842697324592,7.021171898587975e-06,1,2.24556303644675,0.009086435590331699
Always Long Spread,2021,2021-03-17,2021-03-18,0.004840142046725882,0.004844072204268871,3.930157542988977e-06,1,2.24556303644675,0.009086435590331699
Always Long Spread,2021,2021-03-18,2021-03-19,-0.016348144438947977,-0.01634259402515496,5.550413793018016e-06,1,2.24556303644675,0.009086435590331699
Always Long Spread,2021,2021-03-19,2021-03-22,0.04026583647663756,0.04027229807355223,6.461596914668521e-06,1,2.24556303644675,0.009086435590331699
Always Long Spread,2021,2021-03-22,2021-03-23,-0.0037803938521804225,-0.003774382858792932,6.0109933874904486e-06,1,2.24556303644675,0.009086435590331699
Always Long Spread,2021,2021-03-23,2021-03-24,-0.001265782162679119,-0.001254210838970456,1.1571323708662983e-05,1,2.24556303644675,0.009086435590331699
Always Long Spread,2021,2021-03-24,2021-03-25,-0.025982015025396897,-0.02597458522868726,7.429796709634062e-06,1,2.24556303644675,0.009086435590331699
Always Long Spread,2021,2021-03-25,2021-03-26,-0.007605092181806209,-0.007600040541861848,5.051639944360975e-06,1,2.24556303644675,0.009086435590331699
Always Long Spread,2021,2021-03-26,2021-03-29,0.01618766045821447,0.01618926667843631,1.6062202218405374e-06,1,2.24556303644675,0.009086435590331699
Always Long Spread,2021,2021-03-29,2021-03-30,-0.019398102309720642,-0.01939410412084408,3.998188876561004e-06,1,2.24556303644675,0.009086435590331699
Always Long Spread,2021,2021-03-30,2021-03-31,-0.03975452976166346,-0.03975440431044541,1.2545121804607984e-07,1,2.24556303644675,0.009086435590331699
Always Long Spread,2021,2021-03-31,2021-04-01,0.02162561188929747,0.02162799496605843,2.3830767609595016e-06,1,2.24556303644675,0.009086435590331699
Always Long Spread,2021,2021-04-01,2021-04-05,0.021772022868273403,0.02177284106148239,8.181932089875721e-07,1,2.24556303644675,0.009086435590331699
Always Long Spread,2021,2021-04-05,2021-04-06,0.003873588258031449,0.003874258412419595,6.701543881459937e-07,1,2.24556303644675,0.009086435590331699
Always Long Spread,2021,2021-04-06,2021-04-07,-0.016840923543982915,-0.01683920996456761,1.7135794153045892e-06,1,2.24556303644675,0.009086435590331699
Always Long Spread,2021,2021-04-07,2021-04-08,0.01290868727302002,0.01290947281619958,7.855431795599222e-07,1,2.24556303644675,0.009086435590331699
Always Long Spread,2021,2021-04-08,2021-04-09,0.011731870501344586,0.01173201261729646,1.4211595187452187e-07,1,2.24556303644675,0.009086435590331699
Always Long Spread,2021,2021-04-09,2021-04-12,-0.01762660641057387,-0.01761728306977455,9.323340799319512e-06,1,2.24556303644675,0.009086435590331699
Always Long Spread,2021,2021-04-12,2021-04-13,0.030277364158604745,0.03028661805825924,9.25389965449408e-06,1,2.24556303644675,0.009086435590331699
Always Long Spread,2021,2021-04-13,2021-04-14,0.0032933882794219872,0.003309056884591089,1.5668605169101957e-05,1,2.24556303644675,0.009086435590331699
Always Long Spread,2021,2021-04-14,2021-04-15,-0.006922923932367067,-0.006909317903121753,1.3606029245314956e-05,1,2.24556303644675,0.1698765589975298
Always Long Spread,2021,2021-04-15,2021-04-16,0.009499191913653377,0.009512215549672976,1.3023636019598994e-05,1,2.24556303644675,0.1698765589975298
Always Long Spread,2021,2021-04-16,2021-04-19,-0.005898829205906135,-0.005884879070396497,1.3950135509639083e-05,1,2.24556303644675,0.1698765589975298
Always Long Spread,2021,2021-04-19,2021-04-20,0.005985484084964325,0.00599630488560113,1.0820800636805018e-05,1,2.24556303644675,0.1698765589975298
Always Long Spread,2021,2021-04-20,2021-04-21,0.011069596482454225,0.01107887766101507,9.281178560844428e-06,1,2.24556303644675,0.1698765589975298
Always Long Spread,2021,2021-04-21,2021-04-22,-0.005634370871714022,-0.005624338098978294,1.0032772735728002e-05,1,2.24556303644675,0.1698765589975298
Always Long Spread,2021,2021-04-22,2021-04-23,0.003041501559916313,0.003050734424553675,9.23286463736206e-06,1,2.24556303644675,0.1698765589975298
Always Long Spread,2021,2021-04-23,2021-04-26,0.0004096883963986712,0.0004205392765882637,1.085088018959246e-05,1,2.24556303644675,0.1698765589975298
Always Long Spread,2021,2021-04-26,2021-04-27,-0.0030263305847292956,-0.003018225999516608,8.104585212687531e-06,1,2.24556303644675,0.1698765589975298
Always Long Spread,2021,2021-04-27,2021-04-28,0.016869287116382723,0.01688152218548077,1.2235069098044505e-05,1,2.24556303644675,0.1698765589975298
Always Long Spread,2021,2021-04-28,2021-04-29,-0.013409729889859485,-0.01339573084708982,1.399904276966446e-05,1,2.24556303644675,0.1698765589975298
Always Long Spread,2021,2021-04-29,2021-04-30,0.009222101372523708,0.00923325313759649,1.1151765072782483e-05,1,2.24556303644675,0.1698765589975298
Always Long Spread,2021,2021-04-30,2021-05-03,0.01916743712597923,0.01917421710958732,6.779983608088513e-06,1,2.24556303644675,0.1698765589975298
Always Long Spread,2021,2021-05-03,2021-05-04,-0.008285246893900457,-0.008270697839308113,1.4549054592344013e-05,1,2.24556303644675,0.1698765589975298
Always Long Spread,2021,2021-05-04,2021-05-05,0.001137228184675305,0.00114745418505267,1.0226000377364986e-05,1,2.24556303644675,0.1698765589975298
Always Long Spread,2021,2021-05-05,2021-05-06,0.006278460644199907,0.006282992830837605,4.5321866376974996e-06,1,2.24556303644675,0.1698765589975298
Always Long Spread,2021,2021-05-06,2021-05-07,-0.026269366882352912,-0.02626650724558884,2.8596367640745246e-06,1,2.24556303644675,0.1698765589975298
Always Long Spread,2021,2021-05-07,2021-05-10,-0.005143405493327803,-0.005142574829143019,8.30664184784502e-07,1,2.24556303644675,0.1698765589975298
Always Long Spread,2021,2021-05-10,2021-05-11,-0.0013245785490204756,-0.001323873937079389,7.046119410865081e-07,1,2.24556303644675,0.1698765589975298
Always Long Spread,2021,2021-05-11,2021-05-12,0.010633972956678594,0.01063745680230953,3.4838456309345125e-06,1,2.24556303644675,0.1698765589975298
Always Long Spread,2021,2021-05-12,2021-05-13,0.03817889715169989,0.03818633407110841,7.436919408519538e-06,1,2.24556303644675,0.1698765589975298
Always Long Spread,2021,2021-05-13,2021-05-14,-0.005291332837642012,-0.005286081960640399,5.250877001614085e-06,1,2.24556303644675,0.02437181827962947
Always Long Spread,2021,2021-05-14,2021-05-17,0.011489786284977113,0.01149590118930442,6.114904327306436e-06,1,2.24556303644675,0.02437181827962947
Always Long Spread,2021,2021-05-17,2021-05-18,0.0018604915772507374,0.001872598362257215,1.210678500647755e-05,1,2.24556303644675,0.02437181827962947
Always Long Spread,2021,2021-05-18,2021-05-19,-0.004419146655010782,-0.00440436714790346,1.4779507107322455e-05,1,2.24556303644675,0.02437181827962947
Always Long Spread,2021,2021-05-19,2021-05-20,0.0017551141476106877,0.001774914247747579,1.9800100136891373e-05,1,2.24556303644675,0.02437181827962947
Always Long Spread,2021,2021-05-20,2021-05-21,0.0004500174474867725,0.000472734273999206,2.2716826512433507e-05,1,2.24556303644675,0.02437181827962947
Always Long Spread,2021,2021-05-21,2021-05-24,-0.00515425352900693,-0.005130969556782937,2.3283972223993478e-05,1,2.24556303644675,0.02437181827962947
Always Long Spread,2021,2021-05-24,2021-05-25,0.021667019904345546,0.02169332294143001,2.63030370844643e-05,1,2.24556303644675,0.02437181827962947
Always Long Spread,2021,2021-05-25,2021-05-26,-0.0007042414814722992,-0.0006650576412812366,3.918384019106258e-05,1,2.24556303644675,0.02437181827962947
Always Long Spread,2021,2021-05-26,2021-05-27,0.010998639268237647,0.01104148070881165,4.284144057400319e-05,1,2.24556303644675,0.02437181827962947
Always Long Spread,2021,2021-05-27,2021-05-28,-0.011987139495586122,-0.01195117563900487,3.596385658125245e-05,1,2.24556303644675,0.02437181827962947
Always Long Spread,2021,2021-05-28,2021-06-01,0.007512266696280963,0.007546424299179173,3.4157602898210405e-05,1,2.24556303644675,0.02437181827962947
Always Long Spread,2021,2021-06-01,2021-06-02,0.014210584439263181,0.01424661381370793,3.602937444474713e-05,1,2.24556303644675,0.02437181827962947
Always Long Spread,2021,2021-06-02,2021-06-03,-0.006441320159023916,-0.006393795551283706,4.752460774020948e-05,1,2.24556303644675,0.02437181827962947
Always Long Spread,2021,2021-06-03,2021-06-04,0.018992615746678553,0.01903844790907209,4.5832162393534686e-05,1,2.24556303644675,0.02437181827962947
Always Long Spread,2021,2021-06-04,2021-06-07,-0.01136396454246129,-0.01131267032132854,5.12942211327488e-05,1,2.24556303644675,0.02437181827962947
Always Long Spread,2021,2021-06-07,2021-06-08,0.012172899072508925,0.01222581908144167,5.2920008932744384e-05,1,2.24556303644675,0.02437181827962947
Always Long Spread,2021,2021-06-08,2021-06-09,-0.011773644379930785,-0.01171695385825216,5.6690521678624094e-05,1,2.24556303644675,0.02437181827962947
Always Long Spread,2021,2021-06-09,2021-06-10,-0.013945330351995536,-0.01389886033133855,4.647002065698572e-05,1,2.24556303644675,0.02437181827962947
Always Long Spread,2021,2021-06-10,2021-06-11,-0.022259727253871646,-0.02222247262208103,3.725463179061826e-05,1,2.24556303644675,0.02437181827962947
Always Long Spread,2021,2021-06-11,2021-06-14,-0.03140584447591927,-0.0313805260480725,2.5318427846768035e-05,1,2.24556303644675,0.02437181827962947
Always Long Spread,2021,2021-06-14,2021-06-15,-0.005647749702955271,-0.005638841971580522,8.907731374749207e-06,1,2.24556303644675,0.009818287051933768
Always Long Spread,2021,2021-06-15,2021-06-16,-0.00636524536948824,-0.006365011749937164,2.3361955107625844e-07,1,2.24556303644675,0.009818287051933768
Always Long Spread,2021,2021-06-16,2021-06-17,-0.0997473395228216,-0.09974470243073832,2.6370920832780588e-06,1,2.24556303644675,0.009818287051933768
Always Long Spread,2021,2021-06-17,2021-06-18,0.05610690588931378,0.05613942843478048,3.252254546670165e-05,1,2.24556303644675,0.009818287051933768
Always Long Spread,2021,2021-06-18,2021-06-21,0.013338397312608429,0.01334905201974516,1.0654707136731945e-05,1,2.24556303644675,0.009818287051933768
Always Long Spread,2021,2021-06-21,2021-06-22,-0.019836836899503194,-0.01982976880433642,7.0680951667735086e-06,1,2.24556303644675,0.009818287051933768
Always Long Spread,2021,2021-06-22,2021-06-23,-0.010992061838487601,-0.01097529418235094,1.676765613666119e-05,1,2.24556303644675,0.009818287051933768
Always Long Spread,2021,2021-06-23,2021-06-24,-0.012911999289586236,-0.01289110680308207,2.0892486504164454e-05,1,2.24556303644675,0.009818287051933768
Always Long Spread,2021,2021-06-24,2021-06-25,-0.030450976938548768,-0.0304278845348641,2.309240368466777e-05,1,2.24556303644675,0.009818287051933768
Always Long Spread,2021,2021-06-25,2021-06-28,0.02060109737604566,0.02062521322646175,2.4115850416090103e-05,1,2.24556303644675,0.009818287051933768
Always Long Spread,2021,2021-06-28,2021-06-29,0.002065118905206078,0.002081741358348255,1.662245314217714e-05,1,2.24556303644675,0.009818287051933768
Always Long Spread,2021,2021-06-29,2021-06-30,0.06142511384249875,0.06144081812618659,1.570428368784177e-05,1,2.24556303644675,0.009818287051933768
Always Long Spread,2021,2021-06-30,2021-07-01,-0.003000303652681925,-0.002996522352848892,3.7812998330329884e-06,1,2.24556303644675,0.009818287051933768
Always Long Spread,2021,2021-07-01,2021-07-02,0.0037157831850794056,0.003720244509159959,4.461324080553588e-06,1,2.24556303644675,0.009818287051933768
Always Long Spread,2021,2021-07-02,2021-07-06,-0.0581220950684723,-0.05811661090929277,5.484159179532902e-06,1,2.24556303644675,0.009818287051933768
Always Long Spread,2021,2021-07-06,2021-07-07,0.015981334229698614,0.0159933621400029,1.2027910304283352e-05,1,2.24556303644675,0.009818287051933768
Always Long Spread,2021,2021-07-07,2021-07-08,0.0032680687756818615,0.003277527484831969,9.458709150107443e-06,1,2.24556303644675,0.009818287051933768
Always Long Spread,2021,2021-07-08,2021-07-09,0.010798376260008196,0.01080521633459437,6.840074586174645e-06,1,2.24556303644675,0.009818287051933768
Always Long Spread,2021,2021-07-09,2021-07-12,0.01916556381199992,0.01917269990236123,7.136090361310105e-06,1,2.24556303644675,0.009818287051933768
Always Long Spread,2021,2021-07-12,2021-07-13,0.003744276213354409,0.00374952605005538,5.249836700970942e-06,1,2.24556303644675,0.009818287051933768
Always Long Spread,2021,2021-07-13,2021-07-14,0.015509868076107146,0.01551444994595026,4.581869843113803e-06,1,2.24556303644675,0.009818287051933768
Always Long Spread,2021,2021-07-14,2021-07-15,-0.01217049859916108,-0.01216771405307795,2.784546083130751e-06,1,2.24556303644675,0.1768115088980104
Always Long Spread,2021,2021-07-15,2021-07-16,0.0047628008257298874,0.00476576986245817,2.9690367282828037e-06,1,2.24556303644675,0.1768115088980104
Always Long Spread,2021,2021-07-16,2021-07-19,-0.01692567700988138,-0.01692226600040208,3.411009479302243e-06,1,2.24556303644675,0.1768115088980104
Always Long Spread,2021,2021-07-19,2021-07-20,0.007887332055867946,0.007892663109014642,5.331053146695699e-06,1,2.24556303644675,0.1768115088980104
Always Long Spread,2021,2021-07-20,2021-07-21,-0.0052203052185080655,-0.005215737879323955,4.567339184111313e-06,1,2.24556303644675,0.1768115088980104
Always Long Spread,2021,2021-07-21,2021-07-22,-0.012461811161947221,-0.01245732778451586,4.48337743136229e-06,1,2.24556303644675,0.1768115088980104
Always Long Spread,2021,2021-07-22,2021-07-23,-0.005093937976047314,-0.005088237986320372,5.699989726941648e-06,1,2.24556303644675,0.1768115088980104
Always Long Spread,2021,2021-07-23,2021-07-26,0.008345285991272874,0.008351892172945519,6.606181672644152e-06,1,2.24556303644675,0.1768115088980104
Always Long Spread,2021,2021-07-26,2021-07-27,0.00039615295077736085,0.0004017612270656745,5.60827628831366e-06,1,2.24556303644675,0.1768115088980104
Always Long Spread,2021,2021-07-27,2021-07-28,0.011541775360908538,0.01154821743543763,6.4420745290923875e-06,1,2.24556303644675,0.1768115088980104
Always Long Spread,2021,2021-07-28,2021-07-29,0.0012720407940844001,0.00127684355076587,4.8027566814699e-06,1,2.24556303644675,0.1768115088980104
Always Long Spread,2021,2021-07-29,2021-07-30,-0.010719870193985006,-0.01071525185588501,4.6183380999958165e-06,1,2.24556303644675,0.1768115088980104
Always Long Spread,2021,2021-07-30,2021-08-02,-0.0008397856049021569,-0.0008338862106109486,5.8993942912082265e-06,1,2.24556303644675,0.1768115088980104
Always Long Spread,2021,2021-08-02,2021-08-03,-0.011029587273858034,-0.01102384111840466,5.746155453374119e-06,1,2.24556303644675,0.1768115088980104
Always Long Spread,2021,2021-08-03,2021-08-04,0.003417634295727138,0.003423689677868541,6.055382141402749e-06,1,2.24556303644675,0.1768115088980104
Always Long Spread,2021,2021-08-04,2021-08-05,-0.004133299343322982,-0.00412671516029102,6.584183031962398e-06,1,2.24556303644675,0.1768115088980104
Always Long Spread,2021,2021-08-05,2021-08-06,0.012215688241395952,0.01222211793240089,6.429691004938038e-06,1,2.24556303644675,0.1768115088980104
Always Long Spread,2021,2021-08-06,2021-08-09,0.007286032072489058,0.007291216061297831,5.183988808773105e-06,1,2.24556303644675,0.1768115088980104
Always Long Spread,2021,2021-08-09,2021-08-10,0.008851441814922936,0.008857106266395565,5.664451472628868e-06,1,2.24556303644675,0.1768115088980104
Always Long Spread,2021,2021-08-10,2021-08-11,-0.024488215235654757,-0.02448380961143048,4.405624224275983e-06,1,2.24556303644675,0.1768115088980104
Always Long Spread,2021,2021-08-11,2021-08-12,-0.00285594979797886,-0.002850019741743814,5.930056235045944e-06,1,2.24556303644675,0.1768115088980104
Always Long Spread,2021,2021-08-12,2021-08-13,0.013178259535255157,0.01318397507459502,5.7155393398626576e-06,1,2.24556303644675,0.02909392269559627
Always Long Spread,2021,2021-08-13,2021-08-16,-0.035898865012291586,-0.0358943812043284,4.4838079631888404e-06,1,2.24556303644675,0.02909392269559627
Always Long Spread,2021,2021-08-16,2021-08-17,-0.005900384911845407,-0.005893748865819939,6.636046025468551e-06,1,2.24556303644675,0.02909392269559627
Always Long Spread,2021,2021-08-17,2021-08-18,-0.004948919431890097,-0.004941707557990374,7.211873899723803e-06,1,2.24556303644675,0.02909392269559627
Always Long Spread,2021,2021-08-18,2021-08-19,-0.018773014548095213,-0.0187653170928955,7.697455199712323e-06,1,2.24556303644675,0.02909392269559627
Always Long Spread,2021,2021-08-19,2021-08-20,-0.02470213445486063,-0.02469234614701004,9.788307850587985e-06,1,2.24556303644675,0.02909392269559627
Always Long Spread,2021,2021-08-20,2021-08-23,0.009362406812692924,0.009373536638765197,1.1129826072273446e-05,1,2.24556303644675,0.02909392269559627
Always Long Spread,2021,2021-08-23,2021-08-24,0.020822535379855962,0.02083330914629717,1.0773766441209254e-05,1,2.24556303644675,0.02909392269559627
Always Long Spread,2021,2021-08-24,2021-08-25,0.010492620552403494,0.01049988767300962,7.267120606125111e-06,1,2.24556303644675,0.02909392269559627
Always Long Spread,2021,2021-08-25,2021-08-26,0.009583441758798642,0.009589656248588941,6.21448979029876e-06,1,2.24556303644675,0.02909392269559627
Always Long Spread,2021,2021-08-26,2021-08-27,-0.002575777012879599,-0.002570926761545779,4.850251333819999e-06,1,2.24556303644675,0.02909392269559627
Always Long Spread,2021,2021-08-27,2021-08-30,-0.03061673946806964,-0.03061151904199346,5.220426076176454e-06,1,2.24556303644675,0.02909392269559627
Always Long Spread,2021,2021-08-30,2021-08-31,-0.0026685733018112037,-0.002660961385075386,7.611916735817626e-06,1,2.24556303644675,0.02909392269559627
Always Long Spread,2021,2021-08-31,2021-09-01,-0.011801660022099127,-0.01179540856613721,6.251455961916952e-06,1,2.24556303644675,0.02909392269559627
Always Long Spread,2021,2021-09-01,2021-09-02,0.011192435197814233,0.01119904679336243,6.6115955481976245e-06,1,2.24556303644675,0.02909392269559627
Always Long Spread,2021,2021-09-02,2021-09-03,-0.0024223437285892614,-0.002414719689302039,7.6240392872222175e-06,1,2.24556303644675,0.02909392269559627
Always Long Spread,2021,2021-09-03,2021-09-07,-0.004613054581677506,-0.004606136447445295,6.918134232210993e-06,1,2.24556303644675,0.02909392269559627
Always Long Spread,2021,2021-09-07,2021-09-08,0.0013799297884250737,0.001387425881158234,7.4960927331602645e-06,1,2.24556303644675,0.02909392269559627
Always Long Spread,2021,2021-09-08,2021-09-09,-0.007383809432698803,-0.007377179233973711,6.630198725091352e-06,1,2.24556303644675,0.02909392269559627
Always Long Spread,2021,2021-09-09,2021-09-10,0.0018720453152707417,0.001880321997803445,8.276682532703305e-06,1,2.24556303644675,0.02909392269559627
Always Long Spread,2021,2021-09-10,2021-09-13,-0.007461778310368737,-0.007456426327213676,5.351983155061802e-06,1,2.24556303644675,0.02909392269559627
Always Long Spread,2021,2021-09-13,2021-09-14,0.010122763138448248,0.01012837360496693,5.610466518682356e-06,1,2.24556303644675,0.03607069213233834
Always Long Spread,2021,2021-09-14,2021-09-15,0.024881991411562658,0.02488717290981336,5.181498250702299e-06,1,2.24556303644675,0.03607069213233834
Always Long Spread,2021,2021-09-15,2021-09-16,-0.007807869948874903,-0.007803254385790499,4.6155630844041955e-06,1,2.24556303644675,0.03607069213233834
Always Long Spread,2021,2021-09-16,2021-09-17,-0.005725159931863009,-0.005719838729711422,5.321202151586934e-06,1,2.24556303644675,0.03607069213233834
Always Long Spread,2021,2021-09-17,2021-09-20,-0.011733109937456236,-0.0117282167827825,4.893154673737077e-06,1,2.24556303644675,0.03607069213233834
Always Long Spread,2021,2021-09-20,2021-09-21,0.0051184583593033885,0.005125066538841204,6.608179537815118e-06,1,2.24556303644675,0.03607069213233834
Always Long Spread,2021,2021-09-21,2021-09-22,0.006835307321463276,0.006844653689965785,9.346368502509584e-06,1,2.24556303644675,0.03607069213233834
Always Long Spread,2021,2021-09-22,2021-09-23,0.004134347963034198,0.004141544990525143,7.19702749094453e-06,1,2.24556303644675,0.03607069213233834
Always Long Spread,2021,2021-09-23,2021-09-24,0.0017414341866653284,0.001747079179138729,5.644992473400556e-06,1,2.24556303644675,0.03607069213233834
Always Long Spread,2021,2021-09-24,2021-09-27,-0.0008888495626004686,-0.0008834876700426855,5.361892557783132e-06,1,2.24556303644675,0.03607069213233834
Always Long Spread,2021,2021-09-27,2021-09-28,-0.008195244674398966,-0.008188776505351658,6.468169047307626e-06,1,2.24556303644675,0.03607069213233834
Always Long Spread,2021,2021-09-28,2021-09-29,0.0033261478578271936,0.003332412348733981,6.264490906787102e-06,1,2.24556303644675,0.03607069213233834
Always Long Spread,2021,2021-09-29,2021-09-30,0.007849628094182406,0.007854834545905832,5.206451723426265e-06,1,2.24556303644675,0.03607069213233834
Always Long Spread,2021,2021-09-30,2021-10-01,-0.004498514357045947,-0.004492518774414424,5.995582631522778e-06,1,2.24556303644675,0.03607069213233834
Always Long Spread,2021,2021-10-01,2021-10-04,-0.0010451826513060956,-0.001040611390662054,4.571260644041675e-06,1,2.24556303644675,0.03607069213233834
Always Long Spread,2021,2021-10-04,2021-10-05,0.016947268108759555,0.01695202657181962,4.758463060067441e-06,1,2.24556303644675,0.03607069213233834
Always Long Spread,2021,2021-10-05,2021-10-06,-0.010608080346126307,-0.01060431337698099,3.766969145316268e-06,1,2.24556303644675,0.03607069213233834
Always Long Spread,2021,2021-10-06,2021-10-07,0.011871853954040192,0.01187606752932837,4.213575288176896e-06,1,2.24556303644675,0.03607069213233834
Always Long Spread,2021,2021-10-07,2021-10-08,0.0001919327361287889,0.0001956821512310841,3.7494151022952062e-06,1,2.24556303644675,0.03607069213233834
Always Long Spread,2021,2021-10-08,2021-10-11,-0.008288425298302805,-0.008284929437435662,3.4958608671417093e-06,1,2.24556303644675,0.03607069213233834
Always Long Spread,2021,2021-10-11,2021-10-12,-0.015317383498258782,-0.01531381668950768,3.5668087511024905e-06,1,2.24556303644675,0.03607069213233834
Always Long Spread,2021,2021-10-12,2021-10-13,-0.003962261123165466,-0.003956852669581235,5.408453584229977e-06,1,2.24556303644675,0.1816754174811539
Always Long Spread,2021,2021-10-13,2021-10-14,-0.0016326928733448665,-0.001627193183072839,5.499690272027402e-06,1,2.24556303644675,0.1816754174811539
Always Long Spread,2021,2021-10-14,2021-10-15,0.010950793987162404,0.01095626109397447,5.46710681206719e-06,1,2.24556303644675,0.1816754174811539
Always Long Spread,2021,2021-10-15,2021-10-18,-0.0007827983379670897,-0.0007777744835121975,5.0238544548921735e-06,1,2.24556303644675,0.1816754174811539
Always Long Spread,2021,2021-10-18,2021-10-19,-0.008602629129669807,-0.008598944040402375,3.6850892674312742e-06,1,2.24556303644675,0.1816754174811539
Always Long Spread,2021,2021-10-19,2021-10-20,-0.002936540467593273,-0.002931010369549791,5.530098043482257e-06,1,2.24556303644675,0.1816754174811539
Always Long Spread,2021,2021-10-20,2021-10-21,-0.0043539662038536925,-0.004349012750274788,4.953453578904421e-06,1,2.24556303644675,0.1816754174811539
Always Long Spread,2021,2021-10-21,2021-10-22,-0.013054235152592263,-0.0130505590774971,3.6760750951626564e-06,1,2.24556303644675,0.1816754174811539
Always Long Spread,2021,2021-10-22,2021-10-25,0.014228044692321756,0.01423336151773886,5.316825417105098e-06,1,2.24556303644675,0.1816754174811539
Always Long Spread,2021,2021-10-25,2021-10-26,0.0015147575970551736,0.001519395481912824,4.637884857650487e-06,1,2.24556303644675,0.1816754174811539
Always Long Spread,2021,2021-10-26,2021-10-27,-0.01120831880117127,-0.01120408396436478,4.234836806488395e-06,1,2.24556303644675,0.1816754174811539
Always Long Spread,2021,2021-10-27,2021-10-28,-0.004457405648308269,-0.004448046152992102,9.359495316166978e-06,1,2.24556303644675,0.1816754174811539
Always Long Spread,2021,2021-10-28,2021-10-29,-0.0037551033817108336,-0.003743284479457629,1.1818902253204477e-05,1,2.24556303644675,0.1816754174811539
Always Long Spread,2021,2021-10-29,2021-11-01,0.012174835702845365,0.01218943339298342,1.4597690138054009e-05,1,2.24556303644675,0.1816754174811539
Always Long Spread,2021,2021-11-01,2021-11-02,-0.021050145187898422,-0.0210352719913956,1.487319650282304e-05,1,2.24556303644675,0.1816754174811539
Always Long Spread,2021,2021-11-02,2021-11-03,-0.021997858494922327,-0.02199072537178098,7.1331231413469535e-06,1,2.24556303644675,0.1816754174811539
Always Long Spread,2021,2021-11-03,2021-11-04,-0.0014185143602506506,-0.001409285992984649,9.228367266001515e-06,1,2.24556303644675,0.1816754174811539
Always Long Spread,2021,2021-11-04,2021-11-05,-0.003459247552567338,-0.003451151271028038,8.096281539299978e-06,1,2.24556303644675,0.1816754174811539
Always Long Spread,2021,2021-11-05,2021-11-08,-0.008858618010488113,-0.008849919160960583,8.698849527530084e-06,1,2.24556303644675,0.1816754174811539
Always Long Spread,2021,2021-11-08,2021-11-09,-0.019720901732825424,-0.0197113728421212,9.528890704223469e-06,1,2.24556303644675,0.1816754174811539
Always Long Spread,2021,2021-11-09,2021-11-10,0.003673831071238393,0.003681285085677191,7.454014438798007e-06,1,2.24556303644675,0.1816754174811539
Always Long Spread,2021,2021-11-10,2021-11-11,-0.00022473234082872508,-0.0002174690936507361,7.263247177988985e-06,1,2.24556303644675,0.1041833760235778
Always Long Spread,2021,2021-11-11,2021-11-12,-0.04385036610097397,-0.04384213273648648,8.233364487485018e-06,1,2.24556303644675,0.1041833760235778
Always Long Spread,2021,2021-11-12,2021-11-15,-0.01344680290119511,-0.01344193071209226,4.872189102851588e-06,1,2.24556303644675,0.1041833760235778
Always Long Spread,2021,2021-11-15,2021-11-16,0.008905440607282829,0.008916175621529921,1.0735014247092445e-05,1,2.24556303644675,0.1041833760235778
Always Long Spread,2021,2021-11-16,2021-11-17,-0.0026816241837588563,-0.002672657588165227,8.966595593629002e-06,1,2.24556303644675,0.1041833760235778
Always Long Spread,2021,2021-11-17,2021-11-18,0.004223875709666967,0.00423385473230329,9.979022636322999e-06,1,2.24556303644675,0.1041833760235778
Always Long Spread,2021,2021-11-18,2021-11-19,-0.005929821668552053,-0.005921061778162375,8.75989038967795e-06,1,2.24556303644675,0.1041833760235778
Always Long Spread,2021,2021-11-19,2021-11-22,0.014094071997280695,0.01410880963343962,1.4737636158925539e-05,1,2.24556303644675,0.1041833760235778
Always Long Spread,2021,2021-11-22,2021-11-23,0.022319362640927747,0.02233259730651849,1.3234665590744487e-05,1,2.24556303644675,0.1041833760235778
Always Long Spread,2021,2021-11-23,2021-11-24,0.008549377679489453,0.008561323780697782,1.1946101208328507e-05,1,2.24556303644675,0.1041833760235778
Always Long Spread,2021,2021-11-24,2021-11-26,-0.006818301927533727,-0.006806905105256065,1.1396822277661035e-05,1,2.24556303644675,0.1041833760235778
Always Long Spread,2021,2021-11-26,2021-11-29,0.015595935339792347,0.01560980327304063,1.386793324828295e-05,1,2.24556303644675,0.1041833760235778
Always Long Spread,2021,2021-11-29,2021-11-30,-0.022889807492722593,-0.02287899278073415,1.0814711988441916e-05,1,2.24556303644675,0.1041833760235778
Always Long Spread,2021,2021-11-30,2021-12-01,-0.012325124137984648,-0.01231400749772841,1.1116640256236542e-05,1,2.24556303644675,0.1041833760235778
Always Long Spread,2021,2021-12-01,2021-12-02,0.008931145325266052,0.008942814567237271,1.1669241971218935e-05,1,2.24556303644675,0.1041833760235778
Always Long Spread,2021,2021-12-02,2021-12-03,-0.006592443894575959,-0.006581798959947871,1.0644934628088188e-05,1,2.24556303644675,0.1041833760235778
Always Long Spread,2021,2021-12-03,2021-12-06,0.015245215644021511,0.01526062147991275,1.5405835891239007e-05,1,2.24556303644675,0.1041833760235778
Always Long Spread,2021,2021-12-06,2021-12-07,-0.00699773059473586,-0.006989518169318504,8.212425417356396e-06,1,2.24556303644675,0.1041833760235778
Always Long Spread,2021,2021-12-07,2021-12-08,-0.0076719957071705,-0.007668706987968472,3.2887192020283895e-06,1,2.24556303644675,0.1041833760235778
Always Long Spread,2021,2021-12-08,2021-12-09,-0.004736840906133642,-0.004728409899066464,8.43100706717792e-06,1,2.24556303644675,0.1041833760235778
Always Long Spread,2021,2021-12-09,2021-12-10,-0.01781007958001732,-0.01779749058903379,1.2588990983527836e-05,1,2.24556303644675,0.1041833760235778
Always Long Spread,2021,2021-12-10,2021-12-13,-0.031701890792151556,-0.03168294127491988,1.8949517231677537e-05,1,2.24556303644675,0.07061694274593171
Always Long Spread,2021,2021-12-13,2021-12-14,-0.02646184834286543,-0.02643626357109623,2.558477176919971e-05,1,2.24556303644675,0.07061694274593171
Always Long Spread,2021,2021-12-14,2021-12-15,0.05814359299281233,0.05818151841840641,3.792542559407713e-05,1,2.24556303644675,0.07061694274593171
Always Long Spread,2021,2021-12-15,2021-12-16,0.011431256405999783,0.01144002940954944,8.773003549656766e-06,1,2.24556303644675,0.07061694274593171
Always Long Spread,2021,2021-12-16,2021-12-17,-0.005974890377753611,-0.00596714425719439,7.746120559220527e-06,1,2.24556303644675,0.07061694274593171
Always Long Spread,2021,2021-12-17,2021-12-20,-0.005401177522476383,-0.005391650555920375,9.52696655600771e-06,1,2.24556303644675,0.07061694274593171
Always Long Spread,2021,2021-12-20,2021-12-21,0.0004850436736368474,0.0005039412695873359,1.8897595950488457e-05,1,2.24556303644675,0.07061694274593171
Always Long Spread,2021,2021-12-21,2021-12-22,0.003779364652940664,0.00379942346447045,2.0058811529786e-05,1,2.24556303644675,0.07061694274593171
Always Long Spread,2021,2021-12-22,2021-12-23,-0.0016573624551366765,-0.001637120677719294,2.0241777417382366e-05,1,2.24556303644675,0.07061694274593171
Always Long Spread,2021,2021-12-23,2021-12-27,0.012526186684534351,0.01253792954020286,1.1742855668508301e-05,1,2.24556303644675,0.07061694274593171
Always Long Spread,2021,2021-12-27,2021-12-28,-0.003611053749537274,-0.003601922498954639,9.131250582635392e-06,1,2.24556303644675,0.07061694274593171
Always Long Spread,2021,2021-12-28,2021-12-29,-0.001501724153599458,-0.001493559656667386,8.164496932071969e-06,1,2.24556303644675,0.07061694274593171
Always Long Spread,2021,2021-12-29,2021-12-30,-0.019566712825996115,-0.01956011052845066,6.602297545453579e-06,1,2.24556303644675,0.07061694274593171
Always Long Spread,2021,2021-12-30,2021-12-31,0.0019248831201993223,0.002639267049987511,0.0007143839297881885,1,2.24556303644675,0.07061694274593171
Always Short Spread,2021,2021-01-04,2021-01-05,-0.010536425487263197,-0.009628831358972257,0.0009075941282909405,-1,2.24556303644675,0.09203930326560843
Always Short Spread,2021,2021-01-05,2021-01-06,0.00354614156540965,0.003549594561873018,3.4529964633678857e-06,-1,2.24556303644675,0.09203930326560843
Always Short Spread,2021,2021-01-06,2021-01-07,-0.0064854078593408184,-0.00648210802001729,3.2998393235279533e-06,-1,2.24556303644675,0.09203930326560843
Always Short Spread,2021,2021-01-07,2021-01-08,0.0017242349912868068,0.001727732709607509,3.4977183207022254e-06,-1,2.24556303644675,0.09203930326560843
Always Short Spread,2021,2021-01-08,2021-01-11,0.014071732479506518,0.01407548874270392,3.7562631974018546e-06,-1,2.24556303644675,0.09203930326560843
Always Short Spread,2021,2021-01-11,2021-01-12,0.0017257697537538443,0.001728770396038457,3.000642284612609e-06,-1,2.24556303644675,0.09203930326560843
Always Short Spread,2021,2021-01-12,2021-01-13,-0.008369797386017078,-0.008366541699404605,3.2556866124724417e-06,-1,2.24556303644675,0.2213007196572652
Always Short Spread,2021,2021-01-13,2021-01-14,-0.01326369501825865,-0.01326030081131257,3.394206946080669e-06,-1,2.24556303644675,0.2213007196572652
Always Short Spread,2021,2021-01-14,2021-01-15,0.010652295500914394,0.01065614960971167,3.854108797276657e-06,-1,2.24556303644675,0.2213007196572652
Always Short Spread,2021,2021-01-15,2021-01-19,-0.0022349868919925384,-0.002232047336521104,2.939555471434319e-06,-1,2.24556303644675,0.2213007196572652
Always Short Spread,2021,2021-01-19,2021-01-20,-0.0041936832410689505,-0.004191161534513946,2.5217065550046105e-06,-1,2.24556303644675,0.2213007196572652
Always Short Spread,2021,2021-01-20,2021-01-21,-0.00900206112059263,-0.008999600164854077,2.460955738553872e-06,-1,2.24556303644675,0.2213007196572652
Always Short Spread,2021,2021-01-21,2021-01-22,0.009202576216393058,0.009205265849117933,2.6896327248749907e-06,-1,2.24556303644675,0.2213007196572652
Always Short Spread,2021,2021-01-22,2021-01-25,-0.0071048422257956635,-0.007103355821501678,1.4864042939855549e-06,-1,2.24556303644675,0.2213007196572652
Always Short Spread,2021,2021-01-25,2021-01-26,-0.005393846751640319,-0.005391583309547135,2.2634420931846866e-06,-1,2.24556303644675,0.2213007196572652
Always Short Spread,2021,2021-01-26,2021-01-27,-0.003074387743250308,-0.003071408797867309,2.978945382999143e-06,-1,2.24556303644675,0.2213007196572652
Always Short Spread,2021,2021-01-27,2021-01-28,-0.004274012388802887,-0.004271127143203692,2.8852455991948966e-06,-1,2.24556303644675,0.2213007196572652
Always Short Spread,2021,2021-01-28,2021-01-29,-0.003973767953060725,-0.003970856466676198,2.9114863845275395e-06,-1,2.24556303644675,0.2213007196572652
Always Short Spread,2021,2021-01-29,2021-02-01,0.002397843981692373,0.002401308613226332,3.4646315339592616e-06,-1,2.24556303644675,0.2213007196572652
Always Short Spread,2021,2021-02-01,2021-02-02,0.002306519803323396,0.002309367487738123,2.847684414726992e-06,-1,2.24556303644675,0.2213007196572652
Always Short Spread,2021,2021-02-02,2021-02-03,0.004125870217013985,0.004128582753969712,2.7125369557267634e-06,-1,2.24556303644675,0.2213007196572652
Always Short Spread,2021,2021-02-03,2021-02-04,-0.006111838445970713,-0.006108827040092611,3.0114058781015584e-06,-1,2.24556303644675,0.2213007196572652
Always Short Spread,2021,2021-02-04,2021-02-05,-0.0015195067464341587,-0.001515340807678405,4.165938755753773e-06,-1,2.24556303644675,0.2213007196572652
Always Short Spread,2021,2021-02-05,2021-02-08,-0.0017995402245628415,-0.001795946645161972,3.5935794008696843e-06,-1,2.24556303644675,0.2213007196572652
Always Short Spread,2021,2021-02-08,2021-02-09,-0.0054281898075970265,-0.005425639093312053,2.5507142849739982e-06,-1,2.24556303644675,0.2213007196572652
Always Short Spread,2021,2021-02-09,2021-02-10,-0.0022116028141609774,-0.002208375915045128,3.226899115849391e-06,-1,2.24556303644675,0.2213007196572652
Always Short Spread,2021,2021-02-10,2021-02-11,0.005170797511544693,0.005173662521938417,2.8650103937234995e-06,-1,2.24556303644675,0.2213007196572652
Always Short Spread,2021,2021-02-11,2021-02-12,-0.007175741923819405,-0.007172973942695781,2.767981123624308e-06,-1,2.24556303644675,0.06554053407848053
Always Short Spread,2021,2021-02-12,2021-02-16,-0.0064867447484988,-0.006482952382622621,3.7923658761794268e-06,-1,2.24556303644675,0.06554053407848053
Always Short Spread,2021,2021-02-16,2021-02-17,0.008356701241226956,0.00836119305803415,4.491816807194127e-06,-1,2.24556303644675,0.06554053407848053
Always Short Spread,2021,2021-02-17,2021-02-18,-0.00726417239575474,-0.007259087859062589,5.08453669215081e-06,-1,2.24556303644675,0.06554053407848053
Always Short Spread,2021,2021-02-18,2021-02-19,-0.005471173481703352,-0.005465180142247039,5.993339456312974e-06,-1,2.24556303644675,0.06554053407848053
Always Short Spread,2021,2021-02-19,2021-02-22,-0.007637165014652371,-0.007630170879643128,6.994135009242953e-06,-1,2.24556303644675,0.06554053407848053
Always Short Spread,2021,2021-02-22,2021-02-23,-0.007597676501647648,-0.007591206881899987,6.469619747661027e-06,-1,2.24556303644675,0.06554053407848053
Always Short Spread,2021,2021-02-23,2021-02-24,-0.008099111253721045,-0.008092754152491778,6.3571012292660266e-06,-1,2.24556303644675,0.06554053407848053
Always Short Spread,2021,2021-02-24,2021-02-25,0.001957506777122525,0.001965667783451204,8.161006328678999e-06,-1,2.24556303644675,0.06554053407848053
Always Short Spread,2021,2021-02-25,2021-02-26,-0.0017961368841940674,-0.001786804355588162,9.332528605905499e-06,-1,2.24556303644675,0.06554053407848053
Always Short Spread,2021,2021-02-26,2021-03-01,0.001200334312700852,0.001209778466129562,9.444153428709968e-06,-1,2.24556303644675,0.06554053407848053
Always Short Spread,2021,2021-03-01,2021-03-02,-0.007045338147691512,-0.007037363440123548,7.974707567963036e-06,-1,2.24556303644675,0.06554053407848053
Always Short Spread,2021,2021-03-02,2021-03-03,-0.006151509223569012,-0.006140803495754592,1.070572781441992e-05,-1,2.24556303644675,0.06554053407848053
Always Short Spread,2021,2021-03-03,2021-03-04,-0.00905390514821868,-0.009043467329620369,1.04378185983105e-05,-1,2.24556303644675,0.06554053407848053
Always Short Spread,2021,2021-03-04,2021-03-05,-0.007937548135110092,-0.007925614223918798,1.1933911191294056e-05,-1,2.24556303644675,0.06554053407848053
Always Short Spread,2021,2021-03-05,2021-03-08,-0.007383712896789951,-0.00737199312237574,1.1719774414211015e-05,-1,2.24556303644675,0.06554053407848053
Always Short Spread,2021,2021-03-08,2021-03-09,0.0002349966733043493,0.0002505899319830383,1.559325867868899e-05,-1,2.24556303644675,0.06554053407848053
Always Short Spread,2021,2021-03-09,2021-03-10,-0.007213241112838624,-0.007198006849605473,1.5234263233152024e-05,-1,2.24556303644675,0.06554053407848053
Always Short Spread,2021,2021-03-10,2021-03-11,-0.02889118468011267,-0.02887749647849938,1.3688201613291429e-05,-1,2.24556303644675,0.06554053407848053
Always Short Spread,2021,2021-03-11,2021-03-12,-0.019105848549979428,-0.01909627970296108,9.568847018348037e-06,-1,2.24556303644675,0.06554053407848053
Always Short Spread,2021,2021-03-12,2021-03-15,0.03430100791100031,0.03430743279259323,6.424881592923537e-06,-1,2.24556303644675,0.06554053407848053
Always Short Spread,2021,2021-03-15,2021-03-16,-0.006981913441224752,-0.006972683187118503,9.230254106249004e-06,-1,2.24556303644675,0.009086435590331699
Always Short Spread,2021,2021-03-16,2021-03-17,-0.0001900054416310472,-0.0001829842697324592,7.021171898587975e-06,-1,2.24556303644675,0.009086435590331699
Always Short Spread,2021,2021-03-17,2021-03-18,-0.0048480023618118605,-0.004844072204268871,3.930157542988977e-06,-1,2.24556303644675,0.009086435590331699
Always Short Spread,2021,2021-03-18,2021-03-19,0.016337043611361943,0.01634259402515496,5.550413793018016e-06,-1,2.24556303644675,0.009086435590331699
Always Short Spread,2021,2021-03-19,2021-03-22,-0.0402787596704669,-0.04027229807355223,6.461596914668521e-06,-1,2.24556303644675,0.009086435590331699
Always Short Spread,2021,2021-03-22,2021-03-23,0.0037683718654054413,0.003774382858792932,6.0109933874904486e-06,-1,2.24556303644675,0.009086435590331699
Always Short Spread,2021,2021-03-23,2021-03-24,0.0012426395152617931,0.001254210838970456,1.1571323708662983e-05,-1,2.24556303644675,0.009086435590331699
Always Short Spread,2021,2021-03-24,2021-03-25,0.025967155431977626,0.02597458522868726,7.429796709634062e-06,-1,2.24556303644675,0.009086435590331699
Always Short Spread,2021,2021-03-25,2021-03-26,0.0075949889019174864,0.007600040541861848,5.051639944360975e-06,-1,2.24556303644675,0.009086435590331699
Always Short Spread,2021,2021-03-26,2021-03-29,-0.016190872898658153,-0.01618926667843631,1.6062202218405374e-06,-1,2.24556303644675,0.009086435590331699
Always Short Spread,2021,2021-03-29,2021-03-30,0.01939010593196752,0.01939410412084408,3.998188876561004e-06,-1,2.24556303644675,0.009086435590331699
Always Short Spread,2021,2021-03-30,2021-03-31,0.03975427885922737,0.03975440431044541,1.2545121804607984e-07,-1,2.24556303644675,0.009086435590331699
Always Short Spread,2021,2021-03-31,2021-04-01,-0.02163037804281939,-0.02162799496605843,2.3830767609595016e-06,-1,2.24556303644675,0.009086435590331699
Always Short Spread,2021,2021-04-01,2021-04-05,-0.021773659254691376,-0.02177284106148239,8.181932089875721e-07,-1,2.24556303644675,0.009086435590331699
Always Short Spread,2021,2021-04-05,2021-04-06,-0.0038749285668077406,-0.003874258412419595,6.701543881459937e-07,-1,2.24556303644675,0.009086435590331699
Always Short Spread,2021,2021-04-06,2021-04-07,0.016837496385152306,0.01683920996456761,1.7135794153045892e-06,-1,2.24556303644675,0.009086435590331699
Always Short Spread,2021,2021-04-07,2021-04-08,-0.01291025835937914,-0.01290947281619958,7.855431795599222e-07,-1,2.24556303644675,0.009086435590331699
Always Short Spread,2021,2021-04-08,2021-04-09,-0.011732154733248335,-0.01173201261729646,1.4211595187452187e-07,-1,2.24556303644675,0.009086435590331699
Always Short Spread,2021,2021-04-09,2021-04-12,0.017607959728975234,0.01761728306977455,9.323340799319512e-06,-1,2.24556303644675,0.009086435590331699
Always Short Spread,2021,2021-04-12,2021-04-13,-0.030295871957913733,-0.03028661805825924,9.25389965449408e-06,-1,2.24556303644675,0.009086435590331699
Always Short Spread,2021,2021-04-13,2021-04-14,-0.003324725489760191,-0.003309056884591089,1.5668605169101957e-05,-1,2.24556303644675,0.009086435590331699
Always Short Spread,2021,2021-04-14,2021-04-15,0.006895711873876438,0.006909317903121753,1.3606029245314956e-05,-1,2.24556303644675,0.1698765589975298
Always Short Spread,2021,2021-04-15,2021-04-16,-0.009525239185692575,-0.009512215549672976,1.3023636019598994e-05,-1,2.24556303644675,0.1698765589975298
Always Short Spread,2021,2021-04-16,2021-04-19,0.005870928934886858,0.005884879070396497,1.3950135509639083e-05,-1,2.24556303644675,0.1698765589975298
Always Short Spread,2021,2021-04-19,2021-04-20,-0.006007125686237935,-0.00599630488560113,1.0820800636805018e-05,-1,2.24556303644675,0.1698765589975298
Always Short Spread,2021,2021-04-20,2021-04-21,-0.011088158839575915,-0.01107887766101507,9.281178560844428e-06,-1,2.24556303644675,0.1698765589975298
Always Short Spread,2021,2021-04-21,2021-04-22,0.005614305326242566,0.005624338098978294,1.0032772735728002e-05,-1,2.24556303644675,0.1698765589975298
Always Short Spread,2021,2021-04-22,2021-04-23,-0.0030599672891910372,-0.003050734424553675,9.23286463736206e-06,-1,2.24556303644675,0.1698765589975298
Always Short Spread,2021,2021-04-23,2021-04-26,-0.00043139015677785613,-0.0004205392765882637,1.085088018959246e-05,-1,2.24556303644675,0.1698765589975298
Always Short Spread,2021,2021-04-26,2021-04-27,0.0030101214143039207,0.003018225999516608,8.104585212687531e-06,-1,2.24556303644675,0.1698765589975298
Always Short Spread,2021,2021-04-27,2021-04-28,-0.016893757254578815,-0.01688152218548077,1.2235069098044505e-05,-1,2.24556303644675,0.1698765589975298
Always Short Spread,2021,2021-04-28,2021-04-29,0.013381731804320155,0.01339573084708982,1.399904276966446e-05,-1,2.24556303644675,0.1698765589975298
Always Short Spread,2021,2021-04-29,2021-04-30,-0.009244404902669272,-0.00923325313759649,1.1151765072782483e-05,-1,2.24556303644675,0.1698765589975298
Always Short Spread,2021,2021-04-30,2021-05-03,-0.019180997093195408,-0.01917421710958732,6.779983608088513e-06,-1,2.24556303644675,0.1698765589975298
Always Short Spread,2021,2021-05-03,2021-05-04,0.00825614878471577,0.008270697839308113,1.4549054592344013e-05,-1,2.24556303644675,0.1698765589975298
Always Short Spread,2021,2021-05-04,2021-05-05,-0.001157680185430035,-0.00114745418505267,1.0226000377364986e-05,-1,2.24556303644675,0.1698765589975298
Always Short Spread,2021,2021-05-05,2021-05-06,-0.006287525017475302,-0.006282992830837605,4.5321866376974996e-06,-1,2.24556303644675,0.1698765589975298
Always Short Spread,2021,2021-05-06,2021-05-07,0.026263647608824766,0.02626650724558884,2.8596367640745246e-06,-1,2.24556303644675,0.1698765589975298
Always Short Spread,2021,2021-05-07,2021-05-10,0.005141744164958234,0.005142574829143019,8.30664184784502e-07,-1,2.24556303644675,0.1698765589975298
Always Short Spread,2021,2021-05-10,2021-05-11,0.0013231693251383025,0.001323873937079389,7.046119410865081e-07,-1,2.24556303644675,0.1698765589975298
Always Short Spread,2021,2021-05-11,2021-05-12,-0.010640940647940465,-0.01063745680230953,3.4838456309345125e-06,-1,2.24556303644675,0.1698765589975298
Always Short Spread,2021,2021-05-12,2021-05-13,-0.038193770990516934,-0.03818633407110841,7.436919408519538e-06,-1,2.24556303644675,0.1698765589975298
Always Short Spread,2021,2021-05-13,2021-05-14,0.005280831083638785,0.005286081960640399,5.250877001614085e-06,-1,2.24556303644675,0.02437181827962947
Always Short Spread,2021,2021-05-14,2021-05-17,-0.011502016093631728,-0.01149590118930442,6.114904327306436e-06,-1,2.24556303644675,0.02437181827962947
Always Short Spread,2021,2021-05-17,2021-05-18,-0.0018847051472636925,-0.001872598362257215,1.210678500647755e-05,-1,2.24556303644675,0.02437181827962947
Always Short Spread,2021,2021-05-18,2021-05-19,0.004389587640796137,0.00440436714790346,1.4779507107322455e-05,-1,2.24556303644675,0.02437181827962947
Always Short Spread,2021,2021-05-19,2021-05-20,-0.0017947143478844704,-0.001774914247747579,1.9800100136891373e-05,-1,2.24556303644675,0.02437181827962947
Always Short Spread,2021,2021-05-20,2021-05-21,-0.0004954511005116395,-0.000472734273999206,2.2716826512433507e-05,-1,2.24556303644675,0.02437181827962947
Always Short Spread,2021,2021-05-21,2021-05-24,0.005107685584558943,0.005130969556782937,2.3283972223993478e-05,-1,2.24556303644675,0.02437181827962947
Always Short Spread,2021,2021-05-24,2021-05-25,-0.021719625978514477,-0.02169332294143001,2.63030370844643e-05,-1,2.24556303644675,0.02437181827962947
Always Short Spread,2021,2021-05-25,2021-05-26,0.000625873801090174,0.0006650576412812366,3.918384019106258e-05,-1,2.24556303644675,0.02437181827962947
Always Short Spread,2021,2021-05-26,2021-05-27,-0.011084322149385652,-0.01104148070881165,4.284144057400319e-05,-1,2.24556303644675,0.02437181827962947
Always Short Spread,2021,2021-05-27,2021-05-28,0.011915211782423617,0.01195117563900487,3.596385658125245e-05,-1,2.24556303644675,0.02437181827962947
Always Short Spread,2021,2021-05-28,2021-06-01,-0.007580581902077384,-0.007546424299179173,3.4157602898210405e-05,-1,2.24556303644675,0.02437181827962947
Always Short Spread,2021,2021-06-01,2021-06-02,-0.014282643188152677,-0.01424661381370793,3.602937444474713e-05,-1,2.24556303644675,0.02437181827962947
Always Short Spread,2021,2021-06-02,2021-06-03,0.006346270943543496,0.006393795551283706,4.752460774020948e-05,-1,2.24556303644675,0.02437181827962947
Always Short Spread,2021,2021-06-03,2021-06-04,-0.019084280071465624,-0.01903844790907209,4.5832162393534686e-05,-1,2.24556303644675,0.02437181827962947
Always Short Spread,2021,2021-06-04,2021-06-07,0.011261376100195791,0.01131267032132854,5.12942211327488e-05,-1,2.24556303644675,0.02437181827962947
Always Short Spread,2021,2021-06-07,2021-06-08,-0.012278739090374415,-0.01222581908144167,5.2920008932744384e-05,-1,2.24556303644675,0.02437181827962947
Always Short Spread,2021,2021-06-08,2021-06-09,0.011660263336573537,0.01171695385825216,5.6690521678624094e-05,-1,2.24556303644675,0.02437181827962947
Always Short Spread,2021,2021-06-09,2021-06-10,0.013852390310681563,0.01389886033133855,4.647002065698572e-05,-1,2.24556303644675,0.02437181827962947
Always Short Spread,2021,2021-06-10,2021-06-11,0.022185217990290412,0.02222247262208103,3.725463179061826e-05,-1,2.24556303644675,0.02437181827962947
Always Short Spread,2021,2021-06-11,2021-06-14,0.031355207620225735,0.0313805260480725,2.5318427846768035e-05,-1,2.24556303644675,0.02437181827962947
Always Short Spread,2021,2021-06-14,2021-06-15,0.005629934240205773,0.005638841971580522,8.907731374749207e-06,-1,2.24556303644675,0.009818287051933768
Always Short Spread,2021,2021-06-15,2021-06-16,0.006364778130386088,0.006365011749937164,2.3361955107625844e-07,-1,2.24556303644675,0.009818287051933768
Always Short Spread,2021,2021-06-16,2021-06-17,0.09974206533865505,0.09974470243073832,2.6370920832780588e-06,-1,2.24556303644675,0.009818287051933768
Always Short Spread,2021,2021-06-17,2021-06-18,-0.05617195098024718,-0.05613942843478048,3.252254546670165e-05,-1,2.24556303644675,0.009818287051933768
Always Short Spread,2021,2021-06-18,2021-06-21,-0.013359706726881892,-0.01334905201974516,1.0654707136731945e-05,-1,2.24556303644675,0.009818287051933768
Always Short Spread,2021,2021-06-21,2021-06-22,0.01982270070916965,0.01982976880433642,7.0680951667735086e-06,-1,2.24556303644675,0.009818287051933768
Always Short Spread,2021,2021-06-22,2021-06-23,0.010958526526214278,0.01097529418235094,1.676765613666119e-05,-1,2.24556303644675,0.009818287051933768
Always Short Spread,2021,2021-06-23,2021-06-24,0.012870214316577906,0.01289110680308207,2.0892486504164454e-05,-1,2.24556303644675,0.009818287051933768
Always Short Spread,2021,2021-06-24,2021-06-25,0.030404792131179432,0.0304278845348641,2.309240368466777e-05,-1,2.24556303644675,0.009818287051933768
Always Short Spread,2021,2021-06-25,2021-06-28,-0.02064932907687784,-0.02062521322646175,2.4115850416090103e-05,-1,2.24556303644675,0.009818287051933768
Always Short Spread,2021,2021-06-28,2021-06-29,-0.002098363811490432,-0.002081741358348255,1.662245314217714e-05,-1,2.24556303644675,0.009818287051933768
Always Short Spread,2021,2021-06-29,2021-06-30,-0.06145652240987443,-0.06144081812618659,1.570428368784177e-05,-1,2.24556303644675,0.009818287051933768
Always Short Spread,2021,2021-06-30,2021-07-01,0.002992741053015859,0.002996522352848892,3.7812998330329884e-06,-1,2.24556303644675,0.009818287051933768
Always Short Spread,2021,2021-07-01,2021-07-02,-0.0037247058332405126,-0.003720244509159959,4.461324080553588e-06,-1,2.24556303644675,0.009818287051933768
Always Short Spread,2021,2021-07-02,2021-07-06,0.05811112675011324,0.05811661090929277,5.484159179532902e-06,-1,2.24556303644675,0.009818287051933768
Always Short Spread,2021,2021-07-06,2021-07-07,-0.016005390050307183,-0.0159933621400029,1.2027910304283352e-05,-1,2.24556303644675,0.009818287051933768
Always Short Spread,2021,2021-07-07,2021-07-08,-0.0032869861939820765,-0.003277527484831969,9.458709150107443e-06,-1,2.24556303644675,0.009818287051933768
Always Short Spread,2021,2021-07-08,2021-07-09,-0.010812056409180546,-0.01080521633459437,6.840074586174645e-06,-1,2.24556303644675,0.009818287051933768
Always Short Spread,2021,2021-07-09,2021-07-12,-0.01917983599272254,-0.01917269990236123,7.136090361310105e-06,-1,2.24556303644675,0.009818287051933768
Always Short Spread,2021,2021-07-12,2021-07-13,-0.0037547758867563508,-0.00374952605005538,5.249836700970942e-06,-1,2.24556303644675,0.009818287051933768
Always Short Spread,2021,2021-07-13,2021-07-14,-0.015519031815793375,-0.01551444994595026,4.581869843113803e-06,-1,2.24556303644675,0.009818287051933768
Always Short Spread,2021,2021-07-14,2021-07-15,0.012164929506994819,0.01216771405307795,2.784546083130751e-06,-1,2.24556303644675,0.1768115088980104
Always Short Spread,2021,2021-07-15,2021-07-16,-0.004768738899186453,-0.00476576986245817,2.9690367282828037e-06,-1,2.24556303644675,0.1768115088980104
Always Short Spread,2021,2021-07-16,2021-07-19,0.01691885499092278,0.01692226600040208,3.411009479302243e-06,-1,2.24556303644675,0.1768115088980104
Always Short Spread,2021,2021-07-19,2021-07-20,-0.007897994162161338,-0.007892663109014642,5.331053146695699e-06,-1,2.24556303644675,0.1768115088980104
Always Short Spread,2021,2021-07-20,2021-07-21,0.005211170540139844,0.005215737879323955,4.567339184111313e-06,-1,2.24556303644675,0.1768115088980104
Always Short Spread,2021,2021-07-21,2021-07-22,0.012452844407084497,0.01245732778451586,4.48337743136229e-06,-1,2.24556303644675,0.1768115088980104
Always Short Spread,2021,2021-07-22,2021-07-23,0.005082537996593431,0.005088237986320372,5.699989726941648e-06,-1,2.24556303644675,0.1768115088980104
Always Short Spread,2021,2021-07-23,2021-07-26,-0.008358498354618164,-0.008351892172945519,6.606181672644152e-06,-1,2.24556303644675,0.1768115088980104
Always Short Spread,2021,2021-07-26,2021-07-27,-0.0004073695033539882,-0.0004017612270656745,5.60827628831366e-06,-1,2.24556303644675,0.1768115088980104
Always Short Spread,2021,2021-07-27,2021-07-28,-0.011554659509966722,-0.01154821743543763,6.4420745290923875e-06,-1,2.24556303644675,0.1768115088980104
Always Short Spread,2021,2021-07-28,2021-07-29,-0.0012816463074473397,-0.00127684355076587,4.8027566814699e-06,-1,2.24556303644675,0.1768115088980104
Always Short Spread,2021,2021-07-29,2021-07-30,0.010710633517785015,0.01071525185588501,4.6183380999958165e-06,-1,2.24556303644675,0.1768115088980104
Always Short Spread,2021,2021-07-30,2021-08-02,0.0008279868163197404,0.0008338862106109486,5.8993942912082265e-06,-1,2.24556303644675,0.1768115088980104
Always Short Spread,2021,2021-08-02,2021-08-03,0.011018094962951287,0.01102384111840466,5.746155453374119e-06,-1,2.24556303644675,0.1768115088980104
Always Short Spread,2021,2021-08-03,2021-08-04,-0.0034297450600099437,-0.003423689677868541,6.055382141402749e-06,-1,2.24556303644675,0.1768115088980104
Always Short Spread,2021,2021-08-04,2021-08-05,0.004120130977259057,0.00412671516029102,6.584183031962398e-06,-1,2.24556303644675,0.1768115088980104
Always Short Spread,2021,2021-08-05,2021-08-06,-0.012228547623405828,-0.01222211793240089,6.429691004938038e-06,-1,2.24556303644675,0.1768115088980104
Always Short Spread,2021,2021-08-06,2021-08-09,-0.007296400050106604,-0.007291216061297831,5.183988808773105e-06,-1,2.24556303644675,0.1768115088980104
Always Short Spread,2021,2021-08-09,2021-08-10,-0.008862770717868194,-0.008857106266395565,5.664451472628868e-06,-1,2.24556303644675,0.1768115088980104
Always Short Spread,2021,2021-08-10,2021-08-11,0.024479403987206206,0.02448380961143048,4.405624224275983e-06,-1,2.24556303644675,0.1768115088980104
Always Short Spread,2021,2021-08-11,2021-08-12,0.002844089685508768,0.002850019741743814,5.930056235045944e-06,-1,2.24556303644675,0.1768115088980104
Always Short Spread,2021,2021-08-12,2021-08-13,-0.013189690613934883,-0.01318397507459502,5.7155393398626576e-06,-1,2.24556303644675,0.02909392269559627
Always Short Spread,2021,2021-08-13,2021-08-16,0.03588989739636521,0.0358943812043284,4.4838079631888404e-06,-1,2.24556303644675,0.02909392269559627
Always Short Spread,2021,2021-08-16,2021-08-17,0.005887112819794471,0.005893748865819939,6.636046025468551e-06,-1,2.24556303644675,0.02909392269559627
Always Short Spread,2021,2021-08-17,2021-08-18,0.00493449568409065,0.004941707557990374,7.211873899723803e-06,-1,2.24556303644675,0.02909392269559627
Always Short Spread,2021,2021-08-18,2021-08-19,0.018757619637695788,0.0187653170928955,7.697455199712323e-06,-1,2.24556303644675,0.02909392269559627
Always Short Spread,2021,2021-08-19,2021-08-20,0.02468255783915945,0.02469234614701004,9.788307850587985e-06,-1,2.24556303644675,0.02909392269559627
Always Short Spread,2021,2021-08-20,2021-08-23,-0.00938466646483747,-0.009373536638765197,1.1129826072273446e-05,-1,2.24556303644675,0.02909392269559627
Always Short Spread,2021,2021-08-23,2021-08-24,-0.020844082912738378,-0.02083330914629717,1.0773766441209254e-05,-1,2.24556303644675,0.02909392269559627
Always Short Spread,2021,2021-08-24,2021-08-25,-0.010507154793615745,-0.01049988767300962,7.267120606125111e-06,-1,2.24556303644675,0.02909392269559627
Always Short Spread,2021,2021-08-25,2021-08-26,-0.00959587073837924,-0.009589656248588941,6.21448979029876e-06,-1,2.24556303644675,0.02909392269559627
Always Short Spread,2021,2021-08-26,2021-08-27,0.002566076510211959,0.002570926761545779,4.850251333819999e-06,-1,2.24556303644675,0.02909392269559627
Always Short Spread,2021,2021-08-27,2021-08-30,0.030606298615917283,0.03061151904199346,5.220426076176454e-06,-1,2.24556303644675,0.02909392269559627
Always Short Spread,2021,2021-08-30,2021-08-31,0.0026533494683395682,0.002660961385075386,7.611916735817626e-06,-1,2.24556303644675,0.02909392269559627
Always Short Spread,2021,2021-08-31,2021-09-01,0.011789157110175294,0.01179540856613721,6.251455961916952e-06,-1,2.24556303644675,0.02909392269559627
Always Short Spread,2021,2021-09-01,2021-09-02,-0.011205658388910628,-0.01119904679336243,6.6115955481976245e-06,-1,2.24556303644675,0.02909392269559627
Always Short Spread,2021,2021-09-02,2021-09-03,0.002407095650014817,0.002414719689302039,7.6240392872222175e-06,-1,2.24556303644675,0.02909392269559627
Always Short Spread,2021,2021-09-03,2021-09-07,0.0045992183132130835,0.004606136447445295,6.918134232210993e-06,-1,2.24556303644675,0.02909392269559627
Always Short Spread,2021,2021-09-07,2021-09-08,-0.001394921973891394,-0.001387425881158234,7.4960927331602645e-06,-1,2.24556303644675,0.02909392269559627
Always Short Spread,2021,2021-09-08,2021-09-09,0.00737054903524862,0.007377179233973711,6.630198725091352e-06,-1,2.24556303644675,0.02909392269559627
Always Short Spread,2021,2021-09-09,2021-09-10,-0.0018885986803361483,-0.001880321997803445,8.276682532703305e-06,-1,2.24556303644675,0.02909392269559627
Always Short Spread,2021,2021-09-10,2021-09-13,0.007451074344058614,0.007456426327213676,5.351983155061802e-06,-1,2.24556303644675,0.02909392269559627
Always Short Spread,2021,2021-09-13,2021-09-14,-0.010133984071485613,-0.01012837360496693,5.610466518682356e-06,-1,2.24556303644675,0.03607069213233834
Always Short Spread,2021,2021-09-14,2021-09-15,-0.02489235440806406,-0.02488717290981336,5.181498250702299e-06,-1,2.24556303644675,0.03607069213233834
Always Short Spread,2021,2021-09-15,2021-09-16,0.007798638822706095,0.007803254385790499,4.6155630844041955e-06,-1,2.24556303644675,0.03607069213233834
Always Short Spread,2021,2021-09-16,2021-09-17,0.005714517527559835,0.005719838729711422,5.321202151586934e-06,-1,2.24556303644675,0.03607069213233834
Always Short Spread,2021,2021-09-17,2021-09-20,0.011723323628108764,0.0117282167827825,4.893154673737077e-06,-1,2.24556303644675,0.03607069213233834
Always Short Spread,2021,2021-09-20,2021-09-21,-0.005131674718379019,-0.005125066538841204,6.608179537815118e-06,-1,2.24556303644675,0.03607069213233834
Always Short Spread,2021,2021-09-21,2021-09-22,-0.006854000058468294,-0.006844653689965785,9.346368502509584e-06,-1,2.24556303644675,0.03607069213233834
Always Short Spread,2021,2021-09-22,2021-09-23,-0.004148742018016088,-0.004141544990525143,7.19702749094453e-06,-1,2.24556303644675,0.03607069213233834
Always Short Spread,2021,2021-09-23,2021-09-24,-0.0017527241716121294,-0.001747079179138729,5.644992473400556e-06,-1,2.24556303644675,0.03607069213233834
Always Short Spread,2021,2021-09-24,2021-09-27,0.0008781257774849023,0.0008834876700426855,5.361892557783132e-06,-1,2.24556303644675,0.03607069213233834
Always Short Spread,2021,2021-09-27,2021-09-28,0.00818230833630435,0.008188776505351658,6.468169047307626e-06,-1,2.24556303644675,0.03607069213233834
Always Short Spread,2021,2021-09-28,2021-09-29,-0.003338676839640768,-0.003332412348733981,6.264490906787102e-06,-1,2.24556303644675,0.03607069213233834
Always Short Spread,2021,2021-09-29,2021-09-30,-0.00786004099762926,-0.007854834545905832,5.206451723426265e-06,-1,2.24556303644675,0.03607069213233834
Always Short Spread,2021,2021-09-30,2021-10-01,0.004486523191782901,0.004492518774414424,5.995582631522778e-06,-1,2.24556303644675,0.03607069213233834
Always Short Spread,2021,2021-10-01,2021-10-04,0.0010360401300180124,0.001040611390662054,4.571260644041675e-06,-1,2.24556303644675,0.03607069213233834
Always Short Spread,2021,2021-10-04,2021-10-05,-0.016956785034879688,-0.01695202657181962,4.758463060067441e-06,-1,2.24556303644675,0.03607069213233834
Always Short Spread,2021,2021-10-05,2021-10-06,0.010600546407835674,0.01060431337698099,3.766969145316268e-06,-1,2.24556303644675,0.03607069213233834
Always Short Spread,2021,2021-10-06,2021-10-07,-0.011880281104616548,-0.01187606752932837,4.213575288176896e-06,-1,2.24556303644675,0.03607069213233834
Always Short Spread,2021,2021-10-07,2021-10-08,-0.0001994315663333793,-0.0001956821512310841,3.7494151022952062e-06,-1,2.24556303644675,0.03607069213233834
Always Short Spread,2021,2021-10-08,2021-10-11,0.00828143357656852,0.008284929437435662,3.4958608671417093e-06,-1,2.24556303644675,0.03607069213233834
Always Short Spread,2021,2021-10-11,2021-10-12,0.015310249880756577,0.01531381668950768,3.5668087511024905e-06,-1,2.24556303644675,0.03607069213233834
Always Short Spread,2021,2021-10-12,2021-10-13,0.003951444215997005,0.003956852669581235,5.408453584229977e-06,-1,2.24556303644675,0.1816754174811539
Always Short Spread,2021,2021-10-13,2021-10-14,0.0016216934928008117,0.001627193183072839,5.499690272027402e-06,-1,2.24556303644675,0.1816754174811539
Always Short Spread,2021,2021-10-14,2021-10-15,-0.010961728200786537,-0.01095626109397447,5.46710681206719e-06,-1,2.24556303644675,0.1816754174811539
Always Short Spread,2021,2021-10-15,2021-10-18,0.0007727506290573053,0.0007777744835121975,5.0238544548921735e-06,-1,2.24556303644675,0.1816754174811539
Always Short Spread,2021,2021-10-18,2021-10-19,0.008595258951134943,0.008598944040402375,3.6850892674312742e-06,-1,2.24556303644675,0.1816754174811539
Always Short Spread,2021,2021-10-19,2021-10-20,0.0029254802715063086,0.002931010369549791,5.530098043482257e-06,-1,2.24556303644675,0.1816754174811539
Always Short Spread,2021,2021-10-20,2021-10-21,0.004344059296695883,0.004349012750274788,4.953453578904421e-06,-1,2.24556303644675,0.1816754174811539
Always Short Spread,2021,2021-10-21,2021-10-22,0.013046883002401938,0.0130505590774971,3.6760750951626564e-06,-1,2.24556303644675,0.1816754174811539
Always Short Spread,2021,2021-10-22,2021-10-25,-0.014238678343155965,-0.01423336151773886,5.316825417105098e-06,-1,2.24556303644675,0.1816754174811539
Always Short Spread,2021,2021-10-25,2021-10-26,-0.0015240333667704746,-0.001519395481912824,4.637884857650487e-06,-1,2.24556303644675,0.1816754174811539
Always Short Spread,2021,2021-10-26,2021-10-27,0.011199849127558292,0.01120408396436478,4.234836806488395e-06,-1,2.24556303644675,0.1816754174811539
Always Short Spread,2021,2021-10-27,2021-10-28,0.004438686657675935,0.004448046152992102,9.359495316166978e-06,-1,2.24556303644675,0.1816754174811539
Always Short Spread,2021,2021-10-28,2021-10-29,0.0037314655772044242,0.003743284479457629,1.1818902253204477e-05,-1,2.24556303644675,0.1816754174811539
Always Short Spread,2021,2021-10-29,2021-11-01,-0.012204031083121474,-0.01218943339298342,1.4597690138054009e-05,-1,2.24556303644675,0.1816754174811539
Always Short Spread,2021,2021-11-01,2021-11-02,0.021020398794892776,0.0210352719913956,1.487319650282304e-05,-1,2.24556303644675,0.1816754174811539
Always Short Spread,2021,2021-11-02,2021-11-03,0.021983592248639633,0.02199072537178098,7.1331231413469535e-06,-1,2.24556303644675,0.1816754174811539
Always Short Spread,2021,2021-11-03,2021-11-04,0.0014000576257186476,0.001409285992984649,9.228367266001515e-06,-1,2.24556303644675,0.1816754174811539
Always Short Spread,2021,2021-11-04,2021-11-05,0.003443054989488738,0.003451151271028038,8.096281539299978e-06,-1,2.24556303644675,0.1816754174811539
Always Short Spread,2021,2021-11-05,2021-11-08,0.008841220311433053,0.008849919160960583,8.698849527530084e-06,-1,2.24556303644675,0.1816754174811539
Always Short Spread,2021,2021-11-08,2021-11-09,0.019701843951416977,0.0197113728421212,9.528890704223469e-06,-1,2.24556303644675,0.1816754174811539
Always Short Spread,2021,2021-11-09,2021-11-10,-0.0036887391001159888,-0.003681285085677191,7.454014438798007e-06,-1,2.24556303644675,0.1816754174811539
Always Short Spread,2021,2021-11-10,2021-11-11,0.0002102058464727471,0.0002174690936507361,7.263247177988985e-06,-1,2.24556303644675,0.1041833760235778
Always Short Spread,2021,2021-11-11,2021-11-12,0.043833899371999,0.04384213273648648,8.233364487485018e-06,-1,2.24556303644675,0.1041833760235778
Always Short Spread,2021,2021-11-12,2021-11-15,0.013437058522989409,0.01344193071209226,4.872189102851588e-06,-1,2.24556303644675,0.1041833760235778
Always Short Spread,2021,2021-11-15,2021-11-16,-0.008926910635777014,-0.008916175621529921,1.0735014247092445e-05,-1,2.24556303644675,0.1041833760235778
Always Short Spread,2021,2021-11-16,2021-11-17,0.002663690992571598,0.002672657588165227,8.966595593629002e-06,-1,2.24556303644675,0.1041833760235778
Always Short Spread,2021,2021-11-17,2021-11-18,-0.004243833754939612,-0.00423385473230329,9.979022636322999e-06,-1,2.24556303644675,0.1041833760235778
Always Short Spread,2021,2021-11-18,2021-11-19,0.0059123018877726965,0.005921061778162375,8.75989038967795e-06,-1,2.24556303644675,0.1041833760235778
Always Short Spread,2021,2021-11-19,2021-11-22,-0.014123547269598545,-0.01410880963343962,1.4737636158925539e-05,-1,2.24556303644675,0.1041833760235778
Always Short Spread,2021,2021-11-22,2021-11-23,-0.022345831972109233,-0.02233259730651849,1.3234665590744487e-05,-1,2.24556303644675,0.1041833760235778
Always Short Spread,2021,2021-11-23,2021-11-24,-0.00857326988190611,-0.008561323780697782,1.1946101208328507e-05,-1,2.24556303644675,0.1041833760235778
Always Short Spread,2021,2021-11-24,2021-11-26,0.006795508282978404,0.006806905105256065,1.1396822277661035e-05,-1,2.24556303644675,0.1041833760235778
Always Short Spread,2021,2021-11-26,2021-11-29,-0.015623671206288913,-0.01560980327304063,1.386793324828295e-05,-1,2.24556303644675,0.1041833760235778
Always Short Spread,2021,2021-11-29,2021-11-30,0.02286817806874571,0.02287899278073415,1.0814711988441916e-05,-1,2.24556303644675,0.1041833760235778
Always Short Spread,2021,2021-11-30,2021-12-01,0.012302890857472173,0.01231400749772841,1.1116640256236542e-05,-1,2.24556303644675,0.1041833760235778
Always Short Spread,2021,2021-12-01,2021-12-02,-0.008954483809208491,-0.008942814567237271,1.1669241971218935e-05,-1,2.24556303644675,0.1041833760235778
Always Short Spread,2021,2021-12-02,2021-12-03,0.006571154025319783,0.006581798959947871,1.0644934628088188e-05,-1,2.24556303644675,0.1041833760235778
Always Short Spread,2021,2021-12-03,2021-12-06,-0.01527602731580399,-0.01526062147991275,1.5405835891239007e-05,-1,2.24556303644675,0.1041833760235778
Always Short Spread,2021,2021-12-06,2021-12-07,0.006981305743901147,0.006989518169318504,8.212425417356396e-06,-1,2.24556303644675,0.1041833760235778
Always Short Spread,2021,2021-12-07,2021-12-08,0.007665418268766443,0.007668706987968472,3.2887192020283895e-06,-1,2.24556303644675,0.1041833760235778
Always Short Spread,2021,2021-12-08,2021-12-09,0.004719978891999286,0.004728409899066464,8.43100706717792e-06,-1,2.24556303644675,0.1041833760235778
Always Short Spread,2021,2021-12-09,2021-12-10,0.01778490159805026,0.01779749058903379,1.2588990983527836e-05,-1,2.24556303644675,0.1041833760235778
Always Short Spread,2021,2021-12-10,2021-12-13,0.0316639917576882,0.03168294127491988,1.8949517231677537e-05,-1,2.24556303644675,0.07061694274593171
Always Short Spread,2021,2021-12-13,2021-12-14,0.02641067879932703,0.02643626357109623,2.558477176919971e-05,-1,2.24556303644675,0.07061694274593171
Always Short Spread,2021,2021-12-14,2021-12-15,-0.05821944384400048,-0.05818151841840641,3.792542559407713e-05,-1,2.24556303644675,0.07061694274593171
Always Short Spread,2021,2021-12-15,2021-12-16,-0.011448802413099098,-0.01144002940954944,8.773003549656766e-06,-1,2.24556303644675,0.07061694274593171
Always Short Spread,2021,2021-12-16,2021-12-17,0.005959398136635169,0.00596714425719439,7.746120559220527e-06,-1,2.24556303644675,0.07061694274593171
Always Short Spread,2021,2021-12-17,2021-12-20,0.005382123589364367,0.005391650555920375,9.52696655600771e-06,-1,2.24556303644675,0.07061694274593171
Always Short Spread,2021,2021-12-20,2021-12-21,-0.0005228388655378243,-0.0005039412695873359,1.8897595950488457e-05,-1,2.24556303644675,0.07061694274593171
Always Short Spread,2021,2021-12-21,2021-12-22,-0.003819482276000236,-0.00379942346447045,2.0058811529786e-05,-1,2.24556303644675,0.07061694274593171
Always Short Spread,2021,2021-12-22,2021-12-23,0.0016168789003019116,0.001637120677719294,2.0241777417382366e-05,-1,2.24556303644675,0.07061694274593171
Always Short Spread,2021,2021-12-23,2021-12-27,-0.012549672395871368,-0.01253792954020286,1.1742855668508301e-05,-1,2.24556303644675,0.07061694274593171
Always Short Spread,2021,2021-12-27,2021-12-28,0.0035927912483720036,0.003601922498954639,9.131250582635392e-06,-1,2.24556303644675,0.07061694274593171
Always Short Spread,2021,2021-12-28,2021-12-29,0.001485395159735314,0.001493559656667386,8.164496932071969e-06,-1,2.24556303644675,0.07061694274593171
Always Short Spread,2021,2021-12-29,2021-12-30,0.019553508230905205,0.01956011052845066,6.602297545453579e-06,-1,2.24556303644675,0.07061694274593171
Always Short Spread,2021,2021-12-30,2021-12-31,-0.0033536509797756995,-0.002639267049987511,0.0007143839297881885,-1,2.24556303644675,0.07061694274593171
Cash / No Trade,2021,2021-01-04,2021-01-05,0.0,0.0,0.0,0,2.24556303644675,0.09203930326560843
Cash / No Trade,2021,2021-01-05,2021-01-06,-0.0,-0.0,0.0,0,2.24556303644675,0.09203930326560843
Cash / No Trade,2021,2021-01-06,2021-01-07,0.0,0.0,0.0,0,2.24556303644675,0.09203930326560843
Cash / No Trade,2021,2021-01-07,2021-01-08,-0.0,-0.0,0.0,0,2.24556303644675,0.09203930326560843
Cash / No Trade,2021,2021-01-08,2021-01-11,-0.0,-0.0,0.0,0,2.24556303644675,0.09203930326560843
Cash / No Trade,2021,2021-01-11,2021-01-12,-0.0,-0.0,0.0,0,2.24556303644675,0.09203930326560843
Cash / No Trade,2021,2021-01-12,2021-01-13,0.0,0.0,0.0,0,2.24556303644675,0.2213007196572652
Cash / No Trade,2021,2021-01-13,2021-01-14,0.0,0.0,0.0,0,2.24556303644675,0.2213007196572652
Cash / No Trade,2021,2021-01-14,2021-01-15,-0.0,-0.0,0.0,0,2.24556303644675,0.2213007196572652
Cash / No Trade,2021,2021-01-15,2021-01-19,0.0,0.0,0.0,0,2.24556303644675,0.2213007196572652
Cash / No Trade,2021,2021-01-19,2021-01-20,0.0,0.0,0.0,0,2.24556303644675,0.2213007196572652
Cash / No Trade,2021,2021-01-20,2021-01-21,0.0,0.0,0.0,0,2.24556303644675,0.2213007196572652
Cash / No Trade,2021,2021-01-21,2021-01-22,-0.0,-0.0,0.0,0,2.24556303644675,0.2213007196572652
Cash / No Trade,2021,2021-01-22,2021-01-25,0.0,0.0,0.0,0,2.24556303644675,0.2213007196572652
Cash / No Trade,2021,2021-01-25,2021-01-26,0.0,0.0,0.0,0,2.24556303644675,0.2213007196572652
Cash / No Trade,2021,2021-01-26,2021-01-27,0.0,0.0,0.0,0,2.24556303644675,0.2213007196572652
Cash / No Trade,2021,2021-01-27,2021-01-28,0.0,0.0,0.0,0,2.24556303644675,0.2213007196572652
Cash / No Trade,2021,2021-01-28,2021-01-29,0.0,0.0,0.0,0,2.24556303644675,0.2213007196572652
Cash / No Trade,2021,2021-01-29,2021-02-01,-0.0,-0.0,0.0,0,2.24556303644675,0.2213007196572652
Cash / No Trade,2021,2021-02-01,2021-02-02,-0.0,-0.0,0.0,0,2.24556303644675,0.2213007196572652
Cash / No Trade,2021,2021-02-02,2021-02-03,-0.0,-0.0,0.0,0,2.24556303644675,0.2213007196572652
Cash / No Trade,2021,2021-02-03,2021-02-04,0.0,0.0,0.0,0,2.24556303644675,0.2213007196572652
Cash / No Trade,2021,2021-02-04,2021-02-05,0.0,0.0,0.0,0,2.24556303644675,0.2213007196572652
Cash / No Trade,2021,2021-02-05,2021-02-08,0.0,0.0,0.0,0,2.24556303644675,0.2213007196572652
Cash / No Trade,2021,2021-02-08,2021-02-09,0.0,0.0,0.0,0,2.24556303644675,0.2213007196572652
Cash / No Trade,2021,2021-02-09,2021-02-10,0.0,0.0,0.0,0,2.24556303644675,0.2213007196572652
Cash / No Trade,2021,2021-02-10,2021-02-11,-0.0,-0.0,0.0,0,2.24556303644675,0.2213007196572652
Cash / No Trade,2021,2021-02-11,2021-02-12,0.0,0.0,0.0,0,2.24556303644675,0.06554053407848053
Cash / No Trade,2021,2021-02-12,2021-02-16,0.0,0.0,0.0,0,2.24556303644675,0.06554053407848053
Cash / No Trade,2021,2021-02-16,2021-02-17,-0.0,-0.0,0.0,0,2.24556303644675,0.06554053407848053
Cash / No Trade,2021,2021-02-17,2021-02-18,0.0,0.0,0.0,0,2.24556303644675,0.06554053407848053
Cash / No Trade,2021,2021-02-18,2021-02-19,0.0,0.0,0.0,0,2.24556303644675,0.06554053407848053
Cash / No Trade,2021,2021-02-19,2021-02-22,0.0,0.0,0.0,0,2.24556303644675,0.06554053407848053
Cash / No Trade,2021,2021-02-22,2021-02-23,0.0,0.0,0.0,0,2.24556303644675,0.06554053407848053
Cash / No Trade,2021,2021-02-23,2021-02-24,0.0,0.0,0.0,0,2.24556303644675,0.06554053407848053
Cash / No Trade,2021,2021-02-24,2021-02-25,-0.0,-0.0,0.0,0,2.24556303644675,0.06554053407848053
Cash / No Trade,2021,2021-02-25,2021-02-26,0.0,0.0,0.0,0,2.24556303644675,0.06554053407848053
Cash / No Trade,2021,2021-02-26,2021-03-01,-0.0,-0.0,0.0,0,2.24556303644675,0.06554053407848053
Cash / No Trade,2021,2021-03-01,2021-03-02,0.0,0.0,0.0,0,2.24556303644675,0.06554053407848053
Cash / No Trade,2021,2021-03-02,2021-03-03,0.0,0.0,0.0,0,2.24556303644675,0.06554053407848053
Cash / No Trade,2021,2021-03-03,2021-03-04,0.0,0.0,0.0,0,2.24556303644675,0.06554053407848053
Cash / No Trade,2021,2021-03-04,2021-03-05,0.0,0.0,0.0,0,2.24556303644675,0.06554053407848053
Cash / No Trade,2021,2021-03-05,2021-03-08,0.0,0.0,0.0,0,2.24556303644675,0.06554053407848053
Cash / No Trade,2021,2021-03-08,2021-03-09,-0.0,-0.0,0.0,0,2.24556303644675,0.06554053407848053
Cash / No Trade,2021,2021-03-09,2021-03-10,0.0,0.0,0.0,0,2.24556303644675,0.06554053407848053
Cash / No Trade,2021,2021-03-10,2021-03-11,0.0,0.0,0.0,0,2.24556303644675,0.06554053407848053
Cash / No Trade,2021,2021-03-11,2021-03-12,0.0,0.0,0.0,0,2.24556303644675,0.06554053407848053
Cash / No Trade,2021,2021-03-12,2021-03-15,-0.0,-0.0,0.0,0,2.24556303644675,0.06554053407848053
Cash / No Trade,2021,2021-03-15,2021-03-16,0.0,0.0,0.0,0,2.24556303644675,0.009086435590331699
Cash / No Trade,2021,2021-03-16,2021-03-17,0.0,0.0,0.0,0,2.24556303644675,0.009086435590331699
Cash / No Trade,2021,2021-03-17,2021-03-18,0.0,0.0,0.0,0,2.24556303644675,0.009086435590331699
Cash / No Trade,2021,2021-03-18,2021-03-19,-0.0,-0.0,0.0,0,2.24556303644675,0.009086435590331699
Cash / No Trade,2021,2021-03-19,2021-03-22,0.0,0.0,0.0,0,2.24556303644675,0.009086435590331699
Cash / No Trade,2021,2021-03-22,2021-03-23,-0.0,-0.0,0.0,0,2.24556303644675,0.009086435590331699
Cash / No Trade,2021,2021-03-23,2021-03-24,-0.0,-0.0,0.0,0,2.24556303644675,0.009086435590331699
Cash / No Trade,2021,2021-03-24,2021-03-25,-0.0,-0.0,0.0,0,2.24556303644675,0.009086435590331699
Cash / No Trade,2021,2021-03-25,2021-03-26,-0.0,-0.0,0.0,0,2.24556303644675,0.009086435590331699
Cash / No Trade,2021,2021-03-26,2021-03-29,0.0,0.0,0.0,0,2.24556303644675,0.009086435590331699
Cash / No Trade,2021,2021-03-29,2021-03-30,-0.0,-0.0,0.0,0,2.24556303644675,0.009086435590331699
Cash / No Trade,2021,2021-03-30,2021-03-31,-0.0,-0.0,0.0,0,2.24556303644675,0.009086435590331699
Cash / No Trade,2021,2021-03-31,2021-04-01,0.0,0.0,0.0,0,2.24556303644675,0.009086435590331699
Cash / No Trade,2021,2021-04-01,2021-04-05,0.0,0.0,0.0,0,2.24556303644675,0.009086435590331699
Cash / No Trade,2021,2021-04-05,2021-04-06,0.0,0.0,0.0,0,2.24556303644675,0.009086435590331699
Cash / No Trade,2021,2021-04-06,2021-04-07,-0.0,-0.0,0.0,0,2.24556303644675,0.009086435590331699
Cash / No Trade,2021,2021-04-07,2021-04-08,0.0,0.0,0.0,0,2.24556303644675,0.009086435590331699
Cash / No Trade,2021,2021-04-08,2021-04-09,0.0,0.0,0.0,0,2.24556303644675,0.009086435590331699
Cash / No Trade,2021,2021-04-09,2021-04-12,-0.0,-0.0,0.0,0,2.24556303644675,0.009086435590331699
Cash / No Trade,2021,2021-04-12,2021-04-13,0.0,0.0,0.0,0,2.24556303644675,0.009086435590331699
Cash / No Trade,2021,2021-04-13,2021-04-14,0.0,0.0,0.0,0,2.24556303644675,0.009086435590331699
Cash / No Trade,2021,2021-04-14,2021-04-15,-0.0,-0.0,0.0,0,2.24556303644675,0.1698765589975298
Cash / No Trade,2021,2021-04-15,2021-04-16,0.0,0.0,0.0,0,2.24556303644675,0.1698765589975298
Cash / No Trade,2021,2021-04-16,2021-04-19,-0.0,-0.0,0.0,0,2.24556303644675,0.1698765589975298
Cash / No Trade,2021,2021-04-19,2021-04-20,0.0,0.0,0.0,0,2.24556303644675,0.1698765589975298
Cash / No Trade,2021,2021-04-20,2021-04-21,0.0,0.0,0.0,0,2.24556303644675,0.1698765589975298
Cash / No Trade,2021,2021-04-21,2021-04-22,-0.0,-0.0,0.0,0,2.24556303644675,0.1698765589975298
Cash / No Trade,2021,2021-04-22,2021-04-23,0.0,0.0,0.0,0,2.24556303644675,0.1698765589975298
Cash / No Trade,2021,2021-04-23,2021-04-26,0.0,0.0,0.0,0,2.24556303644675,0.1698765589975298
Cash / No Trade,2021,2021-04-26,2021-04-27,-0.0,-0.0,0.0,0,2.24556303644675,0.1698765589975298
Cash / No Trade,2021,2021-04-27,2021-04-28,0.0,0.0,0.0,0,2.24556303644675,0.1698765589975298
Cash / No Trade,2021,2021-04-28,2021-04-29,-0.0,-0.0,0.0,0,2.24556303644675,0.1698765589975298
Cash / No Trade,2021,2021-04-29,2021-04-30,0.0,0.0,0.0,0,2.24556303644675,0.1698765589975298
Cash / No Trade,2021,2021-04-30,2021-05-03,0.0,0.0,0.0,0,2.24556303644675,0.1698765589975298
Cash / No Trade,2021,2021-05-03,2021-05-04,-0.0,-0.0,0.0,0,2.24556303644675,0.1698765589975298
Cash / No Trade,2021,2021-05-04,2021-05-05,0.0,0.0,0.0,0,2.24556303644675,0.1698765589975298
Cash / No Trade,2021,2021-05-05,2021-05-06,0.0,0.0,0.0,0,2.24556303644675,0.1698765589975298
Cash / No Trade,2021,2021-05-06,2021-05-07,-0.0,-0.0,0.0,0,2.24556303644675,0.1698765589975298
Cash / No Trade,2021,2021-05-07,2021-05-10,-0.0,-0.0,0.0,0,2.24556303644675,0.1698765589975298
Cash / No Trade,2021,2021-05-10,2021-05-11,-0.0,-0.0,0.0,0,2.24556303644675,0.1698765589975298
Cash / No Trade,2021,2021-05-11,2021-05-12,0.0,0.0,0.0,0,2.24556303644675,0.1698765589975298
Cash / No Trade,2021,2021-05-12,2021-05-13,0.0,0.0,0.0,0,2.24556303644675,0.1698765589975298
Cash / No Trade,2021,2021-05-13,2021-05-14,-0.0,-0.0,0.0,0,2.24556303644675,0.02437181827962947
Cash / No Trade,2021,2021-05-14,2021-05-17,0.0,0.0,0.0,0,2.24556303644675,0.02437181827962947
Cash / No Trade,2021,2021-05-17,2021-05-18,0.0,0.0,0.0,0,2.24556303644675,0.02437181827962947
Cash / No Trade,2021,2021-05-18,2021-05-19,-0.0,-0.0,0.0,0,2.24556303644675,0.02437181827962947
Cash / No Trade,2021,2021-05-19,2021-05-20,0.0,0.0,0.0,0,2.24556303644675,0.02437181827962947
Cash / No Trade,2021,2021-05-20,2021-05-21,0.0,0.0,0.0,0,2.24556303644675,0.02437181827962947
Cash / No Trade,2021,2021-05-21,2021-05-24,-0.0,-0.0,0.0,0,2.24556303644675,0.02437181827962947
Cash / No Trade,2021,2021-05-24,2021-05-25,0.0,0.0,0.0,0,2.24556303644675,0.02437181827962947
Cash / No Trade,2021,2021-05-25,2021-05-26,-0.0,-0.0,0.0,0,2.24556303644675,0.02437181827962947
Cash / No Trade,2021,2021-05-26,2021-05-27,0.0,0.0,0.0,0,2.24556303644675,0.02437181827962947
Cash / No Trade,2021,2021-05-27,2021-05-28,-0.0,-0.0,0.0,0,2.24556303644675,0.02437181827962947
Cash / No Trade,2021,2021-05-28,2021-06-01,0.0,0.0,0.0,0,2.24556303644675,0.02437181827962947
Cash / No Trade,2021,2021-06-01,2021-06-02,0.0,0.0,0.0,0,2.24556303644675,0.02437181827962947
Cash / No Trade,2021,2021-06-02,2021-06-03,-0.0,-0.0,0.0,0,2.24556303644675,0.02437181827962947
Cash / No Trade,2021,2021-06-03,2021-06-04,0.0,0.0,0.0,0,2.24556303644675,0.02437181827962947
Cash / No Trade,2021,2021-06-04,2021-06-07,-0.0,-0.0,0.0,0,2.24556303644675,0.02437181827962947
Cash / No Trade,2021,2021-06-07,2021-06-08,0.0,0.0,0.0,0,2.24556303644675,0.02437181827962947
Cash / No Trade,2021,2021-06-08,2021-06-09,-0.0,-0.0,0.0,0,2.24556303644675,0.02437181827962947
Cash / No Trade,2021,2021-06-09,2021-06-10,-0.0,-0.0,0.0,0,2.24556303644675,0.02437181827962947
Cash / No Trade,2021,2021-06-10,2021-06-11,-0.0,-0.0,0.0,0,2.24556303644675,0.02437181827962947
Cash / No Trade,2021,2021-06-11,2021-06-14,-0.0,-0.0,0.0,0,2.24556303644675,0.02437181827962947
Cash / No Trade,2021,2021-06-14,2021-06-15,-0.0,-0.0,0.0,0,2.24556303644675,0.009818287051933768
Cash / No Trade,2021,2021-06-15,2021-06-16,-0.0,-0.0,0.0,0,2.24556303644675,0.009818287051933768
Cash / No Trade,2021,2021-06-16,2021-06-17,-0.0,-0.0,0.0,0,2.24556303644675,0.009818287051933768
Cash / No Trade,2021,2021-06-17,2021-06-18,0.0,0.0,0.0,0,2.24556303644675,0.009818287051933768
Cash / No Trade,2021,2021-06-18,2021-06-21,0.0,0.0,0.0,0,2.24556303644675,0.009818287051933768
Cash / No Trade,2021,2021-06-21,2021-06-22,-0.0,-0.0,0.0,0,2.24556303644675,0.009818287051933768
Cash / No Trade,2021,2021-06-22,2021-06-23,-0.0,-0.0,0.0,0,2.24556303644675,0.009818287051933768
Cash / No Trade,2021,2021-06-23,2021-06-24,-0.0,-0.0,0.0,0,2.24556303644675,0.009818287051933768
Cash / No Trade,2021,2021-06-24,2021-06-25,-0.0,-0.0,0.0,0,2.24556303644675,0.009818287051933768
Cash / No Trade,2021,2021-06-25,2021-06-28,0.0,0.0,0.0,0,2.24556303644675,0.009818287051933768
Cash / No Trade,2021,2021-06-28,2021-06-29,0.0,0.0,0.0,0,2.24556303644675,0.009818287051933768
Cash / No Trade,2021,2021-06-29,2021-06-30,0.0,0.0,0.0,0,2.24556303644675,0.009818287051933768
Cash / No Trade,2021,2021-06-30,2021-07-01,-0.0,-0.0,0.0,0,2.24556303644675,0.009818287051933768
Cash / No Trade,2021,2021-07-01,2021-07-02,0.0,0.0,0.0,0,2.24556303644675,0.009818287051933768
Cash / No Trade,2021,2021-07-02,2021-07-06,-0.0,-0.0,0.0,0,2.24556303644675,0.009818287051933768
Cash / No Trade,2021,2021-07-06,2021-07-07,0.0,0.0,0.0,0,2.24556303644675,0.009818287051933768
Cash / No Trade,2021,2021-07-07,2021-07-08,0.0,0.0,0.0,0,2.24556303644675,0.009818287051933768
Cash / No Trade,2021,2021-07-08,2021-07-09,0.0,0.0,0.0,0,2.24556303644675,0.009818287051933768
Cash / No Trade,2021,2021-07-09,2021-07-12,0.0,0.0,0.0,0,2.24556303644675,0.009818287051933768
Cash / No Trade,2021,2021-07-12,2021-07-13,0.0,0.0,0.0,0,2.24556303644675,0.009818287051933768
Cash / No Trade,2021,2021-07-13,2021-07-14,0.0,0.0,0.0,0,2.24556303644675,0.009818287051933768
Cash / No Trade,2021,2021-07-14,2021-07-15,-0.0,-0.0,0.0,0,2.24556303644675,0.1768115088980104
Cash / No Trade,2021,2021-07-15,2021-07-16,0.0,0.0,0.0,0,2.24556303644675,0.1768115088980104
Cash / No Trade,2021,2021-07-16,2021-07-19,-0.0,-0.0,0.0,0,2.24556303644675,0.1768115088980104
Cash / No Trade,2021,2021-07-19,2021-07-20,0.0,0.0,0.0,0,2.24556303644675,0.1768115088980104
Cash / No Trade,2021,2021-07-20,2021-07-21,-0.0,-0.0,0.0,0,2.24556303644675,0.1768115088980104
Cash / No Trade,2021,2021-07-21,2021-07-22,-0.0,-0.0,0.0,0,2.24556303644675,0.1768115088980104
Cash / No Trade,2021,2021-07-22,2021-07-23,-0.0,-0.0,0.0,0,2.24556303644675,0.1768115088980104
Cash / No Trade,2021,2021-07-23,2021-07-26,0.0,0.0,0.0,0,2.24556303644675,0.1768115088980104
Cash / No Trade,2021,2021-07-26,2021-07-27,0.0,0.0,0.0,0,2.24556303644675,0.1768115088980104
Cash / No Trade,2021,2021-07-27,2021-07-28,0.0,0.0,0.0,0,2.24556303644675,0.1768115088980104
Cash / No Trade,2021,2021-07-28,2021-07-29,0.0,0.0,0.0,0,2.24556303644675,0.1768115088980104
Cash / No Trade,2021,2021-07-29,2021-07-30,-0.0,-0.0,0.0,0,2.24556303644675,0.1768115088980104
Cash / No Trade,2021,2021-07-30,2021-08-02,-0.0,-0.0,0.0,0,2.24556303644675,0.1768115088980104
Cash / No Trade,2021,2021-08-02,2021-08-03,-0.0,-0.0,0.0,0,2.24556303644675,0.1768115088980104
Cash / No Trade,2021,2021-08-03,2021-08-04,0.0,0.0,0.0,0,2.24556303644675,0.1768115088980104
Cash / No Trade,2021,2021-08-04,2021-08-05,-0.0,-0.0,0.0,0,2.24556303644675,0.1768115088980104
Cash / No Trade,2021,2021-08-05,2021-08-06,0.0,0.0,0.0,0,2.24556303644675,0.1768115088980104
Cash / No Trade,2021,2021-08-06,2021-08-09,0.0,0.0,0.0,0,2.24556303644675,0.1768115088980104
Cash / No Trade,2021,2021-08-09,2021-08-10,0.0,0.0,0.0,0,2.24556303644675,0.1768115088980104
Cash / No Trade,2021,2021-08-10,2021-08-11,-0.0,-0.0,0.0,0,2.24556303644675,0.1768115088980104
Cash / No Trade,2021,2021-08-11,2021-08-12,-0.0,-0.0,0.0,0,2.24556303644675,0.1768115088980104
Cash / No Trade,2021,2021-08-12,2021-08-13,0.0,0.0,0.0,0,2.24556303644675,0.02909392269559627
Cash / No Trade,2021,2021-08-13,2021-08-16,-0.0,-0.0,0.0,0,2.24556303644675,0.02909392269559627
Cash / No Trade,2021,2021-08-16,2021-08-17,-0.0,-0.0,0.0,0,2.24556303644675,0.02909392269559627
Cash / No Trade,2021,2021-08-17,2021-08-18,-0.0,-0.0,0.0,0,2.24556303644675,0.02909392269559627
Cash / No Trade,2021,2021-08-18,2021-08-19,-0.0,-0.0,0.0,0,2.24556303644675,0.02909392269559627
Cash / No Trade,2021,2021-08-19,2021-08-20,-0.0,-0.0,0.0,0,2.24556303644675,0.02909392269559627
Cash / No Trade,2021,2021-08-20,2021-08-23,0.0,0.0,0.0,0,2.24556303644675,0.02909392269559627
Cash / No Trade,2021,2021-08-23,2021-08-24,0.0,0.0,0.0,0,2.24556303644675,0.02909392269559627
Cash / No Trade,2021,2021-08-24,2021-08-25,0.0,0.0,0.0,0,2.24556303644675,0.02909392269559627
Cash / No Trade,2021,2021-08-25,2021-08-26,0.0,0.0,0.0,0,2.24556303644675,0.02909392269559627
Cash / No Trade,2021,2021-08-26,2021-08-27,-0.0,-0.0,0.0,0,2.24556303644675,0.02909392269559627
Cash / No Trade,2021,2021-08-27,2021-08-30,-0.0,-0.0,0.0,0,2.24556303644675,0.02909392269559627
Cash / No Trade,2021,2021-08-30,2021-08-31,-0.0,-0.0,0.0,0,2.24556303644675,0.02909392269559627
Cash / No Trade,2021,2021-08-31,2021-09-01,-0.0,-0.0,0.0,0,2.24556303644675,0.02909392269559627
Cash / No Trade,2021,2021-09-01,2021-09-02,0.0,0.0,0.0,0,2.24556303644675,0.02909392269559627
Cash / No Trade,2021,2021-09-02,2021-09-03,-0.0,-0.0,0.0,0,2.24556303644675,0.02909392269559627
Cash / No Trade,2021,2021-09-03,2021-09-07,-0.0,-0.0,0.0,0,2.24556303644675,0.02909392269559627
Cash / No Trade,2021,2021-09-07,2021-09-08,0.0,0.0,0.0,0,2.24556303644675,0.02909392269559627
Cash / No Trade,2021,2021-09-08,2021-09-09,-0.0,-0.0,0.0,0,2.24556303644675,0.02909392269559627
Cash / No Trade,2021,2021-09-09,2021-09-10,0.0,0.0,0.0,0,2.24556303644675,0.02909392269559627
Cash / No Trade,2021,2021-09-10,2021-09-13,-0.0,-0.0,0.0,0,2.24556303644675,0.02909392269559627
Cash / No Trade,2021,2021-09-13,2021-09-14,0.0,0.0,0.0,0,2.24556303644675,0.03607069213233834
Cash / No Trade,2021,2021-09-14,2021-09-15,0.0,0.0,0.0,0,2.24556303644675,0.03607069213233834
Cash / No Trade,2021,2021-09-15,2021-09-16,-0.0,-0.0,0.0,0,2.24556303644675,0.03607069213233834
Cash / No Trade,2021,2021-09-16,2021-09-17,-0.0,-0.0,0.0,0,2.24556303644675,0.03607069213233834
Cash / No Trade,2021,2021-09-17,2021-09-20,-0.0,-0.0,0.0,0,2.24556303644675,0.03607069213233834
Cash / No Trade,2021,2021-09-20,2021-09-21,0.0,0.0,0.0,0,2.24556303644675,0.03607069213233834
Cash / No Trade,2021,2021-09-21,2021-09-22,0.0,0.0,0.0,0,2.24556303644675,0.03607069213233834
Cash / No Trade,2021,2021-09-22,2021-09-23,0.0,0.0,0.0,0,2.24556303644675,0.03607069213233834
Cash / No Trade,2021,2021-09-23,2021-09-24,0.0,0.0,0.0,0,2.24556303644675,0.03607069213233834
Cash / No Trade,2021,2021-09-24,2021-09-27,-0.0,-0.0,0.0,0,2.24556303644675,0.03607069213233834
Cash / No Trade,2021,2021-09-27,2021-09-28,-0.0,-0.0,0.0,0,2.24556303644675,0.03607069213233834
Cash / No Trade,2021,2021-09-28,2021-09-29,0.0,0.0,0.0,0,2.24556303644675,0.03607069213233834
Cash / No Trade,2021,2021-09-29,2021-09-30,0.0,0.0,0.0,0,2.24556303644675,0.03607069213233834
Cash / No Trade,2021,2021-09-30,2021-10-01,-0.0,-0.0,0.0,0,2.24556303644675,0.03607069213233834
Cash / No Trade,2021,2021-10-01,2021-10-04,-0.0,-0.0,0.0,0,2.24556303644675,0.03607069213233834
Cash / No Trade,2021,2021-10-04,2021-10-05,0.0,0.0,0.0,0,2.24556303644675,0.03607069213233834
Cash / No Trade,2021,2021-10-05,2021-10-06,-0.0,-0.0,0.0,0,2.24556303644675,0.03607069213233834
Cash / No Trade,2021,2021-10-06,2021-10-07,0.0,0.0,0.0,0,2.24556303644675,0.03607069213233834
Cash / No Trade,2021,2021-10-07,2021-10-08,0.0,0.0,0.0,0,2.24556303644675,0.03607069213233834
Cash / No Trade,2021,2021-10-08,2021-10-11,-0.0,-0.0,0.0,0,2.24556303644675,0.03607069213233834
Cash / No Trade,2021,2021-10-11,2021-10-12,-0.0,-0.0,0.0,0,2.24556303644675,0.03607069213233834
Cash / No Trade,2021,2021-10-12,2021-10-13,-0.0,-0.0,0.0,0,2.24556303644675,0.1816754174811539
Cash / No Trade,2021,2021-10-13,2021-10-14,-0.0,-0.0,0.0,0,2.24556303644675,0.1816754174811539
Cash / No Trade,2021,2021-10-14,2021-10-15,0.0,0.0,0.0,0,2.24556303644675,0.1816754174811539
Cash / No Trade,2021,2021-10-15,2021-10-18,-0.0,-0.0,0.0,0,2.24556303644675,0.1816754174811539
Cash / No Trade,2021,2021-10-18,2021-10-19,-0.0,-0.0,0.0,0,2.24556303644675,0.1816754174811539
Cash / No Trade,2021,2021-10-19,2021-10-20,-0.0,-0.0,0.0,0,2.24556303644675,0.1816754174811539
Cash / No Trade,2021,2021-10-20,2021-10-21,-0.0,-0.0,0.0,0,2.24556303644675,0.1816754174811539
Cash / No Trade,2021,2021-10-21,2021-10-22,-0.0,-0.0,0.0,0,2.24556303644675,0.1816754174811539
Cash / No Trade,2021,2021-10-22,2021-10-25,0.0,0.0,0.0,0,2.24556303644675,0.1816754174811539
Cash / No Trade,2021,2021-10-25,2021-10-26,0.0,0.0,0.0,0,2.24556303644675,0.1816754174811539
Cash / No Trade,2021,2021-10-26,2021-10-27,-0.0,-0.0,0.0,0,2.24556303644675,0.1816754174811539
Cash / No Trade,2021,2021-10-27,2021-10-28,-0.0,-0.0,0.0,0,2.24556303644675,0.1816754174811539
Cash / No Trade,2021,2021-10-28,2021-10-29,-0.0,-0.0,0.0,0,2.24556303644675,0.1816754174811539
Cash / No Trade,2021,2021-10-29,2021-11-01,0.0,0.0,0.0,0,2.24556303644675,0.1816754174811539
Cash / No Trade,2021,2021-11-01,2021-11-02,-0.0,-0.0,0.0,0,2.24556303644675,0.1816754174811539
Cash / No Trade,2021,2021-11-02,2021-11-03,-0.0,-0.0,0.0,0,2.24556303644675,0.1816754174811539
Cash / No Trade,2021,2021-11-03,2021-11-04,-0.0,-0.0,0.0,0,2.24556303644675,0.1816754174811539
Cash / No Trade,2021,2021-11-04,2021-11-05,-0.0,-0.0,0.0,0,2.24556303644675,0.1816754174811539
Cash / No Trade,2021,2021-11-05,2021-11-08,-0.0,-0.0,0.0,0,2.24556303644675,0.1816754174811539
Cash / No Trade,2021,2021-11-08,2021-11-09,-0.0,-0.0,0.0,0,2.24556303644675,0.1816754174811539
Cash / No Trade,2021,2021-11-09,2021-11-10,0.0,0.0,0.0,0,2.24556303644675,0.1816754174811539
Cash / No Trade,2021,2021-11-10,2021-11-11,-0.0,-0.0,0.0,0,2.24556303644675,0.1041833760235778
Cash / No Trade,2021,2021-11-11,2021-11-12,-0.0,-0.0,0.0,0,2.24556303644675,0.1041833760235778
Cash / No Trade,2021,2021-11-12,2021-11-15,-0.0,-0.0,0.0,0,2.24556303644675,0.1041833760235778
Cash / No Trade,2021,2021-11-15,2021-11-16,0.0,0.0,0.0,0,2.24556303644675,0.1041833760235778
Cash / No Trade,2021,2021-11-16,2021-11-17,-0.0,-0.0,0.0,0,2.24556303644675,0.1041833760235778
Cash / No Trade,2021,2021-11-17,2021-11-18,0.0,0.0,0.0,0,2.24556303644675,0.1041833760235778
Cash / No Trade,2021,2021-11-18,2021-11-19,-0.0,-0.0,0.0,0,2.24556303644675,0.1041833760235778
Cash / No Trade,2021,2021-11-19,2021-11-22,0.0,0.0,0.0,0,2.24556303644675,0.1041833760235778
Cash / No Trade,2021,2021-11-22,2021-11-23,0.0,0.0,0.0,0,2.24556303644675,0.1041833760235778
Cash / No Trade,2021,2021-11-23,2021-11-24,0.0,0.0,0.0,0,2.24556303644675,0.1041833760235778
Cash / No Trade,2021,2021-11-24,2021-11-26,-0.0,-0.0,0.0,0,2.24556303644675,0.1041833760235778
Cash / No Trade,2021,2021-11-26,2021-11-29,0.0,0.0,0.0,0,2.24556303644675,0.1041833760235778
Cash / No Trade,2021,2021-11-29,2021-11-30,-0.0,-0.0,0.0,0,2.24556303644675,0.1041833760235778
Cash / No Trade,2021,2021-11-30,2021-12-01,-0.0,-0.0,0.0,0,2.24556303644675,0.1041833760235778
Cash / No Trade,2021,2021-12-01,2021-12-02,0.0,0.0,0.0,0,2.24556303644675,0.1041833760235778
Cash / No Trade,2021,2021-12-02,2021-12-03,-0.0,-0.0,0.0,0,2.24556303644675,0.1041833760235778
Cash / No Trade,2021,2021-12-03,2021-12-06,0.0,0.0,0.0,0,2.24556303644675,0.1041833760235778
Cash / No Trade,2021,2021-12-06,2021-12-07,-0.0,-0.0,0.0,0,2.24556303644675,0.1041833760235778
Cash / No Trade,2021,2021-12-07,2021-12-08,-0.0,-0.0,0.0,0,2.24556303644675,0.1041833760235778
Cash / No Trade,2021,2021-12-08,2021-12-09,-0.0,-0.0,0.0,0,2.24556303644675,0.1041833760235778
Cash / No Trade,2021,2021-12-09,2021-12-10,-0.0,-0.0,0.0,0,2.24556303644675,0.1041833760235778
Cash / No Trade,2021,2021-12-10,2021-12-13,-0.0,-0.0,0.0,0,2.24556303644675,0.07061694274593171
Cash / No Trade,2021,2021-12-13,2021-12-14,-0.0,-0.0,0.0,0,2.24556303644675,0.07061694274593171
Cash / No Trade,2021,2021-12-14,2021-12-15,0.0,0.0,0.0,0,2.24556303644675,0.07061694274593171
Cash / No Trade,2021,2021-12-15,2021-12-16,0.0,0.0,0.0,0,2.24556303644675,0.07061694274593171
Cash / No Trade,2021,2021-12-16,2021-12-17,-0.0,-0.0,0.0,0,2.24556303644675,0.07061694274593171
Cash / No Trade,2021,2021-12-17,2021-12-20,-0.0,-0.0,0.0,0,2.24556303644675,0.07061694274593171
Cash / No Trade,2021,2021-12-20,2021-12-21,0.0,0.0,0.0,0,2.24556303644675,0.07061694274593171
Cash / No Trade,2021,2021-12-21,2021-12-22,0.0,0.0,0.0,0,2.24556303644675,0.07061694274593171
Cash / No Trade,2021,2021-12-22,2021-12-23,-0.0,-0.0,0.0,0,2.24556303644675,0.07061694274593171
Cash / No Trade,2021,2021-12-23,2021-12-27,0.0,0.0,0.0,0,2.24556303644675,0.07061694274593171
Cash / No Trade,2021,2021-12-27,2021-12-28,-0.0,-0.0,0.0,0,2.24556303644675,0.07061694274593171
Cash / No Trade,2021,2021-12-28,2021-12-29,-0.0,-0.0,0.0,0,2.24556303644675,0.07061694274593171
Cash / No Trade,2021,2021-12-29,2021-12-30,-0.0,-0.0,0.0,0,2.24556303644675,0.07061694274593171
Cash / No Trade,2021,2021-12-30,2021-12-31,0.0,0.0,0.0,0,2.24556303644675,0.07061694274593171
Z-score Rule,2022,2022-01-03,2022-01-04,0.0,0.0,0.0,0,2.2604455515758786,0.07061694274593171
Z-score Rule,2022,2022-01-04,2022-01-05,0.0,0.0,0.0,0,2.2604455515758786,0.07061694274593171
Z-score Rule,2022,2022-01-05,2022-01-06,-0.0,-0.0,0.0,0,2.2604455515758786,0.07061694274593171
Z-score Rule,2022,2022-01-06,2022-01-07,0.0,0.0,0.0,0,2.2604455515758786,0.07061694274593171
Z-score Rule,2022,2022-01-07,2022-01-10,-0.0,-0.0,0.0,0,2.2604455515758786,0.07061694274593171
Z-score Rule,2022,2022-01-10,2022-01-11,0.0,0.0,0.0,0,2.2604455515758786,0.07061694274593171
Z-score Rule,2022,2022-01-11,2022-01-12,0.0,0.0,0.0,0,2.2604455515758786,0.1775172751686569
Z-score Rule,2022,2022-01-12,2022-01-13,-0.0,-0.0,0.0,0,2.2604455515758786,0.1775172751686569
Z-score Rule,2022,2022-01-13,2022-01-14,-0.0,-0.0,0.0,0,2.2604455515758786,0.1775172751686569
Z-score Rule,2022,2022-01-14,2022-01-18,0.0,0.0,0.0,0,2.2604455515758786,0.1775172751686569
Z-score Rule,2022,2022-01-18,2022-01-19,0.0,0.0,0.0,0,2.2604455515758786,0.1775172751686569
Z-score Rule,2022,2022-01-19,2022-01-20,0.0,0.0,0.0,0,2.2604455515758786,0.1775172751686569
Z-score Rule,2022,2022-01-20,2022-01-21,0.00024196351874669446,0.0009178208868072602,0.0006758573680605657,-1,2.2604455515758786,0.1775172751686569
Z-score Rule,2022,2022-01-21,2022-01-24,0.009075201280952658,0.009078244541855865,3.04326090320714e-06,-1,2.2604455515758786,0.1775172751686569
Z-score Rule,2022,2022-01-24,2022-01-25,-0.004796070036805722,-0.004792192570358841,3.877466446881167e-06,-1,2.2604455515758786,0.1775172751686569
Z-score Rule,2022,2022-01-25,2022-01-26,-0.01502672711418226,-0.01502345637691832,3.270737263939033e-06,-1,2.2604455515758786,0.1775172751686569
Z-score Rule,2022,2022-01-26,2022-01-27,-0.0017473816038166546,-0.001743172765265071,4.208838551583466e-06,-1,2.2604455515758786,0.1775172751686569
Z-score Rule,2022,2022-01-27,2022-01-28,-0.00870916908759778,-0.008704818281057472,4.350806540308144e-06,-1,2.2604455515758786,0.1775172751686569
Z-score Rule,2022,2022-01-28,2022-01-31,-0.006437454377472866,-0.006432169074094772,5.285303378094547e-06,-1,2.2604455515758786,0.1775172751686569
Z-score Rule,2022,2022-01-31,2022-02-01,-0.008690824696950924,-0.008684637696154098,6.187000796825742e-06,-1,2.2604455515758786,0.1775172751686569
Z-score Rule,2022,2022-02-01,2022-02-02,-0.011795844911791782,-0.01178701406276941,8.83084902237305e-06,-1,2.2604455515758786,0.1775172751686569
Z-score Rule,2022,2022-02-02,2022-02-03,0.0026935594180147243,0.002702735349965431,9.175931950706817e-06,-1,2.2604455515758786,0.1775172751686569
Z-score Rule,2022,2022-02-03,2022-02-04,0.0011941474691873598,0.001202436223594204,8.288754406844151e-06,-1,2.2604455515758786,0.1775172751686569
Z-score Rule,2022,2022-02-04,2022-02-07,-0.00848795551732349,-0.008480009784176587,7.945733146902834e-06,-1,2.2604455515758786,0.1775172751686569
Z-score Rule,2022,2022-02-07,2022-02-08,0.00951259342008839,0.009521312412693786,8.718992605397408e-06,-1,2.2604455515758786,0.1775172751686569
Z-score Rule,2022,2022-02-08,2022-02-09,-0.007552599605435969,-0.007545247195649309,7.352409786659825e-06,-1,2.2604455515758786,0.1775172751686569
Z-score Rule,2022,2022-02-09,2022-02-10,0.0038075236771533583,0.003815531371051806,8.007693898447688e-06,-1,2.2604455515758786,0.1775172751686569
Z-score Rule,2022,2022-02-10,2022-02-11,-0.0007644011467587367,0.0,0.0007644011467587367,0,2.2604455515758786,0.08779136217020235
Z-score Rule,2022,2022-02-11,2022-02-14,0.0,0.0,0.0,0,2.2604455515758786,0.08779136217020235
Z-score Rule,2022,2022-02-14,2022-02-15,0.0,0.0,0.0,0,2.2604455515758786,0.08779136217020235
Z-score Rule,2022,2022-02-15,2022-02-16,0.0,0.0,0.0,0,2.2604455515758786,0.08779136217020235
Z-score Rule,2022,2022-02-16,2022-02-17,0.0,0.0,0.0,0,2.2604455515758786,0.08779136217020235
Z-score Rule,2022,2022-02-17,2022-02-18,0.0,0.0,0.0,0,2.2604455515758786,0.08779136217020235
Z-score Rule,2022,2022-02-18,2022-02-22,0.0,0.0,0.0,0,2.2604455515758786,0.08779136217020235
Z-score Rule,2022,2022-02-22,2022-02-23,0.0,0.0,0.0,0,2.2604455515758786,0.08779136217020235
Z-score Rule,2022,2022-02-23,2022-02-24,0.0,0.0,0.0,0,2.2604455515758786,0.08779136217020235
Z-score Rule,2022,2022-02-24,2022-02-25,-0.0,-0.0,0.0,0,2.2604455515758786,0.08779136217020235
Z-score Rule,2022,2022-02-25,2022-02-28,0.0,0.0,0.0,0,2.2604455515758786,0.08779136217020235
Z-score Rule,2022,2022-02-28,2022-03-01,0.0,0.0,0.0,0,2.2604455515758786,0.08779136217020235
Z-score Rule,2022,2022-03-01,2022-03-02,0.0068300038257719,0.007671021119594151,0.0008410172938222511,-1,2.2604455515758786,0.08779136217020235
Z-score Rule,2022,2022-03-02,2022-03-03,0.003939920973969773,0.003945654416161322,5.733442191548588e-06,-1,2.2604455515758786,0.08779136217020235
Z-score Rule,2022,2022-03-03,2022-03-04,0.013733880421749453,0.01373926634765669,5.385925907236022e-06,-1,2.2604455515758786,0.08779136217020235
Z-score Rule,2022,2022-03-04,2022-03-07,-0.0003331521215869505,-0.0003287059034563942,4.44621813055629e-06,-1,2.2604455515758786,0.08779136217020235
Z-score Rule,2022,2022-03-07,2022-03-08,0.015270403569846084,0.01527490671079863,4.503140952545448e-06,-1,2.2604455515758786,0.08779136217020235
Z-score Rule,2022,2022-03-08,2022-03-09,0.018193192657168036,0.01819814370050511,4.951043337072414e-06,-1,2.2604455515758786,0.08779136217020235
Z-score Rule,2022,2022-03-09,2022-03-10,0.009424058598491878,0.009427316149781494,3.257551289616245e-06,-1,2.2604455515758786,0.08779136217020235
Z-score Rule,2022,2022-03-10,2022-03-11,-0.0149248692165042,-0.01492235586706099,2.513349443209134e-06,-1,2.2604455515758786,0.08779136217020235
Z-score Rule,2022,2022-03-11,2022-03-14,0.04460528647106307,0.044608151846078,2.8653750149286174e-06,-1,2.2604455515758786,0.08779136217020235
Z-score Rule,2022,2022-03-14,2022-03-15,-0.03948518581278994,-0.03948500924835779,1.7656443214814077e-07,-1,2.2604455515758786,0.1603759309480393
Z-score Rule,2022,2022-03-15,2022-03-16,-0.003675995997242261,-0.003673383981058051,2.612016184210142e-06,-1,2.2604455515758786,0.1603759309480393
Z-score Rule,2022,2022-03-16,2022-03-17,-0.017838103709760172,-0.01783528297301379,2.8207367463821686e-06,-1,2.2604455515758786,0.1603759309480393
Z-score Rule,2022,2022-03-17,2022-03-18,-0.0008802826574517043,-0.0,0.0008802826574517043,0,2.2604455515758786,0.1603759309480393
Z-score Rule,2022,2022-03-18,2022-03-21,0.0,0.0,0.0,0,2.2604455515758786,0.1603759309480393
Z-score Rule,2022,2022-03-21,2022-03-22,0.0,0.0,0.0,0,2.2604455515758786,0.1603759309480393
Z-score Rule,2022,2022-03-22,2022-03-23,-0.0,-0.0,0.0,0,2.2604455515758786,0.1603759309480393
Z-score Rule,2022,2022-03-23,2022-03-24,-0.0,-0.0,0.0,0,2.2604455515758786,0.1603759309480393
Z-score Rule,2022,2022-03-24,2022-03-25,0.0,0.0,0.0,0,2.2604455515758786,0.1603759309480393
Z-score Rule,2022,2022-03-25,2022-03-28,-0.0,-0.0,0.0,0,2.2604455515758786,0.1603759309480393
Z-score Rule,2022,2022-03-28,2022-03-29,0.0,0.0,0.0,0,2.2604455515758786,0.1603759309480393
Z-score Rule,2022,2022-03-29,2022-03-30,0.0,0.0,0.0,0,2.2604455515758786,0.1603759309480393
Z-score Rule,2022,2022-03-30,2022-03-31,-0.0,-0.0,0.0,0,2.2604455515758786,0.1603759309480393
Z-score Rule,2022,2022-03-31,2022-04-01,0.0,0.0,0.0,0,2.2604455515758786,0.1603759309480393
Z-score Rule,2022,2022-04-01,2022-04-04,0.0,0.0,0.0,0,2.2604455515758786,0.1603759309480393
Z-score Rule,2022,2022-04-04,2022-04-05,-0.0,-0.0,0.0,0,2.2604455515758786,0.1603759309480393
Z-score Rule,2022,2022-04-05,2022-04-06,0.0,0.0,0.0,0,2.2604455515758786,0.1603759309480393
Z-score Rule,2022,2022-04-06,2022-04-07,0.0,0.0,0.0,0,2.2604455515758786,0.1603759309480393
Z-score Rule,2022,2022-04-07,2022-04-08,0.0,0.0,0.0,0,2.2604455515758786,0.1603759309480393
Z-score Rule,2022,2022-04-08,2022-04-11,-0.0,-0.0,0.0,0,2.2604455515758786,0.1603759309480393
Z-score Rule,2022,2022-04-11,2022-04-12,0.0,0.0,0.0,0,2.2604455515758786,0.1603759309480393
Z-score Rule,2022,2022-04-12,2022-04-13,0.0,0.0,0.0,0,2.2604455515758786,0.1961414457123184
Z-score Rule,2022,2022-04-13,2022-04-14,-0.0,-0.0,0.0,0,2.2604455515758786,0.1961414457123184
Z-score Rule,2022,2022-04-14,2022-04-18,0.0,0.0,0.0,0,2.2604455515758786,0.1961414457123184
Z-score Rule,2022,2022-04-18,2022-04-19,0.0,0.0,0.0,0,2.2604455515758786,0.1961414457123184
Z-score Rule,2022,2022-04-19,2022-04-20,0.0,0.0,0.0,0,2.2604455515758786,0.1961414457123184
Z-score Rule,2022,2022-04-20,2022-04-21,0.0,0.0,0.0,0,2.2604455515758786,0.1961414457123184
Z-score Rule,2022,2022-04-21,2022-04-22,0.0,0.0,0.0,0,2.2604455515758786,0.1961414457123184
Z-score Rule,2022,2022-04-22,2022-04-25,0.0,0.0,0.0,0,2.2604455515758786,0.1961414457123184
Z-score Rule,2022,2022-04-25,2022-04-26,0.0,0.0,0.0,0,2.2604455515758786,0.1961414457123184
Z-score Rule,2022,2022-04-26,2022-04-27,-0.0,-0.0,0.0,0,2.2604455515758786,0.1961414457123184
Z-score Rule,2022,2022-04-27,2022-04-28,0.0,0.0,0.0,0,2.2604455515758786,0.1961414457123184
Z-score Rule,2022,2022-04-28,2022-04-29,0.0,0.0,0.0,0,2.2604455515758786,0.1961414457123184
Z-score Rule,2022,2022-04-29,2022-05-02,-0.0,-0.0,0.0,0,2.2604455515758786,0.1961414457123184
Z-score Rule,2022,2022-05-02,2022-05-03,0.0,0.0,0.0,0,2.2604455515758786,0.1961414457123184
Z-score Rule,2022,2022-05-03,2022-05-04,0.0,0.0,0.0,0,2.2604455515758786,0.1961414457123184
Z-score Rule,2022,2022-05-04,2022-05-05,0.0,0.0,0.0,0,2.2604455515758786,0.1961414457123184
Z-score Rule,2022,2022-05-05,2022-05-06,-0.0,-0.0,0.0,0,2.2604455515758786,0.1961414457123184
Z-score Rule,2022,2022-05-06,2022-05-09,0.0,0.0,0.0,0,2.2604455515758786,0.1961414457123184
Z-score Rule,2022,2022-05-09,2022-05-10,0.0,0.0,0.0,0,2.2604455515758786,0.1961414457123184
Z-score Rule,2022,2022-05-10,2022-05-11,0.0,0.0,0.0,0,2.2604455515758786,0.1961414457123184
Z-score Rule,2022,2022-05-11,2022-05-12,-0.010327217650907107,-0.009286387170160799,0.001040830480746309,-1,2.2604455515758786,0.1961414457123184
Z-score Rule,2022,2022-05-12,2022-05-13,-0.018702969732434058,-0.01869590904888765,7.0606835464075425e-06,-1,2.2604455515758786,0.1379154230291398
Z-score Rule,2022,2022-05-13,2022-05-16,0.058004968715320675,0.05801182448295543,6.855767634756482e-06,-1,2.2604455515758786,0.1379154230291398
Z-score Rule,2022,2022-05-16,2022-05-17,-0.017464171962442855,-0.01746057305802296,3.5989044198925237e-06,-1,2.2604455515758786,0.1379154230291398
Z-score Rule,2022,2022-05-17,2022-05-18,0.014672290559769686,0.01467521538965947,2.924829889783931e-06,-1,2.2604455515758786,0.1379154230291398
Z-score Rule,2022,2022-05-18,2022-05-19,-0.0010203902952554684,-0.0,0.0010203902952554684,0,2.2604455515758786,0.1379154230291398
Z-score Rule,2022,2022-05-19,2022-05-20,-0.0,-0.0,0.0,0,2.2604455515758786,0.1379154230291398
Z-score Rule,2022,2022-05-20,2022-05-23,0.0,0.0,0.0,0,2.2604455515758786,0.1379154230291398
Z-score Rule,2022,2022-05-23,2022-05-24,-0.0,-0.0,0.0,0,2.2604455515758786,0.1379154230291398
Z-score Rule,2022,2022-05-24,2022-05-25,-0.0,-0.0,0.0,0,2.2604455515758786,0.1379154230291398
Z-score Rule,2022,2022-05-25,2022-05-26,0.0,0.0,0.0,0,2.2604455515758786,0.1379154230291398
Z-score Rule,2022,2022-05-26,2022-05-27,-0.0,-0.0,0.0,0,2.2604455515758786,0.1379154230291398
Z-score Rule,2022,2022-05-27,2022-05-31,0.0,0.0,0.0,0,2.2604455515758786,0.1379154230291398
Z-score Rule,2022,2022-05-31,2022-06-01,0.0,0.0,0.0,0,2.2604455515758786,0.1379154230291398
Z-score Rule,2022,2022-06-01,2022-06-02,0.0,0.0,0.0,0,2.2604455515758786,0.1379154230291398
Z-score Rule,2022,2022-06-02,2022-06-03,-0.0,-0.0,0.0,0,2.2604455515758786,0.1379154230291398
Z-score Rule,2022,2022-06-03,2022-06-06,0.0,0.0,0.0,0,2.2604455515758786,0.1379154230291398
Z-score Rule,2022,2022-06-06,2022-06-07,-0.0,-0.0,0.0,0,2.2604455515758786,0.1379154230291398
Z-score Rule,2022,2022-06-07,2022-06-08,0.0,0.0,0.0,0,2.2604455515758786,0.1379154230291398
Z-score Rule,2022,2022-06-08,2022-06-09,-0.0,-0.0,0.0,0,2.2604455515758786,0.1379154230291398
Z-score Rule,2022,2022-06-09,2022-06-10,-0.0,-0.0,0.0,0,2.2604455515758786,0.1379154230291398
Z-score Rule,2022,2022-06-10,2022-06-13,0.0,0.0,0.0,0,2.2604455515758786,0.1379154230291398
Z-score Rule,2022,2022-06-13,2022-06-14,0.0,0.0,0.0,0,2.2604455515758786,0.2463938936062347
Z-score Rule,2022,2022-06-14,2022-06-15,-0.0,-0.0,0.0,0,2.2604455515758786,0.2463938936062347
Z-score Rule,2022,2022-06-15,2022-06-16,-0.008706794169210717,-0.007908823488774797,0.000797970680435919,1,2.2604455515758786,0.2463938936062347
Z-score Rule,2022,2022-06-16,2022-06-17,-0.015416798165535229,-0.01540307939637483,1.3718769160398548e-05,1,2.2604455515758786,0.2463938936062347
Z-score Rule,2022,2022-06-17,2022-06-21,-0.003801894968269835,-0.00379322294266281,8.672025607024902e-06,1,2.2604455515758786,0.2463938936062347
Z-score Rule,2022,2022-06-21,2022-06-22,-0.01831227619695909,-0.0183025273554313,9.748841527787211e-06,1,2.2604455515758786,0.2463938936062347
Z-score Rule,2022,2022-06-22,2022-06-23,-0.029877821248173914,-0.02986807863182251,9.742616351404331e-06,1,2.2604455515758786,0.2463938936062347
Z-score Rule,2022,2022-06-23,2022-06-24,0.004193135268131463,0.004204567864537277,1.1432596405814066e-05,1,2.2604455515758786,0.2463938936062347
Z-score Rule,2022,2022-06-24,2022-06-27,0.001453619287171434,0.001466010341141976,1.2391053970542049e-05,1,2.2604455515758786,0.2463938936062347
Z-score Rule,2022,2022-06-27,2022-06-28,0.0077545146837775395,0.007761882334797087,7.367651019547644e-06,1,2.2604455515758786,0.2463938936062347
Z-score Rule,2022,2022-06-28,2022-06-29,-0.0014805985231884703,-0.001475833936745255,4.7645864432153405e-06,1,2.2604455515758786,0.2463938936062347
Z-score Rule,2022,2022-06-29,2022-06-30,-0.005713294530848928,-0.005707469475802584,5.825055046344368e-06,1,2.2604455515758786,0.2463938936062347
Z-score Rule,2022,2022-06-30,2022-07-01,-0.0206318418774595,-0.02062409014902227,7.751728437227102e-06,1,2.2604455515758786,0.2463938936062347
Z-score Rule,2022,2022-07-01,2022-07-05,-0.025582631892897684,-0.02557874885298096,3.883039916727143e-06,1,2.2604455515758786,0.2463938936062347
Z-score Rule,2022,2022-07-05,2022-07-06,-0.005216783128473832,-0.005209765913924498,7.017214549334794e-06,1,2.2604455515758786,0.2463938936062347
Z-score Rule,2022,2022-07-06,2022-07-07,0.000987622877713801,0.0009961101701210602,8.48729240725915e-06,1,2.2604455515758786,0.2463938936062347
Z-score Rule,2022,2022-07-07,2022-07-08,0.01784656792894684,0.01785424305376965,7.675124822809964e-06,1,2.2604455515758786,0.2463938936062347
Z-score Rule,2022,2022-07-08,2022-07-11,0.003400530735514375,0.003411197413727507,1.0666678213132303e-05,1,2.2604455515758786,0.2463938936062347
Z-score Rule,2022,2022-07-11,2022-07-12,-0.026929868171331355,-0.02692793524662689,1.9329247044658495e-06,1,2.2604455515758786,0.2463938936062347
Z-score Rule,2022,2022-07-12,2022-07-13,-0.01035049815933075,-0.01032564632563488,2.4851833695869853e-05,1,2.2604455515758786,0.2463938936062347
Z-score Rule,2022,2022-07-13,2022-07-14,0.010789976929408586,0.01081318435937573,2.3207429967144283e-05,1,2.2604455515758786,0.2463938936062347
Z-score Rule,2022,2022-07-14,2022-07-15,-0.06526686526518523,-0.06524744418138405,1.9421083801177812e-05,1,2.2604455515758786,0.06060485252359845
Z-score Rule,2022,2022-07-15,2022-07-18,0.019697219916027273,0.01971124292925648,1.4023013229206197e-05,1,2.2604455515758786,0.06060485252359845
Z-score Rule,2022,2022-07-18,2022-07-19,-0.013621405018440004,-0.01360383202187038,1.7572996569623855e-05,1,2.2604455515758786,0.06060485252359845
Z-score Rule,2022,2022-07-19,2022-07-20,-0.019663947033599742,-0.01964499264994796,1.8954383651782566e-05,1,2.2604455515758786,0.06060485252359845
Z-score Rule,2022,2022-07-20,2022-07-21,-0.020944618180201394,-0.02093125802818822,1.336015201317292e-05,1,2.2604455515758786,0.06060485252359845
Z-score Rule,2022,2022-07-21,2022-07-22,0.011546566538250506,0.01155666798499821,1.0101446747703857e-05,1,2.2604455515758786,0.06060485252359845
Z-score Rule,2022,2022-07-22,2022-07-25,0.025035636181979074,0.02504121300937514,5.576827396066523e-06,1,2.2604455515758786,0.06060485252359845
Z-score Rule,2022,2022-07-25,2022-07-26,0.03852472420969547,0.03853319873931829,8.474529622820633e-06,1,2.2604455515758786,0.06060485252359845
Z-score Rule,2022,2022-07-26,2022-07-27,-0.0005113497851583158,0.0,0.0005113497851583158,0,2.2604455515758786,0.06060485252359845
Z-score Rule,2022,2022-07-27,2022-07-28,0.0,0.0,0.0,0,2.2604455515758786,0.06060485252359845
Z-score Rule,2022,2022-07-28,2022-07-29,0.0,0.0,0.0,0,2.2604455515758786,0.06060485252359845
Z-score Rule,2022,2022-07-29,2022-08-01,-0.0,-0.0,0.0,0,2.2604455515758786,0.06060485252359845
Z-score Rule,2022,2022-08-01,2022-08-02,-0.0,-0.0,0.0,0,2.2604455515758786,0.06060485252359845
Z-score Rule,2022,2022-08-02,2022-08-03,-0.0,-0.0,0.0,0,2.2604455515758786,0.06060485252359845
Z-score Rule,2022,2022-08-03,2022-08-04,0.0,0.0,0.0,0,2.2604455515758786,0.06060485252359845
Z-score Rule,2022,2022-08-04,2022-08-05,-0.0,-0.0,0.0,0,2.2604455515758786,0.06060485252359845
Z-score Rule,2022,2022-08-05,2022-08-08,0.0,0.0,0.0,0,2.2604455515758786,0.06060485252359845
Z-score Rule,2022,2022-08-08,2022-08-09,0.0,0.0,0.0,0,2.2604455515758786,0.06060485252359845
Z-score Rule,2022,2022-08-09,2022-08-10,-0.0,-0.0,0.0,0,2.2604455515758786,0.06060485252359845
Z-score Rule,2022,2022-08-10,2022-08-11,0.0,0.0,0.0,0,2.2604455515758786,0.06060485252359845
Z-score Rule,2022,2022-08-11,2022-08-12,-0.0,-0.0,0.0,0,2.2604455515758786,0.06060485252359845
Z-score Rule,2022,2022-08-12,2022-08-15,-0.0,-0.0,0.0,0,2.2604455515758786,0.1267071211672063
Z-score Rule,2022,2022-08-15,2022-08-16,-0.0,-0.0,0.0,0,2.2604455515758786,0.1267071211672063
Z-score Rule,2022,2022-08-16,2022-08-17,0.0,0.0,0.0,0,2.2604455515758786,0.1267071211672063
Z-score Rule,2022,2022-08-17,2022-08-18,0.0,0.0,0.0,0,2.2604455515758786,0.1267071211672063
Z-score Rule,2022,2022-08-18,2022-08-19,-0.0,-0.0,0.0,0,2.2604455515758786,0.1267071211672063
Z-score Rule,2022,2022-08-19,2022-08-22,0.0,0.0,0.0,0,2.2604455515758786,0.1267071211672063
Z-score Rule,2022,2022-08-22,2022-08-23,0.0,0.0,0.0,0,2.2604455515758786,0.1267071211672063
Z-score Rule,2022,2022-08-23,2022-08-24,-0.0,-0.0,0.0,0,2.2604455515758786,0.1267071211672063
Z-score Rule,2022,2022-08-24,2022-08-25,-0.0,-0.0,0.0,0,2.2604455515758786,0.1267071211672063
Z-score Rule,2022,2022-08-25,2022-08-26,0.0,0.0,0.0,0,2.2604455515758786,0.1267071211672063
Z-score Rule,2022,2022-08-26,2022-08-29,-0.0,-0.0,0.0,0,2.2604455515758786,0.1267071211672063
Z-score Rule,2022,2022-08-29,2022-08-30,-0.0,-0.0,0.0,0,2.2604455515758786,0.1267071211672063
Z-score Rule,2022,2022-08-30,2022-08-31,-0.0,-0.0,0.0,0,2.2604455515758786,0.1267071211672063
Z-score Rule,2022,2022-08-31,2022-09-01,-0.0,-0.0,0.0,0,2.2604455515758786,0.1267071211672063
Z-score Rule,2022,2022-09-01,2022-09-02,0.0,0.0,0.0,0,2.2604455515758786,0.1267071211672063
Z-score Rule,2022,2022-09-02,2022-09-06,-0.0,-0.0,0.0,0,2.2604455515758786,0.1267071211672063
Z-score Rule,2022,2022-09-06,2022-09-07,-0.0,-0.0,0.0,0,2.2604455515758786,0.1267071211672063
Z-score Rule,2022,2022-09-07,2022-09-08,0.0,0.0,0.0,0,2.2604455515758786,0.1267071211672063
Z-score Rule,2022,2022-09-08,2022-09-09,0.0,0.0,0.0,0,2.2604455515758786,0.1267071211672063
Z-score Rule,2022,2022-09-09,2022-09-12,0.0,0.0,0.0,0,2.2604455515758786,0.1267071211672063
Z-score Rule,2022,2022-09-12,2022-09-13,-0.0,-0.0,0.0,0,2.2604455515758786,0.1267071211672063
Z-score Rule,2022,2022-09-13,2022-09-14,-0.0,-0.0,0.0,0,2.2604455515758786,0.1701448885914605
Z-score Rule,2022,2022-09-14,2022-09-15,-0.0,-0.0,0.0,0,2.2604455515758786,0.1701448885914605
Z-score Rule,2022,2022-09-15,2022-09-16,-0.0,-0.0,0.0,0,2.2604455515758786,0.1701448885914605
Z-score Rule,2022,2022-09-16,2022-09-19,0.0,0.0,0.0,0,2.2604455515758786,0.1701448885914605
Z-score Rule,2022,2022-09-19,2022-09-20,0.0,0.0,0.0,0,2.2604455515758786,0.1701448885914605
Z-score Rule,2022,2022-09-20,2022-09-21,-0.0,-0.0,0.0,0,2.2604455515758786,0.1701448885914605
Z-score Rule,2022,2022-09-21,2022-09-22,-0.0,-0.0,0.0,0,2.2604455515758786,0.1701448885914605
Z-score Rule,2022,2022-09-22,2022-09-23,-0.0,-0.0,0.0,0,2.2604455515758786,0.1701448885914605
Z-score Rule,2022,2022-09-23,2022-09-26,-0.0,-0.0,0.0,0,2.2604455515758786,0.1701448885914605
Z-score Rule,2022,2022-09-26,2022-09-27,-0.0,-0.0,0.0,0,2.2604455515758786,0.1701448885914605
Z-score Rule,2022,2022-09-27,2022-09-28,-0.0,-0.0,0.0,0,2.2604455515758786,0.1701448885914605
Z-score Rule,2022,2022-09-28,2022-09-29,0.0,0.0,0.0,0,2.2604455515758786,0.1701448885914605
Z-score Rule,2022,2022-09-29,2022-09-30,-0.0,-0.0,0.0,0,2.2604455515758786,0.1701448885914605
Z-score Rule,2022,2022-09-30,2022-10-03,0.0,0.0,0.0,0,2.2604455515758786,0.1701448885914605
Z-score Rule,2022,2022-10-03,2022-10-04,0.0,0.0,0.0,0,2.2604455515758786,0.1701448885914605
Z-score Rule,2022,2022-10-04,2022-10-05,-0.0,-0.0,0.0,0,2.2604455515758786,0.1701448885914605
Z-score Rule,2022,2022-10-05,2022-10-06,-0.0,-0.0,0.0,0,2.2604455515758786,0.1701448885914605
Z-score Rule,2022,2022-10-06,2022-10-07,0.0,0.0,0.0,0,2.2604455515758786,0.1701448885914605
Z-score Rule,2022,2022-10-07,2022-10-10,0.0,0.0,0.0,0,2.2604455515758786,0.1701448885914605
Z-score Rule,2022,2022-10-10,2022-10-11,0.0,0.0,0.0,0,2.2604455515758786,0.1701448885914605
Z-score Rule,2022,2022-10-11,2022-10-12,0.0,0.0,0.0,0,2.2604455515758786,0.1701448885914605
Z-score Rule,2022,2022-10-12,2022-10-13,0.0,0.0,0.0,0,2.2604455515758786,0.127251637188317
Z-score Rule,2022,2022-10-13,2022-10-14,-0.0,-0.0,0.0,0,2.2604455515758786,0.127251637188317
Z-score Rule,2022,2022-10-14,2022-10-17,0.0,0.0,0.0,0,2.2604455515758786,0.127251637188317
Z-score Rule,2022,2022-10-17,2022-10-18,-0.0,-0.0,0.0,0,2.2604455515758786,0.127251637188317
Z-score Rule,2022,2022-10-18,2022-10-19,0.0,0.0,0.0,0,2.2604455515758786,0.127251637188317
Z-score Rule,2022,2022-10-19,2022-10-20,0.0,0.0,0.0,0,2.2604455515758786,0.127251637188317
Z-score Rule,2022,2022-10-20,2022-10-21,0.0,0.0,0.0,0,2.2604455515758786,0.127251637188317
Z-score Rule,2022,2022-10-21,2022-10-24,-0.0,-0.0,0.0,0,2.2604455515758786,0.127251637188317
Z-score Rule,2022,2022-10-24,2022-10-25,0.0,0.0,0.0,0,2.2604455515758786,0.127251637188317
Z-score Rule,2022,2022-10-25,2022-10-26,0.0,0.0,0.0,0,2.2604455515758786,0.127251637188317
Z-score Rule,2022,2022-10-26,2022-10-27,-0.0,-0.0,0.0,0,2.2604455515758786,0.127251637188317
Z-score Rule,2022,2022-10-27,2022-10-28,-0.0,-0.0,0.0,0,2.2604455515758786,0.127251637188317
Z-score Rule,2022,2022-10-28,2022-10-31,0.0,0.0,0.0,0,2.2604455515758786,0.127251637188317
Z-score Rule,2022,2022-10-31,2022-11-01,0.0,0.0,0.0,0,2.2604455515758786,0.127251637188317
Z-score Rule,2022,2022-11-01,2022-11-02,-0.003899576439612419,-0.003215640761006697,0.000683935678605722,-1,2.2604455515758786,0.127251637188317
Z-score Rule,2022,2022-11-02,2022-11-03,-0.0003004348343763504,-0.0002884054773618951,1.202935701445526e-05,-1,2.2604455515758786,0.127251637188317
Z-score Rule,2022,2022-11-03,2022-11-04,-0.011073057556627684,-0.01105900453901088,1.4053017616803e-05,-1,2.2604455515758786,0.127251637188317
Z-score Rule,2022,2022-11-04,2022-11-07,0.0064934948520861055,0.006501286557678242,7.791705592136516e-06,-1,2.2604455515758786,0.127251637188317
Z-score Rule,2022,2022-11-07,2022-11-08,-0.002457955175870113,-0.002448258301092736,9.696874777377185e-06,-1,2.2604455515758786,0.127251637188317
Z-score Rule,2022,2022-11-08,2022-11-09,-0.012772929437971342,-0.01276457493379667,8.3545041746729e-06,-1,2.2604455515758786,0.127251637188317
Z-score Rule,2022,2022-11-09,2022-11-10,0.004397011086037224,0.004402145188960205,5.134102922980055e-06,-1,2.2604455515758786,0.127251637188317
Z-score Rule,2022,2022-11-10,2022-11-11,-0.013330651498097885,-0.01332575788870922,4.893609388664344e-06,-1,2.2604455515758786,0.2437504045014034
Z-score Rule,2022,2022-11-11,2022-11-14,0.0077564071149061305,0.007761804343522428,5.397228616297767e-06,-1,2.2604455515758786,0.2437504045014034
Z-score Rule,2022,2022-11-14,2022-11-15,-0.005806040898279521,-0.005801472523140193,4.568375139328118e-06,-1,2.2604455515758786,0.2437504045014034
Z-score Rule,2022,2022-11-15,2022-11-16,0.015187340468987369,0.01519186180663621,4.521337648840884e-06,-1,2.2604455515758786,0.2437504045014034
Z-score Rule,2022,2022-11-16,2022-11-17,0.007426523059570614,0.007431566970371387,5.043910800773044e-06,-1,2.2604455515758786,0.2437504045014034
Z-score Rule,2022,2022-11-17,2022-11-18,-0.0017021422783441316,-0.001697993027818832,4.149250525299575e-06,-1,2.2604455515758786,0.2437504045014034
Z-score Rule,2022,2022-11-18,2022-11-21,-0.004588815019245585,-0.004580335395922374,8.479623323210727e-06,-1,2.2604455515758786,0.2437504045014034
Z-score Rule,2022,2022-11-21,2022-11-22,0.0009524256890111024,0.000961556000747852,9.130311736749608e-06,-1,2.2604455515758786,0.2437504045014034
Z-score Rule,2022,2022-11-22,2022-11-23,-0.002775923415224963,-0.002766377783513863,9.5456317110999e-06,-1,2.2604455515758786,0.2437504045014034
Z-score Rule,2022,2022-11-23,2022-11-25,-0.0015401353389453841,-0.001528840116157276,1.1295222788108128e-05,-1,2.2604455515758786,0.2437504045014034
Z-score Rule,2022,2022-11-25,2022-11-28,-0.007063505336035903,-0.007051832923030665,1.1672413005238635e-05,-1,2.2604455515758786,0.2437504045014034
Z-score Rule,2022,2022-11-28,2022-11-29,-0.009671307836889373,-0.009663738855164323,7.568981725050273e-06,-1,2.2604455515758786,0.2437504045014034
Z-score Rule,2022,2022-11-29,2022-11-30,0.008093548702744086,0.008101463019419544,7.914316675458333e-06,-1,2.2604455515758786,0.2437504045014034
Z-score Rule,2022,2022-11-30,2022-12-01,0.032594868792810566,0.03259881441484318,3.945622032614282e-06,-1,2.2604455515758786,0.2437504045014034
Z-score Rule,2022,2022-12-01,2022-12-02,-0.0008391210758208805,0.0,0.0008391210758208805,0,2.2604455515758786,0.2437504045014034
Z-score Rule,2022,2022-12-02,2022-12-05,-0.0,-0.0,0.0,0,2.2604455515758786,0.2437504045014034
Z-score Rule,2022,2022-12-05,2022-12-06,-0.0,-0.0,0.0,0,2.2604455515758786,0.2437504045014034
Z-score Rule,2022,2022-12-06,2022-12-07,-0.0,-0.0,0.0,0,2.2604455515758786,0.2437504045014034
Z-score Rule,2022,2022-12-07,2022-12-08,-0.0,-0.0,0.0,0,2.2604455515758786,0.2437504045014034
Z-score Rule,2022,2022-12-08,2022-12-09,-0.0,-0.0,0.0,0,2.2604455515758786,0.2437504045014034
Z-score Rule,2022,2022-12-09,2022-12-12,0.0,0.0,0.0,0,2.2604455515758786,0.2437504045014034
Z-score Rule,2022,2022-12-12,2022-12-13,0.0,0.0,0.0,0,2.2604455515758786,0.2059014815990136
Z-score Rule,2022,2022-12-13,2022-12-14,-0.0,-0.0,0.0,0,2.2604455515758786,0.2059014815990136
Z-score Rule,2022,2022-12-14,2022-12-15,-0.0,-0.0,0.0,0,2.2604455515758786,0.2059014815990136
Z-score Rule,2022,2022-12-15,2022-12-16,-0.0,-0.0,0.0,0,2.2604455515758786,0.2059014815990136
Z-score Rule,2022,2022-12-16,2022-12-19,0.0,0.0,0.0,0,2.2604455515758786,0.2059014815990136
Z-score Rule,2022,2022-12-19,2022-12-20,0.0,0.0,0.0,0,2.2604455515758786,0.2059014815990136
Z-score Rule,2022,2022-12-20,2022-12-21,-0.0,-0.0,0.0,0,2.2604455515758786,0.2059014815990136
Z-score Rule,2022,2022-12-21,2022-12-22,-0.0,-0.0,0.0,0,2.2604455515758786,0.2059014815990136
Z-score Rule,2022,2022-12-22,2022-12-23,0.0,0.0,0.0,0,2.2604455515758786,0.2059014815990136
Z-score Rule,2022,2022-12-23,2022-12-27,0.0,0.0,0.0,0,2.2604455515758786,0.2059014815990136
Z-score Rule,2022,2022-12-27,2022-12-28,-0.0,-0.0,0.0,0,2.2604455515758786,0.2059014815990136
Z-score Rule,2022,2022-12-28,2022-12-29,0.0,0.0,0.0,0,2.2604455515758786,0.2059014815990136
Z-score Rule,2022,2022-12-29,2022-12-30,-0.0,-0.0,0.0,0,2.2604455515758786,0.2059014815990136
Always Long Spread,2022,2022-01-03,2022-01-04,0.021601689245813075,0.02228804051469174,0.0006863512688786651,1,2.2604455515758786,0.07061694274593171
Always Long Spread,2022,2022-01-04,2022-01-05,0.006968429992237483,0.006972786103827267,4.356111589783662e-06,1,2.2604455515758786,0.07061694274593171
Always Long Spread,2022,2022-01-05,2022-01-06,-0.0019304975112128468,-0.001927782661736138,2.7148494767087473e-06,1,2.2604455515758786,0.07061694274593171
Always Long Spread,2022,2022-01-06,2022-01-07,0.006541543128421401,0.00654302892056589,1.4857921444896284e-06,1,2.2604455515758786,0.07061694274593171
Always Long Spread,2022,2022-01-07,2022-01-10,-0.014436612583620508,-0.01443526527588468,1.3473077358272524e-06,1,2.2604455515758786,0.07061694274593171
Always Long Spread,2022,2022-01-10,2022-01-11,0.0016927004979066548,0.001696330957946003,3.6304600393480545e-06,1,2.2604455515758786,0.07061694274593171
Always Long Spread,2022,2022-01-11,2022-01-12,0.007523651248800576,0.007525291383144177,1.6401343436010518e-06,1,2.2604455515758786,0.1775172751686569
Always Long Spread,2022,2022-01-12,2022-01-13,-0.01298312706290082,-0.01298211066764513,1.0163952556903888e-06,1,2.2604455515758786,0.1775172751686569
Always Long Spread,2022,2022-01-13,2022-01-14,-0.023101630082274068,-0.02310126489706857,3.6518520549755353e-07,1,2.2604455515758786,0.1775172751686569
Always Long Spread,2022,2022-01-14,2022-01-18,0.04749167010881581,0.04749571460233144,4.04449351563324e-06,1,2.2604455515758786,0.1775172751686569
Always Long Spread,2022,2022-01-18,2022-01-19,0.014767673201239515,0.01476886959569918,1.1963944596639076e-06,1,2.2604455515758786,0.1775172751686569
Always Long Spread,2022,2022-01-19,2022-01-20,0.02234879408546647,0.02235115760997332,2.3635245068499845e-06,1,2.2604455515758786,0.1775172751686569
Always Long Spread,2022,2022-01-20,2022-01-21,-0.0009223350058178457,-0.0009178208868072602,4.514119010585516e-06,1,2.2604455515758786,0.1775172751686569
Always Long Spread,2022,2022-01-21,2022-01-24,-0.009081287802759071,-0.009078244541855865,3.04326090320714e-06,1,2.2604455515758786,0.1775172751686569
Always Long Spread,2022,2022-01-24,2022-01-25,0.004788315103911959,0.004792192570358841,3.877466446881167e-06,1,2.2604455515758786,0.1775172751686569
Always Long Spread,2022,2022-01-25,2022-01-26,0.015020185639654382,0.01502345637691832,3.270737263939033e-06,1,2.2604455515758786,0.1775172751686569
Always Long Spread,2022,2022-01-26,2022-01-27,0.0017389639267134875,0.001743172765265071,4.208838551583466e-06,1,2.2604455515758786,0.1775172751686569
Always Long Spread,2022,2022-01-27,2022-01-28,0.008700467474517163,0.008704818281057472,4.350806540308144e-06,1,2.2604455515758786,0.1775172751686569
Always Long Spread,2022,2022-01-28,2022-01-31,0.0064268837707166775,0.006432169074094772,5.285303378094547e-06,1,2.2604455515758786,0.1775172751686569
Always Long Spread,2022,2022-01-31,2022-02-01,0.008678450695357273,0.008684637696154098,6.187000796825742e-06,1,2.2604455515758786,0.1775172751686569
Always Long Spread,2022,2022-02-01,2022-02-02,0.011778183213747037,0.01178701406276941,8.83084902237305e-06,1,2.2604455515758786,0.1775172751686569
Always Long Spread,2022,2022-02-02,2022-02-03,-0.002711911281916138,-0.002702735349965431,9.175931950706817e-06,1,2.2604455515758786,0.1775172751686569
Always Long Spread,2022,2022-02-03,2022-02-04,-0.0012107249780010482,-0.001202436223594204,8.288754406844151e-06,1,2.2604455515758786,0.1775172751686569
Always Long Spread,2022,2022-02-04,2022-02-07,0.008472064051029684,0.008480009784176587,7.945733146902834e-06,1,2.2604455515758786,0.1775172751686569
Always Long Spread,2022,2022-02-07,2022-02-08,-0.009530031405299183,-0.009521312412693786,8.718992605397408e-06,1,2.2604455515758786,0.1775172751686569
Always Long Spread,2022,2022-02-08,2022-02-09,0.007537894785862649,0.007545247195649309,7.352409786659825e-06,1,2.2604455515758786,0.1775172751686569
Always Long Spread,2022,2022-02-09,2022-02-10,-0.003823539064950254,-0.003815531371051806,8.007693898447688e-06,1,2.2604455515758786,0.1775172751686569
Always Long Spread,2022,2022-02-10,2022-02-11,0.0024468046284634205,0.002452944462471029,6.139834007608092e-06,1,2.2604455515758786,0.08779136217020235
Always Long Spread,2022,2022-02-11,2022-02-14,0.0017796614255214912,0.001785912472786476,6.251047264984711e-06,1,2.2604455515758786,0.08779136217020235
Always Long Spread,2022,2022-02-14,2022-02-15,0.00019996900535661512,0.0002055003102041878,5.531304847572694e-06,1,2.2604455515758786,0.08779136217020235
Always Long Spread,2022,2022-02-15,2022-02-16,0.009378496448920328,0.009383481958156924,4.985509236597185e-06,1,2.2604455515758786,0.08779136217020235
Always Long Spread,2022,2022-02-16,2022-02-17,0.003085783703034237,0.003091575040344211,5.791337309974054e-06,1,2.2604455515758786,0.08779136217020235
Always Long Spread,2022,2022-02-17,2022-02-18,0.00767622675965002,0.007681997861113439,5.771101463418249e-06,1,2.2604455515758786,0.08779136217020235
Always Long Spread,2022,2022-02-18,2022-02-22,0.012860082109595451,0.01286574418294197,5.66207334652058e-06,1,2.2604455515758786,0.08779136217020235
Always Long Spread,2022,2022-02-22,2022-02-23,0.0007560919039422756,0.0007625497725153793,6.457868573103709e-06,1,2.2604455515758786,0.08779136217020235
Always Long Spread,2022,2022-02-23,2022-02-24,0.00032353205370409544,0.000330428383853696,6.89633014960056e-06,1,2.2604455515758786,0.08779136217020235
Always Long Spread,2022,2022-02-24,2022-02-25,-0.020245133414326662,-0.02023860991749707,6.523496829594189e-06,1,2.2604455515758786,0.08779136217020235
Always Long Spread,2022,2022-02-25,2022-02-28,0.023787165560191177,0.02379124892483832,4.083364647143317e-06,1,2.2604455515758786,0.08779136217020235
Always Long Spread,2022,2022-02-28,2022-03-01,0.023771558168936523,0.0237770105455704,5.452376633874767e-06,1,2.2604455515758786,0.08779136217020235
Always Long Spread,2022,2022-03-01,2022-03-02,-0.007678091622347673,-0.007671021119594151,7.0705027535222784e-06,1,2.2604455515758786,0.08779136217020235
Always Long Spread,2022,2022-03-02,2022-03-03,-0.003951387858352871,-0.003945654416161322,5.733442191548588e-06,1,2.2604455515758786,0.08779136217020235
Always Long Spread,2022,2022-03-03,2022-03-04,-0.013744652273563926,-0.01373926634765669,5.385925907236022e-06,1,2.2604455515758786,0.08779136217020235
Always Long Spread,2022,2022-03-04,2022-03-07,0.00032425968532583794,0.0003287059034563942,4.44621813055629e-06,1,2.2604455515758786,0.08779136217020235
Always Long Spread,2022,2022-03-07,2022-03-08,-0.015279409851751176,-0.01527490671079863,4.503140952545448e-06,1,2.2604455515758786,0.08779136217020235
Always Long Spread,2022,2022-03-08,2022-03-09,-0.018203094743842182,-0.01819814370050511,4.951043337072414e-06,1,2.2604455515758786,0.08779136217020235
Always Long Spread,2022,2022-03-09,2022-03-10,-0.00943057370107111,-0.009427316149781494,3.257551289616245e-06,1,2.2604455515758786,0.08779136217020235
Always Long Spread,2022,2022-03-10,2022-03-11,0.014919842517617781,0.01492235586706099,2.513349443209134e-06,1,2.2604455515758786,0.08779136217020235
Always Long Spread,2022,2022-03-11,2022-03-14,-0.044611017221092925,-0.044608151846078,2.8653750149286174e-06,1,2.2604455515758786,0.08779136217020235
Always Long Spread,2022,2022-03-14,2022-03-15,0.039484832683925636,0.03948500924835779,1.7656443214814077e-07,1,2.2604455515758786,0.1603759309480393
Always Long Spread,2022,2022-03-15,2022-03-16,0.0036707719648738407,0.003673383981058051,2.612016184210142e-06,1,2.2604455515758786,0.1603759309480393
Always Long Spread,2022,2022-03-16,2022-03-17,0.017832462236267405,0.01783528297301379,2.8207367463821686e-06,1,2.2604455515758786,0.1603759309480393
Always Long Spread,2022,2022-03-17,2022-03-18,-0.004985023356528779,-0.004981445670685514,3.5776858432645666e-06,1,2.2604455515758786,0.1603759309480393
Always Long Spread,2022,2022-03-18,2022-03-21,0.006742489647864931,0.00674578972615031,3.3000782853793156e-06,1,2.2604455515758786,0.1603759309480393
Always Long Spread,2022,2022-03-21,2022-03-22,0.010580854344712884,0.01058422257847006,3.3682337571762643e-06,1,2.2604455515758786,0.1603759309480393
Always Long Spread,2022,2022-03-22,2022-03-23,-0.0005824785377169591,-0.0005787332857797329,3.745251937226135e-06,1,2.2604455515758786,0.1603759309480393
Always Long Spread,2022,2022-03-23,2022-03-24,-0.011846515335663757,-0.01184204445991967,4.470875744087166e-06,1,2.2604455515758786,0.1603759309480393
Always Long Spread,2022,2022-03-24,2022-03-25,0.002259493489658399,0.002263285738111296,3.7922484528970514e-06,1,2.2604455515758786,0.1603759309480393
Always Long Spread,2022,2022-03-25,2022-03-28,-0.012131940533673677,-0.01212797647667044,3.9640570032381525e-06,1,2.2604455515758786,0.1603759309480393
Always Long Spread,2022,2022-03-28,2022-03-29,0.009574083598884202,0.00957827736735228,4.193768468078174e-06,1,2.2604455515758786,0.1603759309480393
Always Long Spread,2022,2022-03-29,2022-03-30,0.00015713150762741552,0.000161068989775838,3.937482148422489e-06,1,2.2604455515758786,0.1603759309480393
Always Long Spread,2022,2022-03-30,2022-03-31,-0.017894039981141564,-0.01788919359643841,4.846384703153628e-06,1,2.2604455515758786,0.1603759309480393
Always Long Spread,2022,2022-03-31,2022-04-01,0.01015782158780664,0.01016222498544552,4.403397638880091e-06,1,2.2604455515758786,0.1603759309480393
Always Long Spread,2022,2022-04-01,2022-04-04,0.0025878290632858876,0.00259221598452878,4.386921242892194e-06,1,2.2604455515758786,0.1603759309480393
Always Long Spread,2022,2022-04-04,2022-04-05,-0.00249785502748364,-0.002493822756023906,4.032271459734282e-06,1,2.2604455515758786,0.1603759309480393
Always Long Spread,2022,2022-04-05,2022-04-06,0.0006342580395052778,0.000638322857212277,4.064817706999291e-06,1,2.2604455515758786,0.1603759309480393
Always Long Spread,2022,2022-04-06,2022-04-07,0.0189798342797421,0.01898387299514233,4.0387154002293206e-06,1,2.2604455515758786,0.1603759309480393
Always Long Spread,2022,2022-04-07,2022-04-08,0.010716661658732952,0.01072217298905382,5.511330320867313e-06,1,2.2604455515758786,0.1603759309480393
Always Long Spread,2022,2022-04-08,2022-04-11,-0.0024414884671422952,-0.002435250026479225,6.238440663070111e-06,1,2.2604455515758786,0.1603759309480393
Always Long Spread,2022,2022-04-11,2022-04-12,0.005434352416372656,0.005439825130902609,5.472714529953016e-06,1,2.2604455515758786,0.1603759309480393
Always Long Spread,2022,2022-04-12,2022-04-13,0.008873181935999843,0.008878676740686056,5.494804686213328e-06,1,2.2604455515758786,0.1961414457123184
Always Long Spread,2022,2022-04-13,2022-04-14,-0.002811753843375445,-0.00280587765774967,5.876185625775521e-06,1,2.2604455515758786,0.1961414457123184
Always Long Spread,2022,2022-04-14,2022-04-18,0.009721534211533739,0.009726734780878231,5.200569344491701e-06,1,2.2604455515758786,0.1961414457123184
Always Long Spread,2022,2022-04-18,2022-04-19,0.004322290675712592,0.004329154307710117,6.863631997524877e-06,1,2.2604455515758786,0.1961414457123184
Always Long Spread,2022,2022-04-19,2022-04-20,0.002845873534919242,0.002853299040887746,7.425505968503943e-06,1,2.2604455515758786,0.1961414457123184
Always Long Spread,2022,2022-04-20,2022-04-21,0.006122526425341147,0.006129700515174535,7.174089833387243e-06,1,2.2604455515758786,0.1961414457123184
Always Long Spread,2022,2022-04-21,2022-04-22,0.0032783384842219546,0.003285656886222614,7.318402000659474e-06,1,2.2604455515758786,0.1961414457123184
Always Long Spread,2022,2022-04-22,2022-04-25,0.007008990441702943,0.007015953047331908,6.962605628965002e-06,1,2.2604455515758786,0.1961414457123184
Always Long Spread,2022,2022-04-25,2022-04-26,0.018581639100804823,0.01859003088312157,8.391782316746533e-06,1,2.2604455515758786,0.1961414457123184
Always Long Spread,2022,2022-04-26,2022-04-27,-0.0021587094779510763,-0.002151980651788541,6.728826162535007e-06,1,2.2604455515758786,0.1961414457123184
Always Long Spread,2022,2022-04-27,2022-04-28,0.014071652068537204,0.01407734399661438,5.691928077175557e-06,1,2.2604455515758786,0.1961414457123184
Always Long Spread,2022,2022-04-28,2022-04-29,0.0002888714417095478,0.0002943364540945362,5.465012384988422e-06,1,2.2604455515758786,0.1961414457123184
Always Long Spread,2022,2022-04-29,2022-05-02,-0.02614761262230883,-0.02614197102165825,5.6416006505795035e-06,1,2.2604455515758786,0.1961414457123184
Always Long Spread,2022,2022-05-02,2022-05-03,0.007166205462108681,0.007171265476603857,5.060014495175569e-06,1,2.2604455515758786,0.1961414457123184
Always Long Spread,2022,2022-05-03,2022-05-04,0.027063780054887257,0.02706683166193143,3.0516070441719556e-06,1,2.2604455515758786,0.1961414457123184
Always Long Spread,2022,2022-05-04,2022-05-05,0.008844068569720915,0.008846973436092581,2.904866371667536e-06,1,2.2604455515758786,0.1961414457123184
Always Long Spread,2022,2022-05-05,2022-05-06,-0.004650876087351998,-0.004648062854646398,2.8132327056004104e-06,1,2.2604455515758786,0.1961414457123184
Always Long Spread,2022,2022-05-06,2022-05-09,0.011644116411619979,0.01164512721740806,1.010805788081992e-06,1,2.2604455515758786,0.1961414457123184
Always Long Spread,2022,2022-05-09,2022-05-10,0.01414814307096751,0.01415161192413363,3.468853166121444e-06,1,2.2604455515758786,0.1961414457123184
Always Long Spread,2022,2022-05-10,2022-05-11,0.03210556150797019,0.03210958893527363,4.027427303439524e-06,1,2.2604455515758786,0.1961414457123184
Always Long Spread,2022,2022-05-11,2022-05-12,0.009280032739113337,0.009286387170160799,6.3544310474624725e-06,1,2.2604455515758786,0.1961414457123184
Always Long Spread,2022,2022-05-12,2022-05-13,0.018688848365341244,0.01869590904888765,7.0606835464075425e-06,1,2.2604455515758786,0.1379154230291398
Always Long Spread,2022,2022-05-13,2022-05-16,-0.058018680250590184,-0.05801182448295543,6.855767634756482e-06,1,2.2604455515758786,0.1379154230291398
Always Long Spread,2022,2022-05-16,2022-05-17,0.017456974153603068,0.01746057305802296,3.5989044198925237e-06,1,2.2604455515758786,0.1379154230291398
Always Long Spread,2022,2022-05-17,2022-05-18,-0.014678140219549253,-0.01467521538965947,2.924829889783931e-06,1,2.2604455515758786,0.1379154230291398
Always Long Spread,2022,2022-05-18,2022-05-19,-0.011382933811379394,-0.01138118225502433,1.7515563550630775e-06,1,2.2604455515758786,0.1379154230291398
Always Long Spread,2022,2022-05-19,2022-05-20,-0.002455477148555146,-0.002454698028438656,7.791201164899509e-07,1,2.2604455515758786,0.1379154230291398
Always Long Spread,2022,2022-05-20,2022-05-23,0.007279251692703219,0.00728090617168644,1.6544789832214634e-06,1,2.2604455515758786,0.1379154230291398
Always Long Spread,2022,2022-05-23,2022-05-24,-0.007645954978612,-0.007643287549430238,2.6674291817624376e-06,1,2.2604455515758786,0.1379154230291398
Always Long Spread,2022,2022-05-24,2022-05-25,-0.00012717227649658864,-0.0001233013960764036,3.870880420185019e-06,1,2.2604455515758786,0.1379154230291398
Always Long Spread,2022,2022-05-25,2022-05-26,0.017146698675147978,0.01715053721913861,3.838543990633992e-06,1,2.2604455515758786,0.1379154230291398
Always Long Spread,2022,2022-05-26,2022-05-27,-0.006295474270383871,-0.006290868060664765,4.606209719106525e-06,1,2.2604455515758786,0.1379154230291398
Always Long Spread,2022,2022-05-27,2022-05-31,0.01279522240143031,0.01279770755312311,2.4851516928015016e-06,1,2.2604455515758786,0.1379154230291398
Always Long Spread,2022,2022-05-31,2022-06-01,0.009154528302976483,0.00916275869535442,8.230392377937656e-06,1,2.2604455515758786,0.1379154230291398
Always Long Spread,2022,2022-06-01,2022-06-02,0.017668993717665452,0.01768025497966263,1.1261261997180916e-05,1,2.2604455515758786,0.1379154230291398
Always Long Spread,2022,2022-06-02,2022-06-03,-0.002426414108906394,-0.002413161397043177,1.325271186321686e-05,1,2.2604455515758786,0.1379154230291398
Always Long Spread,2022,2022-06-03,2022-06-06,0.0026373613981602114,0.002655311223074401,1.794982491418956e-05,1,2.2604455515758786,0.1379154230291398
Always Long Spread,2022,2022-06-06,2022-06-07,-0.004547742657274086,-0.004525587856384936,2.215480088914973e-05,1,2.2604455515758786,0.1379154230291398
Always Long Spread,2022,2022-06-07,2022-06-08,0.010326768996991637,0.01034323186568073,1.6462868689093524e-05,1,2.2604455515758786,0.1379154230291398
Always Long Spread,2022,2022-06-08,2022-06-09,-0.005663883736646666,-0.005643858754489302,2.002498215736498e-05,1,2.2604455515758786,0.1379154230291398
Always Long Spread,2022,2022-06-09,2022-06-10,-0.016199153546201245,-0.01618241789216053,1.673565404071409e-05,1,2.2604455515758786,0.1379154230291398
Always Long Spread,2022,2022-06-10,2022-06-13,0.0017629858241257205,0.001780341609737921,1.735578561220047e-05,1,2.2604455515758786,0.1379154230291398
Always Long Spread,2022,2022-06-13,2022-06-14,0.001379643600295302,0.001401463627002777,2.182002670747518e-05,1,2.2604455515758786,0.2463938936062347
Always Long Spread,2022,2022-06-14,2022-06-15,-0.01270648936935036,-0.01268464739723994,2.1841972110421826e-05,1,2.2604455515758786,0.2463938936062347
Always Long Spread,2022,2022-06-15,2022-06-16,-0.007925808409742581,-0.007908823488774797,1.6984920967783757e-05,1,2.2604455515758786,0.2463938936062347
Always Long Spread,2022,2022-06-16,2022-06-17,-0.015416798165535229,-0.01540307939637483,1.3718769160398548e-05,1,2.2604455515758786,0.2463938936062347
Always Long Spread,2022,2022-06-17,2022-06-21,-0.003801894968269835,-0.00379322294266281,8.672025607024902e-06,1,2.2604455515758786,0.2463938936062347
Always Long Spread,2022,2022-06-21,2022-06-22,-0.01831227619695909,-0.0183025273554313,9.748841527787211e-06,1,2.2604455515758786,0.2463938936062347
Always Long Spread,2022,2022-06-22,2022-06-23,-0.029877821248173914,-0.02986807863182251,9.742616351404331e-06,1,2.2604455515758786,0.2463938936062347
Always Long Spread,2022,2022-06-23,2022-06-24,0.004193135268131463,0.004204567864537277,1.1432596405814066e-05,1,2.2604455515758786,0.2463938936062347
Always Long Spread,2022,2022-06-24,2022-06-27,0.001453619287171434,0.001466010341141976,1.2391053970542049e-05,1,2.2604455515758786,0.2463938936062347
Always Long Spread,2022,2022-06-27,2022-06-28,0.0077545146837775395,0.007761882334797087,7.367651019547644e-06,1,2.2604455515758786,0.2463938936062347
Always Long Spread,2022,2022-06-28,2022-06-29,-0.0014805985231884703,-0.001475833936745255,4.7645864432153405e-06,1,2.2604455515758786,0.2463938936062347
Always Long Spread,2022,2022-06-29,2022-06-30,-0.005713294530848928,-0.005707469475802584,5.825055046344368e-06,1,2.2604455515758786,0.2463938936062347
Always Long Spread,2022,2022-06-30,2022-07-01,-0.0206318418774595,-0.02062409014902227,7.751728437227102e-06,1,2.2604455515758786,0.2463938936062347
Always Long Spread,2022,2022-07-01,2022-07-05,-0.025582631892897684,-0.02557874885298096,3.883039916727143e-06,1,2.2604455515758786,0.2463938936062347
Always Long Spread,2022,2022-07-05,2022-07-06,-0.005216783128473832,-0.005209765913924498,7.017214549334794e-06,1,2.2604455515758786,0.2463938936062347
Always Long Spread,2022,2022-07-06,2022-07-07,0.000987622877713801,0.0009961101701210602,8.48729240725915e-06,1,2.2604455515758786,0.2463938936062347
Always Long Spread,2022,2022-07-07,2022-07-08,0.01784656792894684,0.01785424305376965,7.675124822809964e-06,1,2.2604455515758786,0.2463938936062347
Always Long Spread,2022,2022-07-08,2022-07-11,0.003400530735514375,0.003411197413727507,1.0666678213132303e-05,1,2.2604455515758786,0.2463938936062347
Always Long Spread,2022,2022-07-11,2022-07-12,-0.026929868171331355,-0.02692793524662689,1.9329247044658495e-06,1,2.2604455515758786,0.2463938936062347
Always Long Spread,2022,2022-07-12,2022-07-13,-0.01035049815933075,-0.01032564632563488,2.4851833695869853e-05,1,2.2604455515758786,0.2463938936062347
Always Long Spread,2022,2022-07-13,2022-07-14,0.010789976929408586,0.01081318435937573,2.3207429967144283e-05,1,2.2604455515758786,0.2463938936062347
Always Long Spread,2022,2022-07-14,2022-07-15,-0.06526686526518523,-0.06524744418138405,1.9421083801177812e-05,1,2.2604455515758786,0.06060485252359845
Always Long Spread,2022,2022-07-15,2022-07-18,0.019697219916027273,0.01971124292925648,1.4023013229206197e-05,1,2.2604455515758786,0.06060485252359845
Always Long Spread,2022,2022-07-18,2022-07-19,-0.013621405018440004,-0.01360383202187038,1.7572996569623855e-05,1,2.2604455515758786,0.06060485252359845
Always Long Spread,2022,2022-07-19,2022-07-20,-0.019663947033599742,-0.01964499264994796,1.8954383651782566e-05,1,2.2604455515758786,0.06060485252359845
Always Long Spread,2022,2022-07-20,2022-07-21,-0.020944618180201394,-0.02093125802818822,1.336015201317292e-05,1,2.2604455515758786,0.06060485252359845
Always Long Spread,2022,2022-07-21,2022-07-22,0.011546566538250506,0.01155666798499821,1.0101446747703857e-05,1,2.2604455515758786,0.06060485252359845
Always Long Spread,2022,2022-07-22,2022-07-25,0.025035636181979074,0.02504121300937514,5.576827396066523e-06,1,2.2604455515758786,0.06060485252359845
Always Long Spread,2022,2022-07-25,2022-07-26,0.03852472420969547,0.03853319873931829,8.474529622820633e-06,1,2.2604455515758786,0.06060485252359845
Always Long Spread,2022,2022-07-26,2022-07-27,0.029316259661992642,0.02932402883713055,7.769175137907647e-06,1,2.2604455515758786,0.06060485252359845
Always Long Spread,2022,2022-07-27,2022-07-28,0.019139835318136292,0.01914719510980405,7.3597916677581036e-06,1,2.2604455515758786,0.06060485252359845
Always Long Spread,2022,2022-07-28,2022-07-29,0.017287890061512396,0.01729271404113058,4.823979618183955e-06,1,2.2604455515758786,0.06060485252359845
Always Long Spread,2022,2022-07-29,2022-08-01,-0.026808987126638647,-0.02680736879376344,1.6183328752077102e-06,1,2.2604455515758786,0.06060485252359845
Always Long Spread,2022,2022-08-01,2022-08-02,-0.01569106760452847,-0.01568827292809271,2.794676435759456e-06,1,2.2604455515758786,0.06060485252359845
Always Long Spread,2022,2022-08-02,2022-08-03,-0.007732108992106668,-0.007727875062850682,4.233929255986312e-06,1,2.2604455515758786,0.06060485252359845
Always Long Spread,2022,2022-08-03,2022-08-04,0.0385807282190703,0.03858409512410853,3.36690503822654e-06,1,2.2604455515758786,0.06060485252359845
Always Long Spread,2022,2022-08-04,2022-08-05,-0.0014571479544359318,-0.001455214317125695,1.9336373102367377e-06,1,2.2604455515758786,0.06060485252359845
Always Long Spread,2022,2022-08-05,2022-08-08,0.002897671409127675,0.002899008712653695,1.3373035260198195e-06,1,2.2604455515758786,0.06060485252359845
Always Long Spread,2022,2022-08-08,2022-08-09,0.046047649878542866,0.04604953008067353,1.8802021306590123e-06,1,2.2604455515758786,0.06060485252359845
Always Long Spread,2022,2022-08-09,2022-08-10,-0.0024813950800310963,-0.002479053469610634,2.341610420462492e-06,1,2.2604455515758786,0.06060485252359845
Always Long Spread,2022,2022-08-10,2022-08-11,0.012562606497156917,0.01256611670727927,3.5102101223528082e-06,1,2.2604455515758786,0.06060485252359845
Always Long Spread,2022,2022-08-11,2022-08-12,-0.023831566201315612,-0.02382650634137784,5.05985993777114e-06,1,2.2604455515758786,0.06060485252359845
Always Long Spread,2022,2022-08-12,2022-08-15,-0.11468656563806898,-0.1146851571418571,1.4084962118744402e-06,1,2.2604455515758786,0.1267071211672063
Always Long Spread,2022,2022-08-15,2022-08-16,-0.027923659999972265,-0.02792323860740965,4.2139256261652936e-07,1,2.2604455515758786,0.1267071211672063
Always Long Spread,2022,2022-08-16,2022-08-17,0.014516727967596222,0.01452117553995156,4.447572355338736e-06,1,2.2604455515758786,0.1267071211672063
Always Long Spread,2022,2022-08-17,2022-08-18,0.013851642652646736,0.01385462167954231,2.9790268955738945e-06,1,2.2604455515758786,0.1267071211672063
Always Long Spread,2022,2022-08-18,2022-08-19,-0.004540200589365267,-0.004539720902154868,4.796872103994951e-07,1,2.2604455515758786,0.1267071211672063
Always Long Spread,2022,2022-08-19,2022-08-22,0.025577116928834777,0.02557819213252867,1.0752036938964457e-06,1,2.2604455515758786,0.1267071211672063
Always Long Spread,2022,2022-08-22,2022-08-23,0.025898456174797448,0.02590027200596716,1.815831169713256e-06,1,2.2604455515758786,0.1267071211672063
Always Long Spread,2022,2022-08-23,2022-08-24,-0.0038641719383284033,-0.003862541427090725,1.6305112376782698e-06,1,2.2604455515758786,0.1267071211672063
Always Long Spread,2022,2022-08-24,2022-08-25,-0.005692266185108192,-0.005690441283895805,1.8249012123872305e-06,1,2.2604455515758786,0.1267071211672063
Always Long Spread,2022,2022-08-25,2022-08-26,0.03431181482795485,0.03431297564904005,1.16082108520533e-06,1,2.2604455515758786,0.1267071211672063
Always Long Spread,2022,2022-08-26,2022-08-29,-0.04489844267898009,-0.04489679552117119,1.6471578088985191e-06,1,2.2604455515758786,0.1267071211672063
Always Long Spread,2022,2022-08-29,2022-08-30,-0.015529500888684412,-0.01552324928490811,6.2516037763017e-06,1,2.2604455515758786,0.1267071211672063
Always Long Spread,2022,2022-08-30,2022-08-31,-0.003988791111195831,-0.003984607009779679,4.184101416152192e-06,1,2.2604455515758786,0.1267071211672063
Always Long Spread,2022,2022-08-31,2022-09-01,-0.02418450911157299,-0.02417876839559244,5.740715980548733e-06,1,2.2604455515758786,0.1267071211672063
Always Long Spread,2022,2022-09-01,2022-09-02,0.02420069762013241,0.02420374746592014,3.0498457877297034e-06,1,2.2604455515758786,0.1267071211672063
Always Long Spread,2022,2022-09-02,2022-09-06,-0.015407236227020797,-0.01540261496296045,4.621264060347858e-06,1,2.2604455515758786,0.1267071211672063
Always Long Spread,2022,2022-09-06,2022-09-07,-0.015330822180413421,-0.01532820030454473,2.621875868691101e-06,1,2.2604455515758786,0.1267071211672063
Always Long Spread,2022,2022-09-07,2022-09-08,0.0013874460221474677,0.001390537716645035,3.0916944975673683e-06,1,2.2604455515758786,0.1267071211672063
Always Long Spread,2022,2022-09-08,2022-09-09,0.014216447089542159,0.01422099712877011,4.55003922795158e-06,1,2.2604455515758786,0.1267071211672063
Always Long Spread,2022,2022-09-09,2022-09-12,0.043355218165887964,0.04335570218599574,4.840201077757067e-07,1,2.2604455515758786,0.1267071211672063
Always Long Spread,2022,2022-09-12,2022-09-13,-0.011469928478152385,-0.01146458009597847,5.348382173915364e-06,1,2.2604455515758786,0.1267071211672063
Always Long Spread,2022,2022-09-13,2022-09-14,-0.020205099254743293,-0.02020073747362925,4.361781114042454e-06,1,2.2604455515758786,0.1701448885914605
Always Long Spread,2022,2022-09-14,2022-09-15,-0.04038901965269537,-0.04038203813431651,6.981518378858243e-06,1,2.2604455515758786,0.1701448885914605
Always Long Spread,2022,2022-09-15,2022-09-16,-0.003023451192181255,-0.003023294328507823,1.5686367343228925e-07,1,2.2604455515758786,0.1701448885914605
Always Long Spread,2022,2022-09-16,2022-09-19,0.010421310998797235,0.01042156253980336,2.5154100612514995e-07,1,2.2604455515758786,0.1701448885914605
Always Long Spread,2022,2022-09-19,2022-09-20,0.014250210842322754,0.0142506583037716,4.474614488458595e-07,1,2.2604455515758786,0.1701448885914605
Always Long Spread,2022,2022-09-20,2022-09-21,-0.011172307558584407,-0.01117108737170053,1.220186883878177e-06,1,2.2604455515758786,0.1701448885914605
Always Long Spread,2022,2022-09-21,2022-09-22,-0.004718060338874465,-0.00471455504590803,3.5052929664358415e-06,1,2.2604455515758786,0.1701448885914605
Always Long Spread,2022,2022-09-22,2022-09-23,-0.022920499066500025,-0.02292011293696301,3.8612953701505637e-07,1,2.2604455515758786,0.1701448885914605
Always Long Spread,2022,2022-09-23,2022-09-26,-0.011660799770840832,-0.01165798858111519,2.811189725641067e-06,1,2.2604455515758786,0.1701448885914605
Always Long Spread,2022,2022-09-26,2022-09-27,-0.0034427917069141892,-0.003437265198729219,5.526508184970497e-06,1,2.2604455515758786,0.1701448885914605
Always Long Spread,2022,2022-09-27,2022-09-28,-9.037570160797865e-05,-8.33612570491451e-05,7.014444558833543e-06,1,2.2604455515758786,0.1701448885914605
Always Long Spread,2022,2022-09-28,2022-09-29,8.422270817091954e-05,9.290032284179619e-05,8.67761467087666e-06,1,2.2604455515758786,0.1701448885914605
Always Long Spread,2022,2022-09-29,2022-09-30,-0.03343719807619465,-0.03342497149971501,1.2226576479636845e-05,1,2.2604455515758786,0.1701448885914605
Always Long Spread,2022,2022-09-30,2022-10-03,0.006669928921698318,0.006685255898043529,1.5326976345211163e-05,1,2.2604455515758786,0.1701448885914605
Always Long Spread,2022,2022-10-03,2022-10-04,0.00713560928171981,0.007149922609465393,1.4313327745582884e-05,1,2.2604455515758786,0.1701448885914605
Always Long Spread,2022,2022-10-04,2022-10-05,-0.00991864464859088,-0.009905481615772406,1.3163032818473117e-05,1,2.2604455515758786,0.1701448885914605
Always Long Spread,2022,2022-10-05,2022-10-06,-0.0074314404213815174,-0.007417837622422932,1.3602798958585322e-05,1,2.2604455515758786,0.1701448885914605
Always Long Spread,2022,2022-10-06,2022-10-07,0.004282846127416917,0.004297616235274433,1.477010785751641e-05,1,2.2604455515758786,0.1701448885914605
Always Long Spread,2022,2022-10-07,2022-10-10,0.003075603295506982,0.003084989126580465,9.3858310734833e-06,1,2.2604455515758786,0.1701448885914605
Always Long Spread,2022,2022-10-10,2022-10-11,0.0017432703643906412,0.001750070530506874,6.800166116232604e-06,1,2.2604455515758786,0.1701448885914605
Always Long Spread,2022,2022-10-11,2022-10-12,0.00974165680153592,0.0097459200158324,4.26321429647944e-06,1,2.2604455515758786,0.1701448885914605
Always Long Spread,2022,2022-10-12,2022-10-13,0.0011171635682799093,0.001117537147335657,3.735790557476554e-07,1,2.2604455515758786,0.127251637188317
Always Long Spread,2022,2022-10-13,2022-10-14,-0.008638058751843373,-0.0086347001676228,3.358584220573155e-06,1,2.2604455515758786,0.127251637188317
Always Long Spread,2022,2022-10-14,2022-10-17,0.004356274453038195,0.004360996010501141,4.721557462946849e-06,1,2.2604455515758786,0.127251637188317
Always Long Spread,2022,2022-10-17,2022-10-18,-0.005182414451444712,-0.005175062484102157,7.351967342554652e-06,1,2.2604455515758786,0.127251637188317
Always Long Spread,2022,2022-10-18,2022-10-19,0.0004089113561474814,0.0004173297706790486,8.418414531567248e-06,1,2.2604455515758786,0.127251637188317
Always Long Spread,2022,2022-10-19,2022-10-20,0.007118112084675498,0.007127996680425536,9.884595750039e-06,1,2.2604455515758786,0.127251637188317
Always Long Spread,2022,2022-10-20,2022-10-21,0.000155357643581837,0.0001614558719624038,6.0982283805667975e-06,1,2.2604455515758786,0.127251637188317
Always Long Spread,2022,2022-10-21,2022-10-24,-0.011339809429577345,-0.01133532699659783,4.4824329795156575e-06,1,2.2604455515758786,0.127251637188317
Always Long Spread,2022,2022-10-24,2022-10-25,0.002742874964218691,0.002750752291565055,7.877327346363955e-06,1,2.2604455515758786,0.127251637188317
Always Long Spread,2022,2022-10-25,2022-10-26,0.004568221567358054,0.004575538811341263,7.3172439832091265e-06,1,2.2604455515758786,0.127251637188317
Always Long Spread,2022,2022-10-26,2022-10-27,-0.004550449342656477,-0.004541722142408826,8.727200247651168e-06,1,2.2604455515758786,0.127251637188317
Always Long Spread,2022,2022-10-27,2022-10-28,-0.0035757594407367413,-0.003568072803719789,7.68663701695238e-06,1,2.2604455515758786,0.127251637188317
Always Long Spread,2022,2022-10-28,2022-10-31,0.011672810406566139,0.01167999015951111,7.179752944970863e-06,1,2.2604455515758786,0.127251637188317
Always Long Spread,2022,2022-10-31,2022-11-01,0.02290122336034604,0.02290882084203287,7.597481686831303e-06,1,2.2604455515758786,0.127251637188317
Always Long Spread,2022,2022-11-01,2022-11-02,0.003204948768723091,0.003215640761006697,1.0691992283606233e-05,1,2.2604455515758786,0.127251637188317
Always Long Spread,2022,2022-11-02,2022-11-03,0.00027637612034743986,0.0002884054773618951,1.202935701445526e-05,1,2.2604455515758786,0.127251637188317
Always Long Spread,2022,2022-11-03,2022-11-04,0.011044951521394076,0.01105900453901088,1.4053017616803e-05,1,2.2604455515758786,0.127251637188317
Always Long Spread,2022,2022-11-04,2022-11-07,-0.006509078263270379,-0.006501286557678242,7.791705592136516e-06,1,2.2604455515758786,0.127251637188317
Always Long Spread,2022,2022-11-07,2022-11-08,0.0024385614263153586,0.002448258301092736,9.696874777377185e-06,1,2.2604455515758786,0.127251637188317
Always Long Spread,2022,2022-11-08,2022-11-09,0.012756220429621996,0.01276457493379667,8.3545041746729e-06,1,2.2604455515758786,0.127251637188317
Always Long Spread,2022,2022-11-09,2022-11-10,-0.004407279291883185,-0.004402145188960205,5.134102922980055e-06,1,2.2604455515758786,0.127251637188317
Always Long Spread,2022,2022-11-10,2022-11-11,0.013320864279320555,0.01332575788870922,4.893609388664344e-06,1,2.2604455515758786,0.2437504045014034
Always Long Spread,2022,2022-11-11,2022-11-14,-0.007767201572138726,-0.007761804343522428,5.397228616297767e-06,1,2.2604455515758786,0.2437504045014034
Always Long Spread,2022,2022-11-14,2022-11-15,0.0057969041480008645,0.005801472523140193,4.568375139328118e-06,1,2.2604455515758786,0.2437504045014034
Always Long Spread,2022,2022-11-15,2022-11-16,-0.015196383144285052,-0.01519186180663621,4.521337648840884e-06,1,2.2604455515758786,0.2437504045014034
Always Long Spread,2022,2022-11-16,2022-11-17,-0.00743661088117216,-0.007431566970371387,5.043910800773044e-06,1,2.2604455515758786,0.2437504045014034
Always Long Spread,2022,2022-11-17,2022-11-18,0.0016938437772935323,0.001697993027818832,4.149250525299575e-06,1,2.2604455515758786,0.2437504045014034
Always Long Spread,2022,2022-11-18,2022-11-21,0.004571855772599164,0.004580335395922374,8.479623323210727e-06,1,2.2604455515758786,0.2437504045014034
Always Long Spread,2022,2022-11-21,2022-11-22,-0.0009706863124846016,-0.000961556000747852,9.130311736749608e-06,1,2.2604455515758786,0.2437504045014034
Always Long Spread,2022,2022-11-22,2022-11-23,0.0027568321518027634,0.002766377783513863,9.5456317110999e-06,1,2.2604455515758786,0.2437504045014034
Always Long Spread,2022,2022-11-23,2022-11-25,0.0015175448933691677,0.001528840116157276,1.1295222788108128e-05,1,2.2604455515758786,0.2437504045014034
Always Long Spread,2022,2022-11-25,2022-11-28,0.007040160510025427,0.007051832923030665,1.1672413005238635e-05,1,2.2604455515758786,0.2437504045014034
Always Long Spread,2022,2022-11-28,2022-11-29,0.009656169873439273,0.009663738855164323,7.568981725050273e-06,1,2.2604455515758786,0.2437504045014034
Always Long Spread,2022,2022-11-29,2022-11-30,-0.008109377336095002,-0.008101463019419544,7.914316675458333e-06,1,2.2604455515758786,0.2437504045014034
Always Long Spread,2022,2022-11-30,2022-12-01,-0.03260276003687579,-0.03259881441484318,3.945622032614282e-06,1,2.2604455515758786,0.2437504045014034
Always Long Spread,2022,2022-12-01,2022-12-02,0.00024795121063391726,0.0002522179305337741,4.26671989985683e-06,1,2.2604455515758786,0.2437504045014034
Always Long Spread,2022,2022-12-02,2022-12-05,-0.012877614225834538,-0.01286850440957397,9.109816260568283e-06,1,2.2604455515758786,0.2437504045014034
Always Long Spread,2022,2022-12-05,2022-12-06,-0.01646123109828999,-0.01645032048016647,1.0910618123521398e-05,1,2.2604455515758786,0.2437504045014034
Always Long Spread,2022,2022-12-06,2022-12-07,-0.009520574329942376,-0.009513667522295804,6.906807646571644e-06,1,2.2604455515758786,0.2437504045014034
Always Long Spread,2022,2022-12-07,2022-12-08,-0.0016948079868660817,-0.001693588419081826,1.219567784255693e-06,1,2.2604455515758786,0.2437504045014034
Always Long Spread,2022,2022-12-08,2022-12-09,-0.005454877601497645,-0.005452813213079642,2.0643884180026053e-06,1,2.2604455515758786,0.2437504045014034
Always Long Spread,2022,2022-12-09,2022-12-12,0.02175401778838445,0.02175450285329771,4.850649132618345e-07,1,2.2604455515758786,0.2437504045014034
Always Long Spread,2022,2022-12-12,2022-12-13,0.010286833008643186,0.01028850300113201,1.6699924888242678e-06,1,2.2604455515758786,0.2059014815990136
Always Long Spread,2022,2022-12-13,2022-12-14,-0.008198606343659645,-0.008196138851253414,2.467492406231009e-06,1,2.2604455515758786,0.2059014815990136
Always Long Spread,2022,2022-12-14,2022-12-15,-0.0047722125429876016,-0.004771230292199037,9.822507885646204e-07,1,2.2604455515758786,0.2059014815990136
Always Long Spread,2022,2022-12-15,2022-12-16,-0.008114043234579944,-0.00811305208512315,9.911494567929613e-07,1,2.2604455515758786,0.2059014815990136
Always Long Spread,2022,2022-12-16,2022-12-19,0.009410380237021525,0.009414312391249006,3.932154227481555e-06,1,2.2604455515758786,0.2059014815990136
Always Long Spread,2022,2022-12-19,2022-12-20,0.006727460166571322,0.006731497620027863,4.0374534565405515e-06,1,2.2604455515758786,0.2059014815990136
Always Long Spread,2022,2022-12-20,2022-12-21,-0.004028777837397586,-0.004024060694937012,4.717142460574253e-06,1,2.2604455515758786,0.2059014815990136
Always Long Spread,2022,2022-12-21,2022-12-22,-0.002691140418681804,-0.002688165403050999,2.9750156308048783e-06,1,2.2604455515758786,0.2059014815990136
Always Long Spread,2022,2022-12-22,2022-12-23,0.00245569831063961,0.002457218822796015,1.520512156404863e-06,1,2.2604455515758786,0.2059014815990136
Always Long Spread,2022,2022-12-23,2022-12-27,0.007655614084899274,0.007657610451113969,1.9963662146949e-06,1,2.2604455515758786,0.2059014815990136
Always Long Spread,2022,2022-12-27,2022-12-28,-0.006008932633887435,-0.006006929916942245,2.002716945191052e-06,1,2.2604455515758786,0.2059014815990136
Always Long Spread,2022,2022-12-28,2022-12-29,0.004779099602112962,0.004783115695486556,4.016093373593377e-06,1,2.2604455515758786,0.2059014815990136
Always Long Spread,2022,2022-12-29,2022-12-30,-0.014917578335311422,-0.01406966205134549,0.0008479162839659314,1,2.2604455515758786,0.2059014815990136
Always Short Spread,2022,2022-01-03,2022-01-04,-0.022974391783570403,-0.02228804051469174,0.0006863512688786651,-1,2.2604455515758786,0.07061694274593171
Always Short Spread,2022,2022-01-04,2022-01-05,-0.006977142215417051,-0.006972786103827267,4.356111589783662e-06,-1,2.2604455515758786,0.07061694274593171
Always Short Spread,2022,2022-01-05,2022-01-06,0.0019250678122594291,0.001927782661736138,2.7148494767087473e-06,-1,2.2604455515758786,0.07061694274593171
Always Short Spread,2022,2022-01-06,2022-01-07,-0.00654451471271038,-0.00654302892056589,1.4857921444896284e-06,-1,2.2604455515758786,0.07061694274593171
Always Short Spread,2022,2022-01-07,2022-01-10,0.014433917968148854,0.01443526527588468,1.3473077358272524e-06,-1,2.2604455515758786,0.07061694274593171
Always Short Spread,2022,2022-01-10,2022-01-11,-0.001699961417985351,-0.001696330957946003,3.6304600393480545e-06,-1,2.2604455515758786,0.07061694274593171
Always Short Spread,2022,2022-01-11,2022-01-12,-0.007526931517487778,-0.007525291383144177,1.6401343436010518e-06,-1,2.2604455515758786,0.1775172751686569
Always Short Spread,2022,2022-01-12,2022-01-13,0.01298109427238944,0.01298211066764513,1.0163952556903888e-06,-1,2.2604455515758786,0.1775172751686569
Always Short Spread,2022,2022-01-13,2022-01-14,0.02310089971186307,0.02310126489706857,3.6518520549755353e-07,-1,2.2604455515758786,0.1775172751686569
Always Short Spread,2022,2022-01-14,2022-01-18,-0.047499759095847076,-0.04749571460233144,4.04449351563324e-06,-1,2.2604455515758786,0.1775172751686569
Always Short Spread,2022,2022-01-18,2022-01-19,-0.014770065990158844,-0.01476886959569918,1.1963944596639076e-06,-1,2.2604455515758786,0.1775172751686569
Always Short Spread,2022,2022-01-19,2022-01-20,-0.022353521134480168,-0.02235115760997332,2.3635245068499845e-06,-1,2.2604455515758786,0.1775172751686569
Always Short Spread,2022,2022-01-20,2022-01-21,0.0009133067677966747,0.0009178208868072602,4.514119010585516e-06,-1,2.2604455515758786,0.1775172751686569
Always Short Spread,2022,2022-01-21,2022-01-24,0.009075201280952658,0.009078244541855865,3.04326090320714e-06,-1,2.2604455515758786,0.1775172751686569
Always Short Spread,2022,2022-01-24,2022-01-25,-0.004796070036805722,-0.004792192570358841,3.877466446881167e-06,-1,2.2604455515758786,0.1775172751686569
Always Short Spread,2022,2022-01-25,2022-01-26,-0.01502672711418226,-0.01502345637691832,3.270737263939033e-06,-1,2.2604455515758786,0.1775172751686569
Always Short Spread,2022,2022-01-26,2022-01-27,-0.0017473816038166546,-0.001743172765265071,4.208838551583466e-06,-1,2.2604455515758786,0.1775172751686569
Always Short Spread,2022,2022-01-27,2022-01-28,-0.00870916908759778,-0.008704818281057472,4.350806540308144e-06,-1,2.2604455515758786,0.1775172751686569
Always Short Spread,2022,2022-01-28,2022-01-31,-0.006437454377472866,-0.006432169074094772,5.285303378094547e-06,-1,2.2604455515758786,0.1775172751686569
Always Short Spread,2022,2022-01-31,2022-02-01,-0.008690824696950924,-0.008684637696154098,6.187000796825742e-06,-1,2.2604455515758786,0.1775172751686569
Always Short Spread,2022,2022-02-01,2022-02-02,-0.011795844911791782,-0.01178701406276941,8.83084902237305e-06,-1,2.2604455515758786,0.1775172751686569
Always Short Spread,2022,2022-02-02,2022-02-03,0.0026935594180147243,0.002702735349965431,9.175931950706817e-06,-1,2.2604455515758786,0.1775172751686569
Always Short Spread,2022,2022-02-03,2022-02-04,0.0011941474691873598,0.001202436223594204,8.288754406844151e-06,-1,2.2604455515758786,0.1775172751686569
Always Short Spread,2022,2022-02-04,2022-02-07,-0.00848795551732349,-0.008480009784176587,7.945733146902834e-06,-1,2.2604455515758786,0.1775172751686569
Always Short Spread,2022,2022-02-07,2022-02-08,0.00951259342008839,0.009521312412693786,8.718992605397408e-06,-1,2.2604455515758786,0.1775172751686569
Always Short Spread,2022,2022-02-08,2022-02-09,-0.007552599605435969,-0.007545247195649309,7.352409786659825e-06,-1,2.2604455515758786,0.1775172751686569
Always Short Spread,2022,2022-02-09,2022-02-10,0.0038075236771533583,0.003815531371051806,8.007693898447688e-06,-1,2.2604455515758786,0.1775172751686569
Always Short Spread,2022,2022-02-10,2022-02-11,-0.002459084296478637,-0.002452944462471029,6.139834007608092e-06,-1,2.2604455515758786,0.08779136217020235
Always Short Spread,2022,2022-02-11,2022-02-14,-0.0017921635200514607,-0.001785912472786476,6.251047264984711e-06,-1,2.2604455515758786,0.08779136217020235
Always Short Spread,2022,2022-02-14,2022-02-15,-0.0002110316150517605,-0.0002055003102041878,5.531304847572694e-06,-1,2.2604455515758786,0.08779136217020235
Always Short Spread,2022,2022-02-15,2022-02-16,-0.00938846746739352,-0.009383481958156924,4.985509236597185e-06,-1,2.2604455515758786,0.08779136217020235
Always Short Spread,2022,2022-02-16,2022-02-17,-0.003097366377654185,-0.003091575040344211,5.791337309974054e-06,-1,2.2604455515758786,0.08779136217020235
Always Short Spread,2022,2022-02-17,2022-02-18,-0.007687768962576857,-0.007681997861113439,5.771101463418249e-06,-1,2.2604455515758786,0.08779136217020235
Always Short Spread,2022,2022-02-18,2022-02-22,-0.01287140625628849,-0.01286574418294197,5.66207334652058e-06,-1,2.2604455515758786,0.08779136217020235
Always Short Spread,2022,2022-02-22,2022-02-23,-0.000769007641088483,-0.0007625497725153793,6.457868573103709e-06,-1,2.2604455515758786,0.08779136217020235
Always Short Spread,2022,2022-02-23,2022-02-24,-0.0003373247140032966,-0.000330428383853696,6.89633014960056e-06,-1,2.2604455515758786,0.08779136217020235
Always Short Spread,2022,2022-02-24,2022-02-25,0.020232086420667476,0.02023860991749707,6.523496829594189e-06,-1,2.2604455515758786,0.08779136217020235
Always Short Spread,2022,2022-02-25,2022-02-28,-0.023795332289485466,-0.02379124892483832,4.083364647143317e-06,-1,2.2604455515758786,0.08779136217020235
Always Short Spread,2022,2022-02-28,2022-03-01,-0.023782462922204275,-0.0237770105455704,5.452376633874767e-06,-1,2.2604455515758786,0.08779136217020235
Always Short Spread,2022,2022-03-01,2022-03-02,0.007663950616840628,0.007671021119594151,7.0705027535222784e-06,-1,2.2604455515758786,0.08779136217020235
Always Short Spread,2022,2022-03-02,2022-03-03,0.003939920973969773,0.003945654416161322,5.733442191548588e-06,-1,2.2604455515758786,0.08779136217020235
Always Short Spread,2022,2022-03-03,2022-03-04,0.013733880421749453,0.01373926634765669,5.385925907236022e-06,-1,2.2604455515758786,0.08779136217020235
Always Short Spread,2022,2022-03-04,2022-03-07,-0.0003331521215869505,-0.0003287059034563942,4.44621813055629e-06,-1,2.2604455515758786,0.08779136217020235
Always Short Spread,2022,2022-03-07,2022-03-08,0.015270403569846084,0.01527490671079863,4.503140952545448e-06,-1,2.2604455515758786,0.08779136217020235
Always Short Spread,2022,2022-03-08,2022-03-09,0.018193192657168036,0.01819814370050511,4.951043337072414e-06,-1,2.2604455515758786,0.08779136217020235
Always Short Spread,2022,2022-03-09,2022-03-10,0.009424058598491878,0.009427316149781494,3.257551289616245e-06,-1,2.2604455515758786,0.08779136217020235
Always Short Spread,2022,2022-03-10,2022-03-11,-0.0149248692165042,-0.01492235586706099,2.513349443209134e-06,-1,2.2604455515758786,0.08779136217020235
Always Short Spread,2022,2022-03-11,2022-03-14,0.04460528647106307,0.044608151846078,2.8653750149286174e-06,-1,2.2604455515758786,0.08779136217020235
Always Short Spread,2022,2022-03-14,2022-03-15,-0.03948518581278994,-0.03948500924835779,1.7656443214814077e-07,-1,2.2604455515758786,0.1603759309480393
Always Short Spread,2022,2022-03-15,2022-03-16,-0.003675995997242261,-0.003673383981058051,2.612016184210142e-06,-1,2.2604455515758786,0.1603759309480393
Always Short Spread,2022,2022-03-16,2022-03-17,-0.017838103709760172,-0.01783528297301379,2.8207367463821686e-06,-1,2.2604455515758786,0.1603759309480393
Always Short Spread,2022,2022-03-17,2022-03-18,0.00497786798484225,0.004981445670685514,3.5776858432645666e-06,-1,2.2604455515758786,0.1603759309480393
Always Short Spread,2022,2022-03-18,2022-03-21,-0.00674908980443569,-0.00674578972615031,3.3000782853793156e-06,-1,2.2604455515758786,0.1603759309480393
Always Short Spread,2022,2022-03-21,2022-03-22,-0.010587590812227238,-0.01058422257847006,3.3682337571762643e-06,-1,2.2604455515758786,0.1603759309480393
Always Short Spread,2022,2022-03-22,2022-03-23,0.0005749880338425067,0.0005787332857797329,3.745251937226135e-06,-1,2.2604455515758786,0.1603759309480393
Always Short Spread,2022,2022-03-23,2022-03-24,0.011837573584175582,0.01184204445991967,4.470875744087166e-06,-1,2.2604455515758786,0.1603759309480393
Always Short Spread,2022,2022-03-24,2022-03-25,-0.002267077986564193,-0.002263285738111296,3.7922484528970514e-06,-1,2.2604455515758786,0.1603759309480393
Always Short Spread,2022,2022-03-25,2022-03-28,0.012124012419667202,0.01212797647667044,3.9640570032381525e-06,-1,2.2604455515758786,0.1603759309480393
Always Short Spread,2022,2022-03-28,2022-03-29,-0.009582471135820359,-0.00957827736735228,4.193768468078174e-06,-1,2.2604455515758786,0.1603759309480393
Always Short Spread,2022,2022-03-29,2022-03-30,-0.00016500647192426048,-0.000161068989775838,3.937482148422489e-06,-1,2.2604455515758786,0.1603759309480393
Always Short Spread,2022,2022-03-30,2022-03-31,0.017884347211735256,0.01788919359643841,4.846384703153628e-06,-1,2.2604455515758786,0.1603759309480393
Always Short Spread,2022,2022-03-31,2022-04-01,-0.0101666283830844,-0.01016222498544552,4.403397638880091e-06,-1,2.2604455515758786,0.1603759309480393
Always Short Spread,2022,2022-04-01,2022-04-04,-0.002596602905771672,-0.00259221598452878,4.386921242892194e-06,-1,2.2604455515758786,0.1603759309480393
Always Short Spread,2022,2022-04-04,2022-04-05,0.0024897904845641717,0.002493822756023906,4.032271459734282e-06,-1,2.2604455515758786,0.1603759309480393
Always Short Spread,2022,2022-04-05,2022-04-06,-0.0006423876749192763,-0.000638322857212277,4.064817706999291e-06,-1,2.2604455515758786,0.1603759309480393
Always Short Spread,2022,2022-04-06,2022-04-07,-0.01898791171054256,-0.01898387299514233,4.0387154002293206e-06,-1,2.2604455515758786,0.1603759309480393
Always Short Spread,2022,2022-04-07,2022-04-08,-0.010727684319374688,-0.01072217298905382,5.511330320867313e-06,-1,2.2604455515758786,0.1603759309480393
Always Short Spread,2022,2022-04-08,2022-04-11,0.0024290115858161547,0.002435250026479225,6.238440663070111e-06,-1,2.2604455515758786,0.1603759309480393
Always Short Spread,2022,2022-04-11,2022-04-12,-0.005445297845432562,-0.005439825130902609,5.472714529953016e-06,-1,2.2604455515758786,0.1603759309480393
Always Short Spread,2022,2022-04-12,2022-04-13,-0.00888417154537227,-0.008878676740686056,5.494804686213328e-06,-1,2.2604455515758786,0.1961414457123184
Always Short Spread,2022,2022-04-13,2022-04-14,0.0028000014721238945,0.00280587765774967,5.876185625775521e-06,-1,2.2604455515758786,0.1961414457123184
Always Short Spread,2022,2022-04-14,2022-04-18,-0.009731935350222723,-0.009726734780878231,5.200569344491701e-06,-1,2.2604455515758786,0.1961414457123184
Always Short Spread,2022,2022-04-18,2022-04-19,-0.004336017939707642,-0.004329154307710117,6.863631997524877e-06,-1,2.2604455515758786,0.1961414457123184
Always Short Spread,2022,2022-04-19,2022-04-20,-0.0028607245468562498,-0.002853299040887746,7.425505968503943e-06,-1,2.2604455515758786,0.1961414457123184
Always Short Spread,2022,2022-04-20,2022-04-21,-0.006136874605007923,-0.006129700515174535,7.174089833387243e-06,-1,2.2604455515758786,0.1961414457123184
Always Short Spread,2022,2022-04-21,2022-04-22,-0.0032929752882232734,-0.003285656886222614,7.318402000659474e-06,-1,2.2604455515758786,0.1961414457123184
Always Short Spread,2022,2022-04-22,2022-04-25,-0.007022915652960872,-0.007015953047331908,6.962605628965002e-06,-1,2.2604455515758786,0.1961414457123184
Always Short Spread,2022,2022-04-25,2022-04-26,-0.018598422665438315,-0.01859003088312157,8.391782316746533e-06,-1,2.2604455515758786,0.1961414457123184
Always Short Spread,2022,2022-04-26,2022-04-27,0.002145251825626006,0.002151980651788541,6.728826162535007e-06,-1,2.2604455515758786,0.1961414457123184
Always Short Spread,2022,2022-04-27,2022-04-28,-0.014083035924691557,-0.01407734399661438,5.691928077175557e-06,-1,2.2604455515758786,0.1961414457123184
Always Short Spread,2022,2022-04-28,2022-04-29,-0.0002998014664795246,-0.0002943364540945362,5.465012384988422e-06,-1,2.2604455515758786,0.1961414457123184
Always Short Spread,2022,2022-04-29,2022-05-02,0.026136329421007673,0.02614197102165825,5.6416006505795035e-06,-1,2.2604455515758786,0.1961414457123184
Always Short Spread,2022,2022-05-02,2022-05-03,-0.007176325491099032,-0.007171265476603857,5.060014495175569e-06,-1,2.2604455515758786,0.1961414457123184
Always Short Spread,2022,2022-05-03,2022-05-04,-0.0270698832689756,-0.02706683166193143,3.0516070441719556e-06,-1,2.2604455515758786,0.1961414457123184
Always Short Spread,2022,2022-05-04,2022-05-05,-0.008849878302464248,-0.008846973436092581,2.904866371667536e-06,-1,2.2604455515758786,0.1961414457123184
Always Short Spread,2022,2022-05-05,2022-05-06,0.004645249621940797,0.004648062854646398,2.8132327056004104e-06,-1,2.2604455515758786,0.1961414457123184
Always Short Spread,2022,2022-05-06,2022-05-09,-0.011646138023196142,-0.01164512721740806,1.010805788081992e-06,-1,2.2604455515758786,0.1961414457123184
Always Short Spread,2022,2022-05-09,2022-05-10,-0.014155080777299751,-0.01415161192413363,3.468853166121444e-06,-1,2.2604455515758786,0.1961414457123184
Always Short Spread,2022,2022-05-10,2022-05-11,-0.03211361636257707,-0.03210958893527363,4.027427303439524e-06,-1,2.2604455515758786,0.1961414457123184
Always Short Spread,2022,2022-05-11,2022-05-12,-0.00929274160120826,-0.009286387170160799,6.3544310474624725e-06,-1,2.2604455515758786,0.1961414457123184
Always Short Spread,2022,2022-05-12,2022-05-13,-0.018702969732434058,-0.01869590904888765,7.0606835464075425e-06,-1,2.2604455515758786,0.1379154230291398
Always Short Spread,2022,2022-05-13,2022-05-16,0.058004968715320675,0.05801182448295543,6.855767634756482e-06,-1,2.2604455515758786,0.1379154230291398
Always Short Spread,2022,2022-05-16,2022-05-17,-0.017464171962442855,-0.01746057305802296,3.5989044198925237e-06,-1,2.2604455515758786,0.1379154230291398
Always Short Spread,2022,2022-05-17,2022-05-18,0.014672290559769686,0.01467521538965947,2.924829889783931e-06,-1,2.2604455515758786,0.1379154230291398
Always Short Spread,2022,2022-05-18,2022-05-19,0.011379430698669266,0.01138118225502433,1.7515563550630775e-06,-1,2.2604455515758786,0.1379154230291398
Always Short Spread,2022,2022-05-19,2022-05-20,0.002453918908322166,0.002454698028438656,7.791201164899509e-07,-1,2.2604455515758786,0.1379154230291398
Always Short Spread,2022,2022-05-20,2022-05-23,-0.007282560650669662,-0.00728090617168644,1.6544789832214634e-06,-1,2.2604455515758786,0.1379154230291398
Always Short Spread,2022,2022-05-23,2022-05-24,0.007640620120248475,0.007643287549430238,2.6674291817624376e-06,-1,2.2604455515758786,0.1379154230291398
Always Short Spread,2022,2022-05-24,2022-05-25,0.0001194305156562186,0.0001233013960764036,3.870880420185019e-06,-1,2.2604455515758786,0.1379154230291398
Always Short Spread,2022,2022-05-25,2022-05-26,-0.017154375763129243,-0.01715053721913861,3.838543990633992e-06,-1,2.2604455515758786,0.1379154230291398
Always Short Spread,2022,2022-05-26,2022-05-27,0.006286261850945658,0.006290868060664765,4.606209719106525e-06,-1,2.2604455515758786,0.1379154230291398
Always Short Spread,2022,2022-05-27,2022-05-31,-0.01280019270481591,-0.01279770755312311,2.4851516928015016e-06,-1,2.2604455515758786,0.1379154230291398
Always Short Spread,2022,2022-05-31,2022-06-01,-0.009170989087732357,-0.00916275869535442,8.230392377937656e-06,-1,2.2604455515758786,0.1379154230291398
Always Short Spread,2022,2022-06-01,2022-06-02,-0.01769151624165981,-0.01768025497966263,1.1261261997180916e-05,-1,2.2604455515758786,0.1379154230291398
Always Short Spread,2022,2022-06-02,2022-06-03,0.00239990868517996,0.002413161397043177,1.325271186321686e-05,-1,2.2604455515758786,0.1379154230291398
Always Short Spread,2022,2022-06-03,2022-06-06,-0.0026732610479885907,-0.002655311223074401,1.794982491418956e-05,-1,2.2604455515758786,0.1379154230291398
Always Short Spread,2022,2022-06-06,2022-06-07,0.004503433055495786,0.004525587856384936,2.215480088914973e-05,-1,2.2604455515758786,0.1379154230291398
Always Short Spread,2022,2022-06-07,2022-06-08,-0.010359694734369823,-0.01034323186568073,1.6462868689093524e-05,-1,2.2604455515758786,0.1379154230291398
Always Short Spread,2022,2022-06-08,2022-06-09,0.005623833772331937,0.005643858754489302,2.002498215736498e-05,-1,2.2604455515758786,0.1379154230291398
Always Short Spread,2022,2022-06-09,2022-06-10,0.016165682238119816,0.01618241789216053,1.673565404071409e-05,-1,2.2604455515758786,0.1379154230291398
Always Short Spread,2022,2022-06-10,2022-06-13,-0.0017976973953501214,-0.001780341609737921,1.735578561220047e-05,-1,2.2604455515758786,0.1379154230291398
Always Short Spread,2022,2022-06-13,2022-06-14,-0.0014232836537102522,-0.001401463627002777,2.182002670747518e-05,-1,2.2604455515758786,0.2463938936062347
Always Short Spread,2022,2022-06-14,2022-06-15,0.012662805425129518,0.01268464739723994,2.1841972110421826e-05,-1,2.2604455515758786,0.2463938936062347
Always Short Spread,2022,2022-06-15,2022-06-16,0.007891838567807013,0.007908823488774797,1.6984920967783757e-05,-1,2.2604455515758786,0.2463938936062347
Always Short Spread,2022,2022-06-16,2022-06-17,0.015389360627214433,0.01540307939637483,1.3718769160398548e-05,-1,2.2604455515758786,0.2463938936062347
Always Short Spread,2022,2022-06-17,2022-06-21,0.003784550917055785,0.00379322294266281,8.672025607024902e-06,-1,2.2604455515758786,0.2463938936062347
Always Short Spread,2022,2022-06-21,2022-06-22,0.018292778513903513,0.0183025273554313,9.748841527787211e-06,-1,2.2604455515758786,0.2463938936062347
Always Short Spread,2022,2022-06-22,2022-06-23,0.029858336015471106,0.02986807863182251,9.742616351404331e-06,-1,2.2604455515758786,0.2463938936062347
Always Short Spread,2022,2022-06-23,2022-06-24,-0.004216000460943091,-0.004204567864537277,1.1432596405814066e-05,-1,2.2604455515758786,0.2463938936062347
Always Short Spread,2022,2022-06-24,2022-06-27,-0.001478401395112518,-0.001466010341141976,1.2391053970542049e-05,-1,2.2604455515758786,0.2463938936062347
Always Short Spread,2022,2022-06-27,2022-06-28,-0.007769249985816635,-0.007761882334797087,7.367651019547644e-06,-1,2.2604455515758786,0.2463938936062347
Always Short Spread,2022,2022-06-28,2022-06-29,0.0014710693503020395,0.001475833936745255,4.7645864432153405e-06,-1,2.2604455515758786,0.2463938936062347
Always Short Spread,2022,2022-06-29,2022-06-30,0.005701644420756239,0.005707469475802584,5.825055046344368e-06,-1,2.2604455515758786,0.2463938936062347
Always Short Spread,2022,2022-06-30,2022-07-01,0.020616338420585044,0.02062409014902227,7.751728437227102e-06,-1,2.2604455515758786,0.2463938936062347
Always Short Spread,2022,2022-07-01,2022-07-05,0.025574865813064233,0.02557874885298096,3.883039916727143e-06,-1,2.2604455515758786,0.2463938936062347
Always Short Spread,2022,2022-07-05,2022-07-06,0.005202748699375163,0.005209765913924498,7.017214549334794e-06,-1,2.2604455515758786,0.2463938936062347
Always Short Spread,2022,2022-07-06,2022-07-07,-0.0010045974625283193,-0.0009961101701210602,8.48729240725915e-06,-1,2.2604455515758786,0.2463938936062347
Always Short Spread,2022,2022-07-07,2022-07-08,-0.01786191817859246,-0.01785424305376965,7.675124822809964e-06,-1,2.2604455515758786,0.2463938936062347
Always Short Spread,2022,2022-07-08,2022-07-11,-0.0034218640919406393,-0.003411197413727507,1.0666678213132303e-05,-1,2.2604455515758786,0.2463938936062347
Always Short Spread,2022,2022-07-11,2022-07-12,0.026926002321922424,0.02692793524662689,1.9329247044658495e-06,-1,2.2604455515758786,0.2463938936062347
Always Short Spread,2022,2022-07-12,2022-07-13,0.010300794491939009,0.01032564632563488,2.4851833695869853e-05,-1,2.2604455515758786,0.2463938936062347
Always Short Spread,2022,2022-07-13,2022-07-14,-0.010836391789342875,-0.01081318435937573,2.3207429967144283e-05,-1,2.2604455515758786,0.2463938936062347
Always Short Spread,2022,2022-07-14,2022-07-15,0.06522802309758287,0.06524744418138405,1.9421083801177812e-05,-1,2.2604455515758786,0.06060485252359845
Always Short Spread,2022,2022-07-15,2022-07-18,-0.01972526594248569,-0.01971124292925648,1.4023013229206197e-05,-1,2.2604455515758786,0.06060485252359845
Always Short Spread,2022,2022-07-18,2022-07-19,0.013586259025300756,0.01360383202187038,1.7572996569623855e-05,-1,2.2604455515758786,0.06060485252359845
Always Short Spread,2022,2022-07-19,2022-07-20,0.019626038266296178,0.01964499264994796,1.8954383651782566e-05,-1,2.2604455515758786,0.06060485252359845
Always Short Spread,2022,2022-07-20,2022-07-21,0.020917897876175047,0.02093125802818822,1.336015201317292e-05,-1,2.2604455515758786,0.06060485252359845
Always Short Spread,2022,2022-07-21,2022-07-22,-0.011566769431745913,-0.01155666798499821,1.0101446747703857e-05,-1,2.2604455515758786,0.06060485252359845
Always Short Spread,2022,2022-07-22,2022-07-25,-0.025046789836771204,-0.02504121300937514,5.576827396066523e-06,-1,2.2604455515758786,0.06060485252359845
Always Short Spread,2022,2022-07-25,2022-07-26,-0.03854167326894111,-0.03853319873931829,8.474529622820633e-06,-1,2.2604455515758786,0.06060485252359845
Always Short Spread,2022,2022-07-26,2022-07-27,-0.02933179801226846,-0.02932402883713055,7.769175137907647e-06,-1,2.2604455515758786,0.06060485252359845
Always Short Spread,2022,2022-07-27,2022-07-28,-0.019154554901471808,-0.01914719510980405,7.3597916677581036e-06,-1,2.2604455515758786,0.06060485252359845
Always Short Spread,2022,2022-07-28,2022-07-29,-0.01729753802074876,-0.01729271404113058,4.823979618183955e-06,-1,2.2604455515758786,0.06060485252359845
Always Short Spread,2022,2022-07-29,2022-08-01,0.02680575046088823,0.02680736879376344,1.6183328752077102e-06,-1,2.2604455515758786,0.06060485252359845
Always Short Spread,2022,2022-08-01,2022-08-02,0.01568547825165695,0.01568827292809271,2.794676435759456e-06,-1,2.2604455515758786,0.06060485252359845
Always Short Spread,2022,2022-08-02,2022-08-03,0.007723641133594695,0.007727875062850682,4.233929255986312e-06,-1,2.2604455515758786,0.06060485252359845
Always Short Spread,2022,2022-08-03,2022-08-04,-0.03858746202914676,-0.03858409512410853,3.36690503822654e-06,-1,2.2604455515758786,0.06060485252359845
Always Short Spread,2022,2022-08-04,2022-08-05,0.0014532806798154584,0.001455214317125695,1.9336373102367377e-06,-1,2.2604455515758786,0.06060485252359845
Always Short Spread,2022,2022-08-05,2022-08-08,-0.002900346016179715,-0.002899008712653695,1.3373035260198195e-06,-1,2.2604455515758786,0.06060485252359845
Always Short Spread,2022,2022-08-08,2022-08-09,-0.04605141028280419,-0.04604953008067353,1.8802021306590123e-06,-1,2.2604455515758786,0.06060485252359845
Always Short Spread,2022,2022-08-09,2022-08-10,0.0024767118591901716,0.002479053469610634,2.341610420462492e-06,-1,2.2604455515758786,0.06060485252359845
Always Short Spread,2022,2022-08-10,2022-08-11,-0.012569626917401624,-0.01256611670727927,3.5102101223528082e-06,-1,2.2604455515758786,0.06060485252359845
Always Short Spread,2022,2022-08-11,2022-08-12,0.023821446481440068,0.02382650634137784,5.05985993777114e-06,-1,2.2604455515758786,0.06060485252359845
Always Short Spread,2022,2022-08-12,2022-08-15,0.11468374864564523,0.1146851571418571,1.4084962118744402e-06,-1,2.2604455515758786,0.1267071211672063
Always Short Spread,2022,2022-08-15,2022-08-16,0.027922817214847035,0.02792323860740965,4.2139256261652936e-07,-1,2.2604455515758786,0.1267071211672063
Always Short Spread,2022,2022-08-16,2022-08-17,-0.014525623112306898,-0.01452117553995156,4.447572355338736e-06,-1,2.2604455515758786,0.1267071211672063
Always Short Spread,2022,2022-08-17,2022-08-18,-0.013857600706437885,-0.01385462167954231,2.9790268955738945e-06,-1,2.2604455515758786,0.1267071211672063
Always Short Spread,2022,2022-08-18,2022-08-19,0.004539241214944469,0.004539720902154868,4.796872103994951e-07,-1,2.2604455515758786,0.1267071211672063
Always Short Spread,2022,2022-08-19,2022-08-22,-0.025579267336222566,-0.02557819213252867,1.0752036938964457e-06,-1,2.2604455515758786,0.1267071211672063
Always Short Spread,2022,2022-08-22,2022-08-23,-0.02590208783713687,-0.02590027200596716,1.815831169713256e-06,-1,2.2604455515758786,0.1267071211672063
Always Short Spread,2022,2022-08-23,2022-08-24,0.0038609109158530466,0.003862541427090725,1.6305112376782698e-06,-1,2.2604455515758786,0.1267071211672063
Always Short Spread,2022,2022-08-24,2022-08-25,0.0056886163826834184,0.005690441283895805,1.8249012123872305e-06,-1,2.2604455515758786,0.1267071211672063
Always Short Spread,2022,2022-08-25,2022-08-26,-0.03431413647012526,-0.03431297564904005,1.16082108520533e-06,-1,2.2604455515758786,0.1267071211672063
Always Short Spread,2022,2022-08-26,2022-08-29,0.044895148363362294,0.04489679552117119,1.6471578088985191e-06,-1,2.2604455515758786,0.1267071211672063
Always Short Spread,2022,2022-08-29,2022-08-30,0.015516997681131808,0.01552324928490811,6.2516037763017e-06,-1,2.2604455515758786,0.1267071211672063
Always Short Spread,2022,2022-08-30,2022-08-31,0.003980422908363527,0.003984607009779679,4.184101416152192e-06,-1,2.2604455515758786,0.1267071211672063
Always Short Spread,2022,2022-08-31,2022-09-01,0.02417302767961189,0.02417876839559244,5.740715980548733e-06,-1,2.2604455515758786,0.1267071211672063
Always Short Spread,2022,2022-09-01,2022-09-02,-0.02420679731170787,-0.02420374746592014,3.0498457877297034e-06,-1,2.2604455515758786,0.1267071211672063
Always Short Spread,2022,2022-09-02,2022-09-06,0.015397993698900101,0.01540261496296045,4.621264060347858e-06,-1,2.2604455515758786,0.1267071211672063
Always Short Spread,2022,2022-09-06,2022-09-07,0.015325578428676039,0.01532820030454473,2.621875868691101e-06,-1,2.2604455515758786,0.1267071211672063
Always Short Spread,2022,2022-09-07,2022-09-08,-0.0013936294111426023,-0.001390537716645035,3.0916944975673683e-06,-1,2.2604455515758786,0.1267071211672063
Always Short Spread,2022,2022-09-08,2022-09-09,-0.014225547167998061,-0.01422099712877011,4.55003922795158e-06,-1,2.2604455515758786,0.1267071211672063
Always Short Spread,2022,2022-09-09,2022-09-12,-0.04335618620610352,-0.04335570218599574,4.840201077757067e-07,-1,2.2604455515758786,0.1267071211672063
Always Short Spread,2022,2022-09-12,2022-09-13,0.011459231713804556,0.01146458009597847,5.348382173915364e-06,-1,2.2604455515758786,0.1267071211672063
Always Short Spread,2022,2022-09-13,2022-09-14,0.020196375692515207,0.02020073747362925,4.361781114042454e-06,-1,2.2604455515758786,0.1701448885914605
Always Short Spread,2022,2022-09-14,2022-09-15,0.040375056615937654,0.04038203813431651,6.981518378858243e-06,-1,2.2604455515758786,0.1701448885914605
Always Short Spread,2022,2022-09-15,2022-09-16,0.003023137464834391,0.003023294328507823,1.5686367343228925e-07,-1,2.2604455515758786,0.1701448885914605
Always Short Spread,2022,2022-09-16,2022-09-19,-0.010421814080809486,-0.01042156253980336,2.5154100612514995e-07,-1,2.2604455515758786,0.1701448885914605
Always Short Spread,2022,2022-09-19,2022-09-20,-0.014251105765220444,-0.0142506583037716,4.474614488458595e-07,-1,2.2604455515758786,0.1701448885914605
Always Short Spread,2022,2022-09-20,2022-09-21,0.011169867184816652,0.01117108737170053,1.220186883878177e-06,-1,2.2604455515758786,0.1701448885914605
Always Short Spread,2022,2022-09-21,2022-09-22,0.004711049752941594,0.00471455504590803,3.5052929664358415e-06,-1,2.2604455515758786,0.1701448885914605
Always Short Spread,2022,2022-09-22,2022-09-23,0.022919726807425995,0.02292011293696301,3.8612953701505637e-07,-1,2.2604455515758786,0.1701448885914605
Always Short Spread,2022,2022-09-23,2022-09-26,0.011655177391389548,0.01165798858111519,2.811189725641067e-06,-1,2.2604455515758786,0.1701448885914605
Always Short Spread,2022,2022-09-26,2022-09-27,0.0034317386905442487,0.003437265198729219,5.526508184970497e-06,-1,2.2604455515758786,0.1701448885914605
Always Short Spread,2022,2022-09-27,2022-09-28,7.634681249031155e-05,8.33612570491451e-05,7.014444558833543e-06,-1,2.2604455515758786,0.1701448885914605
Always Short Spread,2022,2022-09-28,2022-09-29,-0.00010157793751267285,-9.290032284179619e-05,8.67761467087666e-06,-1,2.2604455515758786,0.1701448885914605
Always Short Spread,2022,2022-09-29,2022-09-30,0.03341274492323537,0.03342497149971501,1.2226576479636845e-05,-1,2.2604455515758786,0.1701448885914605
Always Short Spread,2022,2022-09-30,2022-10-03,-0.006700582874388739,-0.006685255898043529,1.5326976345211163e-05,-1,2.2604455515758786,0.1701448885914605
Always Short Spread,2022,2022-10-03,2022-10-04,-0.007164235937210975,-0.007149922609465393,1.4313327745582884e-05,-1,2.2604455515758786,0.1701448885914605
Always Short Spread,2022,2022-10-04,2022-10-05,0.009892318582953932,0.009905481615772406,1.3163032818473117e-05,-1,2.2604455515758786,0.1701448885914605
Always Short Spread,2022,2022-10-05,2022-10-06,0.007404234823464346,0.007417837622422932,1.3602798958585322e-05,-1,2.2604455515758786,0.1701448885914605
Always Short Spread,2022,2022-10-06,2022-10-07,-0.00431238634313195,-0.004297616235274433,1.477010785751641e-05,-1,2.2604455515758786,0.1701448885914605
Always Short Spread,2022,2022-10-07,2022-10-10,-0.0030943749576539483,-0.003084989126580465,9.3858310734833e-06,-1,2.2604455515758786,0.1701448885914605
Always Short Spread,2022,2022-10-10,2022-10-11,-0.0017568706966231066,-0.001750070530506874,6.800166116232604e-06,-1,2.2604455515758786,0.1701448885914605
Always Short Spread,2022,2022-10-11,2022-10-12,-0.009750183230128879,-0.0097459200158324,4.26321429647944e-06,-1,2.2604455515758786,0.1701448885914605
Always Short Spread,2022,2022-10-12,2022-10-13,-0.0011179107263914047,-0.001117537147335657,3.735790557476554e-07,-1,2.2604455515758786,0.127251637188317
Always Short Spread,2022,2022-10-13,2022-10-14,0.008631341583402227,0.0086347001676228,3.358584220573155e-06,-1,2.2604455515758786,0.127251637188317
Always Short Spread,2022,2022-10-14,2022-10-17,-0.004365717567964088,-0.004360996010501141,4.721557462946849e-06,-1,2.2604455515758786,0.127251637188317
Always Short Spread,2022,2022-10-17,2022-10-18,0.005167710516759602,0.005175062484102157,7.351967342554652e-06,-1,2.2604455515758786,0.127251637188317
Always Short Spread,2022,2022-10-18,2022-10-19,-0.0004257481852106158,-0.0004173297706790486,8.418414531567248e-06,-1,2.2604455515758786,0.127251637188317
Always Short Spread,2022,2022-10-19,2022-10-20,-0.007137881276175575,-0.007127996680425536,9.884595750039e-06,-1,2.2604455515758786,0.127251637188317
Always Short Spread,2022,2022-10-20,2022-10-21,-0.0001675541003429706,-0.0001614558719624038,6.0982283805667975e-06,-1,2.2604455515758786,0.127251637188317
Always Short Spread,2022,2022-10-21,2022-10-24,0.011330844563618315,0.01133532699659783,4.4824329795156575e-06,-1,2.2604455515758786,0.127251637188317
Always Short Spread,2022,2022-10-24,2022-10-25,-0.002758629618911419,-0.002750752291565055,7.877327346363955e-06,-1,2.2604455515758786,0.127251637188317
Always Short Spread,2022,2022-10-25,2022-10-26,-0.004582856055324472,-0.004575538811341263,7.3172439832091265e-06,-1,2.2604455515758786,0.127251637188317
Always Short Spread,2022,2022-10-26,2022-10-27,0.004532994942161175,0.004541722142408826,8.727200247651168e-06,-1,2.2604455515758786,0.127251637188317
Always Short Spread,2022,2022-10-27,2022-10-28,0.0035603861667028365,0.003568072803719789,7.68663701695238e-06,-1,2.2604455515758786,0.127251637188317
Always Short Spread,2022,2022-10-28,2022-10-31,-0.011687169912456082,-0.01167999015951111,7.179752944970863e-06,-1,2.2604455515758786,0.127251637188317
Always Short Spread,2022,2022-10-31,2022-11-01,-0.0229164183237197,-0.02290882084203287,7.597481686831303e-06,-1,2.2604455515758786,0.127251637188317
Always Short Spread,2022,2022-11-01,2022-11-02,-0.003226332753290303,-0.003215640761006697,1.0691992283606233e-05,-1,2.2604455515758786,0.127251637188317
Always Short Spread,2022,2022-11-02,2022-11-03,-0.0003004348343763504,-0.0002884054773618951,1.202935701445526e-05,-1,2.2604455515758786,0.127251637188317
Always Short Spread,2022,2022-11-03,2022-11-04,-0.011073057556627684,-0.01105900453901088,1.4053017616803e-05,-1,2.2604455515758786,0.127251637188317
Always Short Spread,2022,2022-11-04,2022-11-07,0.0064934948520861055,0.006501286557678242,7.791705592136516e-06,-1,2.2604455515758786,0.127251637188317
Always Short Spread,2022,2022-11-07,2022-11-08,-0.002457955175870113,-0.002448258301092736,9.696874777377185e-06,-1,2.2604455515758786,0.127251637188317
Always Short Spread,2022,2022-11-08,2022-11-09,-0.012772929437971342,-0.01276457493379667,8.3545041746729e-06,-1,2.2604455515758786,0.127251637188317
Always Short Spread,2022,2022-11-09,2022-11-10,0.004397011086037224,0.004402145188960205,5.134102922980055e-06,-1,2.2604455515758786,0.127251637188317
Always Short Spread,2022,2022-11-10,2022-11-11,-0.013330651498097885,-0.01332575788870922,4.893609388664344e-06,-1,2.2604455515758786,0.2437504045014034
Always Short Spread,2022,2022-11-11,2022-11-14,0.0077564071149061305,0.007761804343522428,5.397228616297767e-06,-1,2.2604455515758786,0.2437504045014034
Always Short Spread,2022,2022-11-14,2022-11-15,-0.005806040898279521,-0.005801472523140193,4.568375139328118e-06,-1,2.2604455515758786,0.2437504045014034
Always Short Spread,2022,2022-11-15,2022-11-16,0.015187340468987369,0.01519186180663621,4.521337648840884e-06,-1,2.2604455515758786,0.2437504045014034
Always Short Spread,2022,2022-11-16,2022-11-17,0.007426523059570614,0.007431566970371387,5.043910800773044e-06,-1,2.2604455515758786,0.2437504045014034
Always Short Spread,2022,2022-11-17,2022-11-18,-0.0017021422783441316,-0.001697993027818832,4.149250525299575e-06,-1,2.2604455515758786,0.2437504045014034
Always Short Spread,2022,2022-11-18,2022-11-21,-0.004588815019245585,-0.004580335395922374,8.479623323210727e-06,-1,2.2604455515758786,0.2437504045014034
Always Short Spread,2022,2022-11-21,2022-11-22,0.0009524256890111024,0.000961556000747852,9.130311736749608e-06,-1,2.2604455515758786,0.2437504045014034
Always Short Spread,2022,2022-11-22,2022-11-23,-0.002775923415224963,-0.002766377783513863,9.5456317110999e-06,-1,2.2604455515758786,0.2437504045014034
Always Short Spread,2022,2022-11-23,2022-11-25,-0.0015401353389453841,-0.001528840116157276,1.1295222788108128e-05,-1,2.2604455515758786,0.2437504045014034
Always Short Spread,2022,2022-11-25,2022-11-28,-0.007063505336035903,-0.007051832923030665,1.1672413005238635e-05,-1,2.2604455515758786,0.2437504045014034
Always Short Spread,2022,2022-11-28,2022-11-29,-0.009671307836889373,-0.009663738855164323,7.568981725050273e-06,-1,2.2604455515758786,0.2437504045014034
Always Short Spread,2022,2022-11-29,2022-11-30,0.008093548702744086,0.008101463019419544,7.914316675458333e-06,-1,2.2604455515758786,0.2437504045014034
Always Short Spread,2022,2022-11-30,2022-12-01,0.032594868792810566,0.03259881441484318,3.945622032614282e-06,-1,2.2604455515758786,0.2437504045014034
Always Short Spread,2022,2022-12-01,2022-12-02,-0.00025648465043363097,-0.0002522179305337741,4.26671989985683e-06,-1,2.2604455515758786,0.2437504045014034
Always Short Spread,2022,2022-12-02,2022-12-05,0.012859394593313402,0.01286850440957397,9.109816260568283e-06,-1,2.2604455515758786,0.2437504045014034
Always Short Spread,2022,2022-12-05,2022-12-06,0.01643940986204295,0.01645032048016647,1.0910618123521398e-05,-1,2.2604455515758786,0.2437504045014034
Always Short Spread,2022,2022-12-06,2022-12-07,0.009506760714649232,0.009513667522295804,6.906807646571644e-06,-1,2.2604455515758786,0.2437504045014034
Always Short Spread,2022,2022-12-07,2022-12-08,0.0016923688512975705,0.001693588419081826,1.219567784255693e-06,-1,2.2604455515758786,0.2437504045014034
Always Short Spread,2022,2022-12-08,2022-12-09,0.005450748824661639,0.005452813213079642,2.0643884180026053e-06,-1,2.2604455515758786,0.2437504045014034
Always Short Spread,2022,2022-12-09,2022-12-12,-0.02175498791821097,-0.02175450285329771,4.850649132618345e-07,-1,2.2604455515758786,0.2437504045014034
Always Short Spread,2022,2022-12-12,2022-12-13,-0.010290172993620835,-0.01028850300113201,1.6699924888242678e-06,-1,2.2604455515758786,0.2059014815990136
Always Short Spread,2022,2022-12-13,2022-12-14,0.008193671358847182,0.008196138851253414,2.467492406231009e-06,-1,2.2604455515758786,0.2059014815990136
Always Short Spread,2022,2022-12-14,2022-12-15,0.004770248041410473,0.004771230292199037,9.822507885646204e-07,-1,2.2604455515758786,0.2059014815990136
Always Short Spread,2022,2022-12-15,2022-12-16,0.008112060935666358,0.00811305208512315,9.911494567929613e-07,-1,2.2604455515758786,0.2059014815990136
Always Short Spread,2022,2022-12-16,2022-12-19,-0.009418244545476488,-0.009414312391249006,3.932154227481555e-06,-1,2.2604455515758786,0.2059014815990136
Always Short Spread,2022,2022-12-19,2022-12-20,-0.006735535073484403,-0.006731497620027863,4.0374534565405515e-06,-1,2.2604455515758786,0.2059014815990136
Always Short Spread,2022,2022-12-20,2022-12-21,0.004019343552476438,0.004024060694937012,4.717142460574253e-06,-1,2.2604455515758786,0.2059014815990136
Always Short Spread,2022,2022-12-21,2022-12-22,0.002685190387420194,0.002688165403050999,2.9750156308048783e-06,-1,2.2604455515758786,0.2059014815990136
Always Short Spread,2022,2022-12-22,2022-12-23,-0.00245873933495242,-0.002457218822796015,1.520512156404863e-06,-1,2.2604455515758786,0.2059014815990136
Always Short Spread,2022,2022-12-23,2022-12-27,-0.007659606817328663,-0.007657610451113969,1.9963662146949e-06,-1,2.2604455515758786,0.2059014815990136
Always Short Spread,2022,2022-12-27,2022-12-28,0.006004927199997054,0.006006929916942245,2.002716945191052e-06,-1,2.2604455515758786,0.2059014815990136
Always Short Spread,2022,2022-12-28,2022-12-29,-0.004787131788860149,-0.004783115695486556,4.016093373593377e-06,-1,2.2604455515758786,0.2059014815990136
Always Short Spread,2022,2022-12-29,2022-12-30,0.01322174576737956,0.01406966205134549,0.0008479162839659314,-1,2.2604455515758786,0.2059014815990136
Cash / No Trade,2022,2022-01-03,2022-01-04,0.0,0.0,0.0,0,2.2604455515758786,0.07061694274593171
Cash / No Trade,2022,2022-01-04,2022-01-05,0.0,0.0,0.0,0,2.2604455515758786,0.07061694274593171
Cash / No Trade,2022,2022-01-05,2022-01-06,-0.0,-0.0,0.0,0,2.2604455515758786,0.07061694274593171
Cash / No Trade,2022,2022-01-06,2022-01-07,0.0,0.0,0.0,0,2.2604455515758786,0.07061694274593171
Cash / No Trade,2022,2022-01-07,2022-01-10,-0.0,-0.0,0.0,0,2.2604455515758786,0.07061694274593171
Cash / No Trade,2022,2022-01-10,2022-01-11,0.0,0.0,0.0,0,2.2604455515758786,0.07061694274593171
Cash / No Trade,2022,2022-01-11,2022-01-12,0.0,0.0,0.0,0,2.2604455515758786,0.1775172751686569
Cash / No Trade,2022,2022-01-12,2022-01-13,-0.0,-0.0,0.0,0,2.2604455515758786,0.1775172751686569
Cash / No Trade,2022,2022-01-13,2022-01-14,-0.0,-0.0,0.0,0,2.2604455515758786,0.1775172751686569
Cash / No Trade,2022,2022-01-14,2022-01-18,0.0,0.0,0.0,0,2.2604455515758786,0.1775172751686569
Cash / No Trade,2022,2022-01-18,2022-01-19,0.0,0.0,0.0,0,2.2604455515758786,0.1775172751686569
Cash / No Trade,2022,2022-01-19,2022-01-20,0.0,0.0,0.0,0,2.2604455515758786,0.1775172751686569
Cash / No Trade,2022,2022-01-20,2022-01-21,-0.0,-0.0,0.0,0,2.2604455515758786,0.1775172751686569
Cash / No Trade,2022,2022-01-21,2022-01-24,-0.0,-0.0,0.0,0,2.2604455515758786,0.1775172751686569
Cash / No Trade,2022,2022-01-24,2022-01-25,0.0,0.0,0.0,0,2.2604455515758786,0.1775172751686569
Cash / No Trade,2022,2022-01-25,2022-01-26,0.0,0.0,0.0,0,2.2604455515758786,0.1775172751686569
Cash / No Trade,2022,2022-01-26,2022-01-27,0.0,0.0,0.0,0,2.2604455515758786,0.1775172751686569
Cash / No Trade,2022,2022-01-27,2022-01-28,0.0,0.0,0.0,0,2.2604455515758786,0.1775172751686569
Cash / No Trade,2022,2022-01-28,2022-01-31,0.0,0.0,0.0,0,2.2604455515758786,0.1775172751686569
Cash / No Trade,2022,2022-01-31,2022-02-01,0.0,0.0,0.0,0,2.2604455515758786,0.1775172751686569
Cash / No Trade,2022,2022-02-01,2022-02-02,0.0,0.0,0.0,0,2.2604455515758786,0.1775172751686569
Cash / No Trade,2022,2022-02-02,2022-02-03,-0.0,-0.0,0.0,0,2.2604455515758786,0.1775172751686569
Cash / No Trade,2022,2022-02-03,2022-02-04,-0.0,-0.0,0.0,0,2.2604455515758786,0.1775172751686569
Cash / No Trade,2022,2022-02-04,2022-02-07,0.0,0.0,0.0,0,2.2604455515758786,0.1775172751686569
Cash / No Trade,2022,2022-02-07,2022-02-08,-0.0,-0.0,0.0,0,2.2604455515758786,0.1775172751686569
Cash / No Trade,2022,2022-02-08,2022-02-09,0.0,0.0,0.0,0,2.2604455515758786,0.1775172751686569
Cash / No Trade,2022,2022-02-09,2022-02-10,-0.0,-0.0,0.0,0,2.2604455515758786,0.1775172751686569
Cash / No Trade,2022,2022-02-10,2022-02-11,0.0,0.0,0.0,0,2.2604455515758786,0.08779136217020235
Cash / No Trade,2022,2022-02-11,2022-02-14,0.0,0.0,0.0,0,2.2604455515758786,0.08779136217020235
Cash / No Trade,2022,2022-02-14,2022-02-15,0.0,0.0,0.0,0,2.2604455515758786,0.08779136217020235
Cash / No Trade,2022,2022-02-15,2022-02-16,0.0,0.0,0.0,0,2.2604455515758786,0.08779136217020235
Cash / No Trade,2022,2022-02-16,2022-02-17,0.0,0.0,0.0,0,2.2604455515758786,0.08779136217020235
Cash / No Trade,2022,2022-02-17,2022-02-18,0.0,0.0,0.0,0,2.2604455515758786,0.08779136217020235
Cash / No Trade,2022,2022-02-18,2022-02-22,0.0,0.0,0.0,0,2.2604455515758786,0.08779136217020235
Cash / No Trade,2022,2022-02-22,2022-02-23,0.0,0.0,0.0,0,2.2604455515758786,0.08779136217020235
Cash / No Trade,2022,2022-02-23,2022-02-24,0.0,0.0,0.0,0,2.2604455515758786,0.08779136217020235
Cash / No Trade,2022,2022-02-24,2022-02-25,-0.0,-0.0,0.0,0,2.2604455515758786,0.08779136217020235
Cash / No Trade,2022,2022-02-25,2022-02-28,0.0,0.0,0.0,0,2.2604455515758786,0.08779136217020235
Cash / No Trade,2022,2022-02-28,2022-03-01,0.0,0.0,0.0,0,2.2604455515758786,0.08779136217020235
Cash / No Trade,2022,2022-03-01,2022-03-02,-0.0,-0.0,0.0,0,2.2604455515758786,0.08779136217020235
Cash / No Trade,2022,2022-03-02,2022-03-03,-0.0,-0.0,0.0,0,2.2604455515758786,0.08779136217020235
Cash / No Trade,2022,2022-03-03,2022-03-04,-0.0,-0.0,0.0,0,2.2604455515758786,0.08779136217020235
Cash / No Trade,2022,2022-03-04,2022-03-07,0.0,0.0,0.0,0,2.2604455515758786,0.08779136217020235
Cash / No Trade,2022,2022-03-07,2022-03-08,-0.0,-0.0,0.0,0,2.2604455515758786,0.08779136217020235
Cash / No Trade,2022,2022-03-08,2022-03-09,-0.0,-0.0,0.0,0,2.2604455515758786,0.08779136217020235
Cash / No Trade,2022,2022-03-09,2022-03-10,-0.0,-0.0,0.0,0,2.2604455515758786,0.08779136217020235
Cash / No Trade,2022,2022-03-10,2022-03-11,0.0,0.0,0.0,0,2.2604455515758786,0.08779136217020235
Cash / No Trade,2022,2022-03-11,2022-03-14,-0.0,-0.0,0.0,0,2.2604455515758786,0.08779136217020235
Cash / No Trade,2022,2022-03-14,2022-03-15,0.0,0.0,0.0,0,2.2604455515758786,0.1603759309480393
Cash / No Trade,2022,2022-03-15,2022-03-16,0.0,0.0,0.0,0,2.2604455515758786,0.1603759309480393
Cash / No Trade,2022,2022-03-16,2022-03-17,0.0,0.0,0.0,0,2.2604455515758786,0.1603759309480393
Cash / No Trade,2022,2022-03-17,2022-03-18,-0.0,-0.0,0.0,0,2.2604455515758786,0.1603759309480393
Cash / No Trade,2022,2022-03-18,2022-03-21,0.0,0.0,0.0,0,2.2604455515758786,0.1603759309480393
Cash / No Trade,2022,2022-03-21,2022-03-22,0.0,0.0,0.0,0,2.2604455515758786,0.1603759309480393
Cash / No Trade,2022,2022-03-22,2022-03-23,-0.0,-0.0,0.0,0,2.2604455515758786,0.1603759309480393
Cash / No Trade,2022,2022-03-23,2022-03-24,-0.0,-0.0,0.0,0,2.2604455515758786,0.1603759309480393
Cash / No Trade,2022,2022-03-24,2022-03-25,0.0,0.0,0.0,0,2.2604455515758786,0.1603759309480393
Cash / No Trade,2022,2022-03-25,2022-03-28,-0.0,-0.0,0.0,0,2.2604455515758786,0.1603759309480393
Cash / No Trade,2022,2022-03-28,2022-03-29,0.0,0.0,0.0,0,2.2604455515758786,0.1603759309480393
Cash / No Trade,2022,2022-03-29,2022-03-30,0.0,0.0,0.0,0,2.2604455515758786,0.1603759309480393
Cash / No Trade,2022,2022-03-30,2022-03-31,-0.0,-0.0,0.0,0,2.2604455515758786,0.1603759309480393
Cash / No Trade,2022,2022-03-31,2022-04-01,0.0,0.0,0.0,0,2.2604455515758786,0.1603759309480393
Cash / No Trade,2022,2022-04-01,2022-04-04,0.0,0.0,0.0,0,2.2604455515758786,0.1603759309480393
Cash / No Trade,2022,2022-04-04,2022-04-05,-0.0,-0.0,0.0,0,2.2604455515758786,0.1603759309480393
Cash / No Trade,2022,2022-04-05,2022-04-06,0.0,0.0,0.0,0,2.2604455515758786,0.1603759309480393
Cash / No Trade,2022,2022-04-06,2022-04-07,0.0,0.0,0.0,0,2.2604455515758786,0.1603759309480393
Cash / No Trade,2022,2022-04-07,2022-04-08,0.0,0.0,0.0,0,2.2604455515758786,0.1603759309480393
Cash / No Trade,2022,2022-04-08,2022-04-11,-0.0,-0.0,0.0,0,2.2604455515758786,0.1603759309480393
Cash / No Trade,2022,2022-04-11,2022-04-12,0.0,0.0,0.0,0,2.2604455515758786,0.1603759309480393
Cash / No Trade,2022,2022-04-12,2022-04-13,0.0,0.0,0.0,0,2.2604455515758786,0.1961414457123184
Cash / No Trade,2022,2022-04-13,2022-04-14,-0.0,-0.0,0.0,0,2.2604455515758786,0.1961414457123184
Cash / No Trade,2022,2022-04-14,2022-04-18,0.0,0.0,0.0,0,2.2604455515758786,0.1961414457123184
Cash / No Trade,2022,2022-04-18,2022-04-19,0.0,0.0,0.0,0,2.2604455515758786,0.1961414457123184
Cash / No Trade,2022,2022-04-19,2022-04-20,0.0,0.0,0.0,0,2.2604455515758786,0.1961414457123184
Cash / No Trade,2022,2022-04-20,2022-04-21,0.0,0.0,0.0,0,2.2604455515758786,0.1961414457123184
Cash / No Trade,2022,2022-04-21,2022-04-22,0.0,0.0,0.0,0,2.2604455515758786,0.1961414457123184
Cash / No Trade,2022,2022-04-22,2022-04-25,0.0,0.0,0.0,0,2.2604455515758786,0.1961414457123184
Cash / No Trade,2022,2022-04-25,2022-04-26,0.0,0.0,0.0,0,2.2604455515758786,0.1961414457123184
Cash / No Trade,2022,2022-04-26,2022-04-27,-0.0,-0.0,0.0,0,2.2604455515758786,0.1961414457123184
Cash / No Trade,2022,2022-04-27,2022-04-28,0.0,0.0,0.0,0,2.2604455515758786,0.1961414457123184
Cash / No Trade,2022,2022-04-28,2022-04-29,0.0,0.0,0.0,0,2.2604455515758786,0.1961414457123184
Cash / No Trade,2022,2022-04-29,2022-05-02,-0.0,-0.0,0.0,0,2.2604455515758786,0.1961414457123184
Cash / No Trade,2022,2022-05-02,2022-05-03,0.0,0.0,0.0,0,2.2604455515758786,0.1961414457123184
Cash / No Trade,2022,2022-05-03,2022-05-04,0.0,0.0,0.0,0,2.2604455515758786,0.1961414457123184
Cash / No Trade,2022,2022-05-04,2022-05-05,0.0,0.0,0.0,0,2.2604455515758786,0.1961414457123184
Cash / No Trade,2022,2022-05-05,2022-05-06,-0.0,-0.0,0.0,0,2.2604455515758786,0.1961414457123184
Cash / No Trade,2022,2022-05-06,2022-05-09,0.0,0.0,0.0,0,2.2604455515758786,0.1961414457123184
Cash / No Trade,2022,2022-05-09,2022-05-10,0.0,0.0,0.0,0,2.2604455515758786,0.1961414457123184
Cash / No Trade,2022,2022-05-10,2022-05-11,0.0,0.0,0.0,0,2.2604455515758786,0.1961414457123184
Cash / No Trade,2022,2022-05-11,2022-05-12,0.0,0.0,0.0,0,2.2604455515758786,0.1961414457123184
Cash / No Trade,2022,2022-05-12,2022-05-13,0.0,0.0,0.0,0,2.2604455515758786,0.1379154230291398
Cash / No Trade,2022,2022-05-13,2022-05-16,-0.0,-0.0,0.0,0,2.2604455515758786,0.1379154230291398
Cash / No Trade,2022,2022-05-16,2022-05-17,0.0,0.0,0.0,0,2.2604455515758786,0.1379154230291398
Cash / No Trade,2022,2022-05-17,2022-05-18,-0.0,-0.0,0.0,0,2.2604455515758786,0.1379154230291398
Cash / No Trade,2022,2022-05-18,2022-05-19,-0.0,-0.0,0.0,0,2.2604455515758786,0.1379154230291398
Cash / No Trade,2022,2022-05-19,2022-05-20,-0.0,-0.0,0.0,0,2.2604455515758786,0.1379154230291398
Cash / No Trade,2022,2022-05-20,2022-05-23,0.0,0.0,0.0,0,2.2604455515758786,0.1379154230291398
Cash / No Trade,2022,2022-05-23,2022-05-24,-0.0,-0.0,0.0,0,2.2604455515758786,0.1379154230291398
Cash / No Trade,2022,2022-05-24,2022-05-25,-0.0,-0.0,0.0,0,2.2604455515758786,0.1379154230291398
Cash / No Trade,2022,2022-05-25,2022-05-26,0.0,0.0,0.0,0,2.2604455515758786,0.1379154230291398
Cash / No Trade,2022,2022-05-26,2022-05-27,-0.0,-0.0,0.0,0,2.2604455515758786,0.1379154230291398
Cash / No Trade,2022,2022-05-27,2022-05-31,0.0,0.0,0.0,0,2.2604455515758786,0.1379154230291398
Cash / No Trade,2022,2022-05-31,2022-06-01,0.0,0.0,0.0,0,2.2604455515758786,0.1379154230291398
Cash / No Trade,2022,2022-06-01,2022-06-02,0.0,0.0,0.0,0,2.2604455515758786,0.1379154230291398
Cash / No Trade,2022,2022-06-02,2022-06-03,-0.0,-0.0,0.0,0,2.2604455515758786,0.1379154230291398
Cash / No Trade,2022,2022-06-03,2022-06-06,0.0,0.0,0.0,0,2.2604455515758786,0.1379154230291398
Cash / No Trade,2022,2022-06-06,2022-06-07,-0.0,-0.0,0.0,0,2.2604455515758786,0.1379154230291398
Cash / No Trade,2022,2022-06-07,2022-06-08,0.0,0.0,0.0,0,2.2604455515758786,0.1379154230291398
Cash / No Trade,2022,2022-06-08,2022-06-09,-0.0,-0.0,0.0,0,2.2604455515758786,0.1379154230291398
Cash / No Trade,2022,2022-06-09,2022-06-10,-0.0,-0.0,0.0,0,2.2604455515758786,0.1379154230291398
Cash / No Trade,2022,2022-06-10,2022-06-13,0.0,0.0,0.0,0,2.2604455515758786,0.1379154230291398
Cash / No Trade,2022,2022-06-13,2022-06-14,0.0,0.0,0.0,0,2.2604455515758786,0.2463938936062347
Cash / No Trade,2022,2022-06-14,2022-06-15,-0.0,-0.0,0.0,0,2.2604455515758786,0.2463938936062347
Cash / No Trade,2022,2022-06-15,2022-06-16,-0.0,-0.0,0.0,0,2.2604455515758786,0.2463938936062347
Cash / No Trade,2022,2022-06-16,2022-06-17,-0.0,-0.0,0.0,0,2.2604455515758786,0.2463938936062347
Cash / No Trade,2022,2022-06-17,2022-06-21,-0.0,-0.0,0.0,0,2.2604455515758786,0.2463938936062347
Cash / No Trade,2022,2022-06-21,2022-06-22,-0.0,-0.0,0.0,0,2.2604455515758786,0.2463938936062347
Cash / No Trade,2022,2022-06-22,2022-06-23,-0.0,-0.0,0.0,0,2.2604455515758786,0.2463938936062347
Cash / No Trade,2022,2022-06-23,2022-06-24,0.0,0.0,0.0,0,2.2604455515758786,0.2463938936062347
Cash / No Trade,2022,2022-06-24,2022-06-27,0.0,0.0,0.0,0,2.2604455515758786,0.2463938936062347
Cash / No Trade,2022,2022-06-27,2022-06-28,0.0,0.0,0.0,0,2.2604455515758786,0.2463938936062347
Cash / No Trade,2022,2022-06-28,2022-06-29,-0.0,-0.0,0.0,0,2.2604455515758786,0.2463938936062347
Cash / No Trade,2022,2022-06-29,2022-06-30,-0.0,-0.0,0.0,0,2.2604455515758786,0.2463938936062347
Cash / No Trade,2022,2022-06-30,2022-07-01,-0.0,-0.0,0.0,0,2.2604455515758786,0.2463938936062347
Cash / No Trade,2022,2022-07-01,2022-07-05,-0.0,-0.0,0.0,0,2.2604455515758786,0.2463938936062347
Cash / No Trade,2022,2022-07-05,2022-07-06,-0.0,-0.0,0.0,0,2.2604455515758786,0.2463938936062347
Cash / No Trade,2022,2022-07-06,2022-07-07,0.0,0.0,0.0,0,2.2604455515758786,0.2463938936062347
Cash / No Trade,2022,2022-07-07,2022-07-08,0.0,0.0,0.0,0,2.2604455515758786,0.2463938936062347
Cash / No Trade,2022,2022-07-08,2022-07-11,0.0,0.0,0.0,0,2.2604455515758786,0.2463938936062347
Cash / No Trade,2022,2022-07-11,2022-07-12,-0.0,-0.0,0.0,0,2.2604455515758786,0.2463938936062347
Cash / No Trade,2022,2022-07-12,2022-07-13,-0.0,-0.0,0.0,0,2.2604455515758786,0.2463938936062347
Cash / No Trade,2022,2022-07-13,2022-07-14,0.0,0.0,0.0,0,2.2604455515758786,0.2463938936062347
Cash / No Trade,2022,2022-07-14,2022-07-15,-0.0,-0.0,0.0,0,2.2604455515758786,0.06060485252359845
Cash / No Trade,2022,2022-07-15,2022-07-18,0.0,0.0,0.0,0,2.2604455515758786,0.06060485252359845
Cash / No Trade,2022,2022-07-18,2022-07-19,-0.0,-0.0,0.0,0,2.2604455515758786,0.06060485252359845
Cash / No Trade,2022,2022-07-19,2022-07-20,-0.0,-0.0,0.0,0,2.2604455515758786,0.06060485252359845
Cash / No Trade,2022,2022-07-20,2022-07-21,-0.0,-0.0,0.0,0,2.2604455515758786,0.06060485252359845
Cash / No Trade,2022,2022-07-21,2022-07-22,0.0,0.0,0.0,0,2.2604455515758786,0.06060485252359845
Cash / No Trade,2022,2022-07-22,2022-07-25,0.0,0.0,0.0,0,2.2604455515758786,0.06060485252359845
Cash / No Trade,2022,2022-07-25,2022-07-26,0.0,0.0,0.0,0,2.2604455515758786,0.06060485252359845
Cash / No Trade,2022,2022-07-26,2022-07-27,0.0,0.0,0.0,0,2.2604455515758786,0.06060485252359845
Cash / No Trade,2022,2022-07-27,2022-07-28,0.0,0.0,0.0,0,2.2604455515758786,0.06060485252359845
Cash / No Trade,2022,2022-07-28,2022-07-29,0.0,0.0,0.0,0,2.2604455515758786,0.06060485252359845
Cash / No Trade,2022,2022-07-29,2022-08-01,-0.0,-0.0,0.0,0,2.2604455515758786,0.06060485252359845
Cash / No Trade,2022,2022-08-01,2022-08-02,-0.0,-0.0,0.0,0,2.2604455515758786,0.06060485252359845
Cash / No Trade,2022,2022-08-02,2022-08-03,-0.0,-0.0,0.0,0,2.2604455515758786,0.06060485252359845
Cash / No Trade,2022,2022-08-03,2022-08-04,0.0,0.0,0.0,0,2.2604455515758786,0.06060485252359845
Cash / No Trade,2022,2022-08-04,2022-08-05,-0.0,-0.0,0.0,0,2.2604455515758786,0.06060485252359845
Cash / No Trade,2022,2022-08-05,2022-08-08,0.0,0.0,0.0,0,2.2604455515758786,0.06060485252359845
Cash / No Trade,2022,2022-08-08,2022-08-09,0.0,0.0,0.0,0,2.2604455515758786,0.06060485252359845
Cash / No Trade,2022,2022-08-09,2022-08-10,-0.0,-0.0,0.0,0,2.2604455515758786,0.06060485252359845
Cash / No Trade,2022,2022-08-10,2022-08-11,0.0,0.0,0.0,0,2.2604455515758786,0.06060485252359845
Cash / No Trade,2022,2022-08-11,2022-08-12,-0.0,-0.0,0.0,0,2.2604455515758786,0.06060485252359845
Cash / No Trade,2022,2022-08-12,2022-08-15,-0.0,-0.0,0.0,0,2.2604455515758786,0.1267071211672063
Cash / No Trade,2022,2022-08-15,2022-08-16,-0.0,-0.0,0.0,0,2.2604455515758786,0.1267071211672063
Cash / No Trade,2022,2022-08-16,2022-08-17,0.0,0.0,0.0,0,2.2604455515758786,0.1267071211672063
Cash / No Trade,2022,2022-08-17,2022-08-18,0.0,0.0,0.0,0,2.2604455515758786,0.1267071211672063
Cash / No Trade,2022,2022-08-18,2022-08-19,-0.0,-0.0,0.0,0,2.2604455515758786,0.1267071211672063
Cash / No Trade,2022,2022-08-19,2022-08-22,0.0,0.0,0.0,0,2.2604455515758786,0.1267071211672063
Cash / No Trade,2022,2022-08-22,2022-08-23,0.0,0.0,0.0,0,2.2604455515758786,0.1267071211672063
Cash / No Trade,2022,2022-08-23,2022-08-24,-0.0,-0.0,0.0,0,2.2604455515758786,0.1267071211672063
Cash / No Trade,2022,2022-08-24,2022-08-25,-0.0,-0.0,0.0,0,2.2604455515758786,0.1267071211672063
Cash / No Trade,2022,2022-08-25,2022-08-26,0.0,0.0,0.0,0,2.2604455515758786,0.1267071211672063
Cash / No Trade,2022,2022-08-26,2022-08-29,-0.0,-0.0,0.0,0,2.2604455515758786,0.1267071211672063
Cash / No Trade,2022,2022-08-29,2022-08-30,-0.0,-0.0,0.0,0,2.2604455515758786,0.1267071211672063
Cash / No Trade,2022,2022-08-30,2022-08-31,-0.0,-0.0,0.0,0,2.2604455515758786,0.1267071211672063
Cash / No Trade,2022,2022-08-31,2022-09-01,-0.0,-0.0,0.0,0,2.2604455515758786,0.1267071211672063
Cash / No Trade,2022,2022-09-01,2022-09-02,0.0,0.0,0.0,0,2.2604455515758786,0.1267071211672063
Cash / No Trade,2022,2022-09-02,2022-09-06,-0.0,-0.0,0.0,0,2.2604455515758786,0.1267071211672063
Cash / No Trade,2022,2022-09-06,2022-09-07,-0.0,-0.0,0.0,0,2.2604455515758786,0.1267071211672063
Cash / No Trade,2022,2022-09-07,2022-09-08,0.0,0.0,0.0,0,2.2604455515758786,0.1267071211672063
Cash / No Trade,2022,2022-09-08,2022-09-09,0.0,0.0,0.0,0,2.2604455515758786,0.1267071211672063
Cash / No Trade,2022,2022-09-09,2022-09-12,0.0,0.0,0.0,0,2.2604455515758786,0.1267071211672063
Cash / No Trade,2022,2022-09-12,2022-09-13,-0.0,-0.0,0.0,0,2.2604455515758786,0.1267071211672063
Cash / No Trade,2022,2022-09-13,2022-09-14,-0.0,-0.0,0.0,0,2.2604455515758786,0.1701448885914605
Cash / No Trade,2022,2022-09-14,2022-09-15,-0.0,-0.0,0.0,0,2.2604455515758786,0.1701448885914605
Cash / No Trade,2022,2022-09-15,2022-09-16,-0.0,-0.0,0.0,0,2.2604455515758786,0.1701448885914605
Cash / No Trade,2022,2022-09-16,2022-09-19,0.0,0.0,0.0,0,2.2604455515758786,0.1701448885914605
Cash / No Trade,2022,2022-09-19,2022-09-20,0.0,0.0,0.0,0,2.2604455515758786,0.1701448885914605
Cash / No Trade,2022,2022-09-20,2022-09-21,-0.0,-0.0,0.0,0,2.2604455515758786,0.1701448885914605
Cash / No Trade,2022,2022-09-21,2022-09-22,-0.0,-0.0,0.0,0,2.2604455515758786,0.1701448885914605
Cash / No Trade,2022,2022-09-22,2022-09-23,-0.0,-0.0,0.0,0,2.2604455515758786,0.1701448885914605
Cash / No Trade,2022,2022-09-23,2022-09-26,-0.0,-0.0,0.0,0,2.2604455515758786,0.1701448885914605
Cash / No Trade,2022,2022-09-26,2022-09-27,-0.0,-0.0,0.0,0,2.2604455515758786,0.1701448885914605
Cash / No Trade,2022,2022-09-27,2022-09-28,-0.0,-0.0,0.0,0,2.2604455515758786,0.1701448885914605
Cash / No Trade,2022,2022-09-28,2022-09-29,0.0,0.0,0.0,0,2.2604455515758786,0.1701448885914605
Cash / No Trade,2022,2022-09-29,2022-09-30,-0.0,-0.0,0.0,0,2.2604455515758786,0.1701448885914605
Cash / No Trade,2022,2022-09-30,2022-10-03,0.0,0.0,0.0,0,2.2604455515758786,0.1701448885914605
Cash / No Trade,2022,2022-10-03,2022-10-04,0.0,0.0,0.0,0,2.2604455515758786,0.1701448885914605
Cash / No Trade,2022,2022-10-04,2022-10-05,-0.0,-0.0,0.0,0,2.2604455515758786,0.1701448885914605
Cash / No Trade,2022,2022-10-05,2022-10-06,-0.0,-0.0,0.0,0,2.2604455515758786,0.1701448885914605
Cash / No Trade,2022,2022-10-06,2022-10-07,0.0,0.0,0.0,0,2.2604455515758786,0.1701448885914605
Cash / No Trade,2022,2022-10-07,2022-10-10,0.0,0.0,0.0,0,2.2604455515758786,0.1701448885914605
Cash / No Trade,2022,2022-10-10,2022-10-11,0.0,0.0,0.0,0,2.2604455515758786,0.1701448885914605
Cash / No Trade,2022,2022-10-11,2022-10-12,0.0,0.0,0.0,0,2.2604455515758786,0.1701448885914605
Cash / No Trade,2022,2022-10-12,2022-10-13,0.0,0.0,0.0,0,2.2604455515758786,0.127251637188317
Cash / No Trade,2022,2022-10-13,2022-10-14,-0.0,-0.0,0.0,0,2.2604455515758786,0.127251637188317
Cash / No Trade,2022,2022-10-14,2022-10-17,0.0,0.0,0.0,0,2.2604455515758786,0.127251637188317
Cash / No Trade,2022,2022-10-17,2022-10-18,-0.0,-0.0,0.0,0,2.2604455515758786,0.127251637188317
Cash / No Trade,2022,2022-10-18,2022-10-19,0.0,0.0,0.0,0,2.2604455515758786,0.127251637188317
Cash / No Trade,2022,2022-10-19,2022-10-20,0.0,0.0,0.0,0,2.2604455515758786,0.127251637188317
Cash / No Trade,2022,2022-10-20,2022-10-21,0.0,0.0,0.0,0,2.2604455515758786,0.127251637188317
Cash / No Trade,2022,2022-10-21,2022-10-24,-0.0,-0.0,0.0,0,2.2604455515758786,0.127251637188317
Cash / No Trade,2022,2022-10-24,2022-10-25,0.0,0.0,0.0,0,2.2604455515758786,0.127251637188317
Cash / No Trade,2022,2022-10-25,2022-10-26,0.0,0.0,0.0,0,2.2604455515758786,0.127251637188317
Cash / No Trade,2022,2022-10-26,2022-10-27,-0.0,-0.0,0.0,0,2.2604455515758786,0.127251637188317
Cash / No Trade,2022,2022-10-27,2022-10-28,-0.0,-0.0,0.0,0,2.2604455515758786,0.127251637188317
Cash / No Trade,2022,2022-10-28,2022-10-31,0.0,0.0,0.0,0,2.2604455515758786,0.127251637188317
Cash / No Trade,2022,2022-10-31,2022-11-01,0.0,0.0,0.0,0,2.2604455515758786,0.127251637188317
Cash / No Trade,2022,2022-11-01,2022-11-02,0.0,0.0,0.0,0,2.2604455515758786,0.127251637188317
Cash / No Trade,2022,2022-11-02,2022-11-03,0.0,0.0,0.0,0,2.2604455515758786,0.127251637188317
Cash / No Trade,2022,2022-11-03,2022-11-04,0.0,0.0,0.0,0,2.2604455515758786,0.127251637188317
Cash / No Trade,2022,2022-11-04,2022-11-07,-0.0,-0.0,0.0,0,2.2604455515758786,0.127251637188317
Cash / No Trade,2022,2022-11-07,2022-11-08,0.0,0.0,0.0,0,2.2604455515758786,0.127251637188317
Cash / No Trade,2022,2022-11-08,2022-11-09,0.0,0.0,0.0,0,2.2604455515758786,0.127251637188317
Cash / No Trade,2022,2022-11-09,2022-11-10,-0.0,-0.0,0.0,0,2.2604455515758786,0.127251637188317
Cash / No Trade,2022,2022-11-10,2022-11-11,0.0,0.0,0.0,0,2.2604455515758786,0.2437504045014034
Cash / No Trade,2022,2022-11-11,2022-11-14,-0.0,-0.0,0.0,0,2.2604455515758786,0.2437504045014034
Cash / No Trade,2022,2022-11-14,2022-11-15,0.0,0.0,0.0,0,2.2604455515758786,0.2437504045014034
Cash / No Trade,2022,2022-11-15,2022-11-16,-0.0,-0.0,0.0,0,2.2604455515758786,0.2437504045014034
Cash / No Trade,2022,2022-11-16,2022-11-17,-0.0,-0.0,0.0,0,2.2604455515758786,0.2437504045014034
Cash / No Trade,2022,2022-11-17,2022-11-18,0.0,0.0,0.0,0,2.2604455515758786,0.2437504045014034
Cash / No Trade,2022,2022-11-18,2022-11-21,0.0,0.0,0.0,0,2.2604455515758786,0.2437504045014034
Cash / No Trade,2022,2022-11-21,2022-11-22,-0.0,-0.0,0.0,0,2.2604455515758786,0.2437504045014034
Cash / No Trade,2022,2022-11-22,2022-11-23,0.0,0.0,0.0,0,2.2604455515758786,0.2437504045014034
Cash / No Trade,2022,2022-11-23,2022-11-25,0.0,0.0,0.0,0,2.2604455515758786,0.2437504045014034
Cash / No Trade,2022,2022-11-25,2022-11-28,0.0,0.0,0.0,0,2.2604455515758786,0.2437504045014034
Cash / No Trade,2022,2022-11-28,2022-11-29,0.0,0.0,0.0,0,2.2604455515758786,0.2437504045014034
Cash / No Trade,2022,2022-11-29,2022-11-30,-0.0,-0.0,0.0,0,2.2604455515758786,0.2437504045014034
Cash / No Trade,2022,2022-11-30,2022-12-01,-0.0,-0.0,0.0,0,2.2604455515758786,0.2437504045014034
Cash / No Trade,2022,2022-12-01,2022-12-02,0.0,0.0,0.0,0,2.2604455515758786,0.2437504045014034
Cash / No Trade,2022,2022-12-02,2022-12-05,-0.0,-0.0,0.0,0,2.2604455515758786,0.2437504045014034
Cash / No Trade,2022,2022-12-05,2022-12-06,-0.0,-0.0,0.0,0,2.2604455515758786,0.2437504045014034
Cash / No Trade,2022,2022-12-06,2022-12-07,-0.0,-0.0,0.0,0,2.2604455515758786,0.2437504045014034
Cash / No Trade,2022,2022-12-07,2022-12-08,-0.0,-0.0,0.0,0,2.2604455515758786,0.2437504045014034
Cash / No Trade,2022,2022-12-08,2022-12-09,-0.0,-0.0,0.0,0,2.2604455515758786,0.2437504045014034
Cash / No Trade,2022,2022-12-09,2022-12-12,0.0,0.0,0.0,0,2.2604455515758786,0.2437504045014034
Cash / No Trade,2022,2022-12-12,2022-12-13,0.0,0.0,0.0,0,2.2604455515758786,0.2059014815990136
Cash / No Trade,2022,2022-12-13,2022-12-14,-0.0,-0.0,0.0,0,2.2604455515758786,0.2059014815990136
Cash / No Trade,2022,2022-12-14,2022-12-15,-0.0,-0.0,0.0,0,2.2604455515758786,0.2059014815990136
Cash / No Trade,2022,2022-12-15,2022-12-16,-0.0,-0.0,0.0,0,2.2604455515758786,0.2059014815990136
Cash / No Trade,2022,2022-12-16,2022-12-19,0.0,0.0,0.0,0,2.2604455515758786,0.2059014815990136
Cash / No Trade,2022,2022-12-19,2022-12-20,0.0,0.0,0.0,0,2.2604455515758786,0.2059014815990136
Cash / No Trade,2022,2022-12-20,2022-12-21,-0.0,-0.0,0.0,0,2.2604455515758786,0.2059014815990136
Cash / No Trade,2022,2022-12-21,2022-12-22,-0.0,-0.0,0.0,0,2.2604455515758786,0.2059014815990136
Cash / No Trade,2022,2022-12-22,2022-12-23,0.0,0.0,0.0,0,2.2604455515758786,0.2059014815990136
Cash / No Trade,2022,2022-12-23,2022-12-27,0.0,0.0,0.0,0,2.2604455515758786,0.2059014815990136
Cash / No Trade,2022,2022-12-27,2022-12-28,-0.0,-0.0,0.0,0,2.2604455515758786,0.2059014815990136
Cash / No Trade,2022,2022-12-28,2022-12-29,0.0,0.0,0.0,0,2.2604455515758786,0.2059014815990136
Cash / No Trade,2022,2022-12-29,2022-12-30,-0.0,-0.0,0.0,0,2.2604455515758786,0.2059014815990136
Z-score Rule,2023,2023-01-03,2023-01-04,-0.0,-0.0,0.0,0,2.274568433482016,0.2059014815990136
Z-score Rule,2023,2023-01-04,2023-01-05,-0.0,-0.0,0.0,0,2.274568433482016,0.2059014815990136
Z-score Rule,2023,2023-01-05,2023-01-06,0.003712559441576428,0.004537591272523081,0.0008250318309466531,1,2.274568433482016,0.2059014815990136
Z-score Rule,2023,2023-01-06,2023-01-09,0.00947060751115059,0.009477489574678004,6.882063527414217e-06,1,2.274568433482016,0.2059014815990136
Z-score Rule,2023,2023-01-09,2023-01-10,-0.000965362486877503,-0.000960405796191448,4.9566906860550874e-06,1,2.274568433482016,0.2059014815990136
Z-score Rule,2023,2023-01-10,2023-01-11,-0.0017186539810103347,-0.001713307251207038,5.346729803296535e-06,1,2.274568433482016,0.2059014815990136
Z-score Rule,2023,2023-01-11,2023-01-12,2.539616450230499e-05,3.121346789303377e-05,5.817303390728779e-06,1,2.274568433482016,0.2059014815990136
Z-score Rule,2023,2023-01-12,2023-01-13,0.0056987034624362155,0.00570452202964189,5.818567205674141e-06,1,2.274568433482016,0.1187445535077025
Z-score Rule,2023,2023-01-13,2023-01-17,-0.0007962104763334844,0.0,0.0007962104763334844,0,2.274568433482016,0.1187445535077025
Z-score Rule,2023,2023-01-17,2023-01-18,-0.0,-0.0,0.0,0,2.274568433482016,0.1187445535077025
Z-score Rule,2023,2023-01-18,2023-01-19,0.0,0.0,0.0,0,2.274568433482016,0.1187445535077025
Z-score Rule,2023,2023-01-19,2023-01-20,0.0,0.0,0.0,0,2.274568433482016,0.1187445535077025
Z-score Rule,2023,2023-01-20,2023-01-23,-0.0,-0.0,0.0,0,2.274568433482016,0.1187445535077025
Z-score Rule,2023,2023-01-23,2023-01-24,0.0,0.0,0.0,0,2.274568433482016,0.1187445535077025
Z-score Rule,2023,2023-01-24,2023-01-25,0.0,0.0,0.0,0,2.274568433482016,0.1187445535077025
Z-score Rule,2023,2023-01-25,2023-01-26,0.0,0.0,0.0,0,2.274568433482016,0.1187445535077025
Z-score Rule,2023,2023-01-26,2023-01-27,-0.0,-0.0,0.0,0,2.274568433482016,0.1187445535077025
Z-score Rule,2023,2023-01-27,2023-01-30,-0.0,-0.0,0.0,0,2.274568433482016,0.1187445535077025
Z-score Rule,2023,2023-01-30,2023-01-31,0.0,0.0,0.0,0,2.274568433482016,0.1187445535077025
Z-score Rule,2023,2023-01-31,2023-02-01,-0.0,-0.0,0.0,0,2.274568433482016,0.1187445535077025
Z-score Rule,2023,2023-02-01,2023-02-02,0.0,0.0,0.0,0,2.274568433482016,0.1187445535077025
Z-score Rule,2023,2023-02-02,2023-02-03,-0.0,-0.0,0.0,0,2.274568433482016,0.1187445535077025
Z-score Rule,2023,2023-02-03,2023-02-06,-0.0,-0.0,0.0,0,2.274568433482016,0.1187445535077025
Z-score Rule,2023,2023-02-06,2023-02-07,0.0,0.0,0.0,0,2.274568433482016,0.1187445535077025
Z-score Rule,2023,2023-02-07,2023-02-08,0.0,0.0,0.0,0,2.274568433482016,0.1187445535077025
Z-score Rule,2023,2023-02-08,2023-02-09,-0.0,-0.0,0.0,0,2.274568433482016,0.1187445535077025
Z-score Rule,2023,2023-02-09,2023-02-10,0.0,0.0,0.0,0,2.274568433482016,0.1187445535077025
Z-score Rule,2023,2023-02-10,2023-02-13,-0.0,-0.0,0.0,0,2.274568433482016,0.1187445535077025
Z-score Rule,2023,2023-02-13,2023-02-14,-0.0,-0.0,0.0,0,2.274568433482016,0.1296173342763508
Z-score Rule,2023,2023-02-14,2023-02-15,0.0,0.0,0.0,0,2.274568433482016,0.1296173342763508
Z-score Rule,2023,2023-02-15,2023-02-16,0.0,0.0,0.0,0,2.274568433482016,0.1296173342763508
Z-score Rule,2023,2023-02-16,2023-02-17,0.0,0.0,0.0,0,2.274568433482016,0.1296173342763508
Z-score Rule,2023,2023-02-17,2023-02-21,0.0,0.0,0.0,0,2.274568433482016,0.1296173342763508
Z-score Rule,2023,2023-02-21,2023-02-22,0.0007905253401837193,0.001508115162457836,0.0007175898222741167,-1,2.274568433482016,0.1296173342763508
Z-score Rule,2023,2023-02-22,2023-02-23,0.00385759220117184,0.003857663214308544,7.101313670374032e-08,-1,2.274568433482016,0.1296173342763508
Z-score Rule,2023,2023-02-23,2023-02-24,0.006943004685405485,0.006943109015854364,1.0433044887875332e-07,-1,2.274568433482016,0.1296173342763508
Z-score Rule,2023,2023-02-24,2023-02-27,-0.0007175565049619416,-0.0,0.0007175565049619416,0,2.274568433482016,0.1296173342763508
Z-score Rule,2023,2023-02-27,2023-02-28,-0.0,-0.0,0.0,0,2.274568433482016,0.1296173342763508
Z-score Rule,2023,2023-02-28,2023-03-01,0.005994135357969535,0.006710058200238339,0.0007159228422688036,1,2.274568433482016,0.1296173342763508
Z-score Rule,2023,2023-03-01,2023-03-02,0.01121795132815554,0.01121853553210547,5.842039499312501e-07,1,2.274568433482016,0.1296173342763508
Z-score Rule,2023,2023-03-02,2023-03-03,-0.0007153386383188723,-0.0,0.0007153386383188723,0,2.274568433482016,0.1296173342763508
Z-score Rule,2023,2023-03-03,2023-03-06,-0.0,-0.0,0.0,0,2.274568433482016,0.1296173342763508
Z-score Rule,2023,2023-03-06,2023-03-07,-0.0,-0.0,0.0,0,2.274568433482016,0.1296173342763508
Z-score Rule,2023,2023-03-07,2023-03-08,0.0,0.0,0.0,0,2.274568433482016,0.1296173342763508
Z-score Rule,2023,2023-03-08,2023-03-09,-0.0,-0.0,0.0,0,2.274568433482016,0.1296173342763508
Z-score Rule,2023,2023-03-09,2023-03-10,-0.0,-0.0,0.0,0,2.274568433482016,0.1296173342763508
Z-score Rule,2023,2023-03-10,2023-03-13,-0.0,-0.0,0.0,0,2.274568433482016,0.1296173342763508
Z-score Rule,2023,2023-03-13,2023-03-14,-0.0,-0.0,0.0,0,2.274568433482016,0.1296173342763508
Z-score Rule,2023,2023-03-14,2023-03-15,0.0,0.0,0.0,0,2.274568433482016,0.1296173342763508
Z-score Rule,2023,2023-03-15,2023-03-16,0.0,0.0,0.0,0,2.274568433482016,0.125326879430482
Z-score Rule,2023,2023-03-16,2023-03-17,-0.0,-0.0,0.0,0,2.274568433482016,0.125326879430482
Z-score Rule,2023,2023-03-17,2023-03-20,0.0,0.0,0.0,0,2.274568433482016,0.125326879430482
Z-score Rule,2023,2023-03-20,2023-03-21,-0.0,-0.0,0.0,0,2.274568433482016,0.125326879430482
Z-score Rule,2023,2023-03-21,2023-03-22,-0.0,-0.0,0.0,0,2.274568433482016,0.125326879430482
Z-score Rule,2023,2023-03-22,2023-03-23,-0.0,-0.0,0.0,0,2.274568433482016,0.125326879430482
Z-score Rule,2023,2023-03-23,2023-03-24,-0.0,-0.0,0.0,0,2.274568433482016,0.125326879430482
Z-score Rule,2023,2023-03-24,2023-03-27,0.0,0.0,0.0,0,2.274568433482016,0.125326879430482
Z-score Rule,2023,2023-03-27,2023-03-28,0.0,0.0,0.0,0,2.274568433482016,0.125326879430482
Z-score Rule,2023,2023-03-28,2023-03-29,0.0,0.0,0.0,0,2.274568433482016,0.125326879430482
Z-score Rule,2023,2023-03-29,2023-03-30,-0.0,-0.0,0.0,0,2.274568433482016,0.125326879430482
Z-score Rule,2023,2023-03-30,2023-03-31,0.0,0.0,0.0,0,2.274568433482016,0.125326879430482
Z-score Rule,2023,2023-03-31,2023-04-03,-0.013130928522689914,-0.01243290993405722,0.0006980185886326947,-1,2.274568433482016,0.125326879430482
Z-score Rule,2023,2023-04-03,2023-04-04,-0.0028291067673305555,-0.002827203084191605,1.9036831389505905e-06,-1,2.274568433482016,0.125326879430482
Z-score Rule,2023,2023-04-04,2023-04-05,-0.0015192886445516728,-0.001517110610133402,2.1780344182706913e-06,-1,2.274568433482016,0.125326879430482
Z-score Rule,2023,2023-04-05,2023-04-06,0.015459758882853902,0.01546156180453356,1.802921679657954e-06,-1,2.274568433482016,0.125326879430482
Z-score Rule,2023,2023-04-06,2023-04-10,0.0004906298992943077,0.0004922404347815126,1.6105354872049394e-06,-1,2.274568433482016,0.125326879430482
Z-score Rule,2023,2023-04-10,2023-04-11,-0.0008213338293123951,-0.0008189791952809998,2.3546340313953253e-06,-1,2.274568433482016,0.125326879430482
Z-score Rule,2023,2023-04-11,2023-04-12,-0.002721033850215771,-0.002718897836075684,2.1360141400867396e-06,-1,2.274568433482016,0.125326879430482
Z-score Rule,2023,2023-04-12,2023-04-13,0.004856928263323579,0.004859771689742524,2.843426418945361e-06,-1,2.274568433482016,0.125326879430482
Z-score Rule,2023,2023-04-13,2023-04-14,-0.000683189339318183,0.0,0.000683189339318183,0,2.274568433482016,0.125326879430482
Z-score Rule,2023,2023-04-14,2023-04-17,0.0,0.0,0.0,0,2.274568433482016,0.1065340881337931
Z-score Rule,2023,2023-04-17,2023-04-18,0.0,0.0,0.0,0,2.274568433482016,0.1065340881337931
Z-score Rule,2023,2023-04-18,2023-04-19,-0.0,-0.0,0.0,0,2.274568433482016,0.1065340881337931
Z-score Rule,2023,2023-04-19,2023-04-20,-0.0,-0.0,0.0,0,2.274568433482016,0.1065340881337931
Z-score Rule,2023,2023-04-20,2023-04-21,-0.0,-0.0,0.0,0,2.274568433482016,0.1065340881337931
Z-score Rule,2023,2023-04-21,2023-04-24,-0.0,-0.0,0.0,0,2.274568433482016,0.1065340881337931
Z-score Rule,2023,2023-04-24,2023-04-25,-0.0,-0.0,0.0,0,2.274568433482016,0.1065340881337931
Z-score Rule,2023,2023-04-25,2023-04-26,-0.0,-0.0,0.0,0,2.274568433482016,0.1065340881337931
Z-score Rule,2023,2023-04-26,2023-04-27,-0.0,-0.0,0.0,0,2.274568433482016,0.1065340881337931
Z-score Rule,2023,2023-04-27,2023-04-28,0.0,0.0,0.0,0,2.274568433482016,0.1065340881337931
Z-score Rule,2023,2023-04-28,2023-05-01,0.0,0.0,0.0,0,2.274568433482016,0.1065340881337931
Z-score Rule,2023,2023-05-01,2023-05-02,-0.0,-0.0,0.0,0,2.274568433482016,0.1065340881337931
Z-score Rule,2023,2023-05-02,2023-05-03,0.0,0.0,0.0,0,2.274568433482016,0.1065340881337931
Z-score Rule,2023,2023-05-03,2023-05-04,0.0,0.0,0.0,0,2.274568433482016,0.1065340881337931
Z-score Rule,2023,2023-05-04,2023-05-05,0.0,0.0,0.0,0,2.274568433482016,0.1065340881337931
Z-score Rule,2023,2023-05-05,2023-05-08,0.0,0.0,0.0,0,2.274568433482016,0.1065340881337931
Z-score Rule,2023,2023-05-08,2023-05-09,-0.0,-0.0,0.0,0,2.274568433482016,0.1065340881337931
Z-score Rule,2023,2023-05-09,2023-05-10,-0.0,-0.0,0.0,0,2.274568433482016,0.1065340881337931
Z-score Rule,2023,2023-05-10,2023-05-11,-0.0,-0.0,0.0,0,2.274568433482016,0.1065340881337931
Z-score Rule,2023,2023-05-11,2023-05-12,-0.0,-0.0,0.0,0,2.274568433482016,0.1065340881337931
Z-score Rule,2023,2023-05-12,2023-05-15,-0.0,-0.0,0.0,0,2.274568433482016,0.1065340881337931
Z-score Rule,2023,2023-05-15,2023-05-16,-0.02416111590343107,-0.02349540952449072,0.0006657063789403508,1,2.274568433482016,0.1855371589452258
Z-score Rule,2023,2023-05-16,2023-05-17,-0.018707661597865317,-0.01870134090343703,6.3206944282857e-06,1,2.274568433482016,0.1855371589452258
Z-score Rule,2023,2023-05-17,2023-05-18,0.0068167261104488605,0.006825195354604094,8.469244155233479e-06,1,2.274568433482016,0.1855371589452258
Z-score Rule,2023,2023-05-18,2023-05-19,-0.015057949920204794,-0.01504719101889448,1.0758901310314068e-05,1,2.274568433482016,0.1855371589452258
Z-score Rule,2023,2023-05-19,2023-05-22,0.02255892203414183,0.02257319769936399,1.4275665222161033e-05,1,2.274568433482016,0.1855371589452258
Z-score Rule,2023,2023-05-22,2023-05-23,-0.007940333966149937,-0.007928895929983856,1.143803616608105e-05,1,2.274568433482016,0.1855371589452258
Z-score Rule,2023,2023-05-23,2023-05-24,0.006315981156196805,0.006330994077094149,1.5012920897344823e-05,1,2.274568433482016,0.1855371589452258
Z-score Rule,2023,2023-05-24,2023-05-25,0.005730680935811146,0.005743349130470736,1.2668194659589793e-05,1,2.274568433482016,0.1855371589452258
Z-score Rule,2023,2023-05-25,2023-05-26,-0.0007446500357793607,0.0,0.0007446500357793607,0,2.274568433482016,0.1855371589452258
Z-score Rule,2023,2023-05-26,2023-05-30,-0.0,-0.0,0.0,0,2.274568433482016,0.1855371589452258
Z-score Rule,2023,2023-05-30,2023-05-31,0.0,0.0,0.0,0,2.274568433482016,0.1855371589452258
Z-score Rule,2023,2023-05-31,2023-06-01,0.0,0.0,0.0,0,2.274568433482016,0.1855371589452258
Z-score Rule,2023,2023-06-01,2023-06-02,0.0,0.0,0.0,0,2.274568433482016,0.1855371589452258
Z-score Rule,2023,2023-06-02,2023-06-05,-0.0,-0.0,0.0,0,2.274568433482016,0.1855371589452258
Z-score Rule,2023,2023-06-05,2023-06-06,0.0,0.0,0.0,0,2.274568433482016,0.1855371589452258
Z-score Rule,2023,2023-06-06,2023-06-07,-0.0,-0.0,0.0,0,2.274568433482016,0.1855371589452258
Z-score Rule,2023,2023-06-07,2023-06-08,0.0,0.0,0.0,0,2.274568433482016,0.1855371589452258
Z-score Rule,2023,2023-06-08,2023-06-09,0.0,0.0,0.0,0,2.274568433482016,0.1855371589452258
Z-score Rule,2023,2023-06-09,2023-06-12,-0.0,-0.0,0.0,0,2.274568433482016,0.1855371589452258
Z-score Rule,2023,2023-06-12,2023-06-13,0.0,0.0,0.0,0,2.274568433482016,0.1855371589452258
Z-score Rule,2023,2023-06-13,2023-06-14,0.0,0.0,0.0,0,2.274568433482016,0.1855371589452258
Z-score Rule,2023,2023-06-14,2023-06-15,0.0,0.0,0.0,0,2.274568433482016,0.3389006247409644
Z-score Rule,2023,2023-06-15,2023-06-16,-0.0,-0.0,0.0,0,2.274568433482016,0.3389006247409644
Z-score Rule,2023,2023-06-16,2023-06-20,0.0,0.0,0.0,0,2.274568433482016,0.3389006247409644
Z-score Rule,2023,2023-06-20,2023-06-21,-0.0,-0.0,0.0,0,2.274568433482016,0.3389006247409644
Z-score Rule,2023,2023-06-21,2023-06-22,0.0,0.0,0.0,0,2.274568433482016,0.3389006247409644
Z-score Rule,2023,2023-06-22,2023-06-23,0.0,0.0,0.0,0,2.274568433482016,0.3389006247409644
Z-score Rule,2023,2023-06-23,2023-06-26,0.0,0.0,0.0,0,2.274568433482016,0.3389006247409644
Z-score Rule,2023,2023-06-26,2023-06-27,-0.0,-0.0,0.0,0,2.274568433482016,0.3389006247409644
Z-score Rule,2023,2023-06-27,2023-06-28,-0.0,-0.0,0.0,0,2.274568433482016,0.3389006247409644
Z-score Rule,2023,2023-06-28,2023-06-29,0.0,0.0,0.0,0,2.274568433482016,0.3389006247409644
Z-score Rule,2023,2023-06-29,2023-06-30,0.0,0.0,0.0,0,2.274568433482016,0.3389006247409644
Z-score Rule,2023,2023-06-30,2023-07-03,0.0,0.0,0.0,0,2.274568433482016,0.3389006247409644
Z-score Rule,2023,2023-07-03,2023-07-05,-0.0,-0.0,0.0,0,2.274568433482016,0.3389006247409644
Z-score Rule,2023,2023-07-05,2023-07-06,-0.0,-0.0,0.0,0,2.274568433482016,0.3389006247409644
Z-score Rule,2023,2023-07-06,2023-07-07,-0.0,-0.0,0.0,0,2.274568433482016,0.3389006247409644
Z-score Rule,2023,2023-07-07,2023-07-10,0.0,0.0,0.0,0,2.274568433482016,0.3389006247409644
Z-score Rule,2023,2023-07-10,2023-07-11,-0.0,-0.0,0.0,0,2.274568433482016,0.3389006247409644
Z-score Rule,2023,2023-07-11,2023-07-12,-0.0,-0.0,0.0,0,2.274568433482016,0.3389006247409644
Z-score Rule,2023,2023-07-12,2023-07-13,0.0,0.0,0.0,0,2.274568433482016,0.3389006247409644
Z-score Rule,2023,2023-07-13,2023-07-14,-0.0,-0.0,0.0,0,2.274568433482016,0.3389006247409644
Z-score Rule,2023,2023-07-14,2023-07-17,-0.0,-0.0,0.0,0,2.274568433482016,0.3389006247409644
Z-score Rule,2023,2023-07-17,2023-07-18,-0.0,-0.0,0.0,0,2.274568433482016,0.2529929707118663
Z-score Rule,2023,2023-07-18,2023-07-19,-0.0,-0.0,0.0,0,2.274568433482016,0.2529929707118663
Z-score Rule,2023,2023-07-19,2023-07-20,0.0,0.0,0.0,0,2.274568433482016,0.2529929707118663
Z-score Rule,2023,2023-07-20,2023-07-21,0.0,0.0,0.0,0,2.274568433482016,0.2529929707118663
Z-score Rule,2023,2023-07-21,2023-07-24,0.0,0.0,0.0,0,2.274568433482016,0.2529929707118663
Z-score Rule,2023,2023-07-24,2023-07-25,-0.0,-0.0,0.0,0,2.274568433482016,0.2529929707118663
Z-score Rule,2023,2023-07-25,2023-07-26,0.0,0.0,0.0,0,2.274568433482016,0.2529929707118663
Z-score Rule,2023,2023-07-26,2023-07-27,-0.0,-0.0,0.0,0,2.274568433482016,0.2529929707118663
Z-score Rule,2023,2023-07-27,2023-07-28,-0.0,-0.0,0.0,0,2.274568433482016,0.2529929707118663
Z-score Rule,2023,2023-07-28,2023-07-31,-0.0,-0.0,0.0,0,2.274568433482016,0.2529929707118663
Z-score Rule,2023,2023-07-31,2023-08-01,-0.0,-0.0,0.0,0,2.274568433482016,0.2529929707118663
Z-score Rule,2023,2023-08-01,2023-08-02,-0.0,-0.0,0.0,0,2.274568433482016,0.2529929707118663
Z-score Rule,2023,2023-08-02,2023-08-03,-0.0,-0.0,0.0,0,2.274568433482016,0.2529929707118663
Z-score Rule,2023,2023-08-03,2023-08-04,0.0,0.0,0.0,0,2.274568433482016,0.2529929707118663
Z-score Rule,2023,2023-08-04,2023-08-07,-0.0,-0.0,0.0,0,2.274568433482016,0.2529929707118663
Z-score Rule,2023,2023-08-07,2023-08-08,0.0,0.0,0.0,0,2.274568433482016,0.2529929707118663
Z-score Rule,2023,2023-08-08,2023-08-09,0.0,0.0,0.0,0,2.274568433482016,0.2529929707118663
Z-score Rule,2023,2023-08-09,2023-08-10,-0.0,-0.0,0.0,0,2.274568433482016,0.2529929707118663
Z-score Rule,2023,2023-08-10,2023-08-11,-0.0,-0.0,0.0,0,2.274568433482016,0.2529929707118663
Z-score Rule,2023,2023-08-11,2023-08-14,-0.0,-0.0,0.0,0,2.274568433482016,0.2529929707118663
Z-score Rule,2023,2023-08-14,2023-08-15,0.0,0.0,0.0,0,2.274568433482016,0.2529929707118663
Z-score Rule,2023,2023-08-15,2023-08-16,0.0,0.0,0.0,0,2.274568433482016,0.3424358652773633
Z-score Rule,2023,2023-08-16,2023-08-17,0.0,0.0,0.0,0,2.274568433482016,0.3424358652773633
Z-score Rule,2023,2023-08-17,2023-08-18,0.0,0.0,0.0,0,2.274568433482016,0.3424358652773633
Z-score Rule,2023,2023-08-18,2023-08-21,-0.0,-0.0,0.0,0,2.274568433482016,0.3424358652773633
Z-score Rule,2023,2023-08-21,2023-08-22,-0.0,-0.0,0.0,0,2.274568433482016,0.3424358652773633
Z-score Rule,2023,2023-08-22,2023-08-23,-0.0,-0.0,0.0,0,2.274568433482016,0.3424358652773633
Z-score Rule,2023,2023-08-23,2023-08-24,-0.0,-0.0,0.0,0,2.274568433482016,0.3424358652773633
Z-score Rule,2023,2023-08-24,2023-08-25,0.0,0.0,0.0,0,2.274568433482016,0.3424358652773633
Z-score Rule,2023,2023-08-25,2023-08-28,0.0,0.0,0.0,0,2.274568433482016,0.3424358652773633
Z-score Rule,2023,2023-08-28,2023-08-29,-0.0,-0.0,0.0,0,2.274568433482016,0.3424358652773633
Z-score Rule,2023,2023-08-29,2023-08-30,-0.0,-0.0,0.0,0,2.274568433482016,0.3424358652773633
Z-score Rule,2023,2023-08-30,2023-08-31,-0.0,-0.0,0.0,0,2.274568433482016,0.3424358652773633
Z-score Rule,2023,2023-08-31,2023-09-01,0.0,0.0,0.0,0,2.274568433482016,0.3424358652773633
Z-score Rule,2023,2023-09-01,2023-09-05,0.0,0.0,0.0,0,2.274568433482016,0.3424358652773633
Z-score Rule,2023,2023-09-05,2023-09-06,0.0,0.0,0.0,0,2.274568433482016,0.3424358652773633
Z-score Rule,2023,2023-09-06,2023-09-07,-0.0,-0.0,0.0,0,2.274568433482016,0.3424358652773633
Z-score Rule,2023,2023-09-07,2023-09-08,-0.0,-0.0,0.0,0,2.274568433482016,0.3424358652773633
Z-score Rule,2023,2023-09-08,2023-09-11,0.0,0.0,0.0,0,2.274568433482016,0.3424358652773633
Z-score Rule,2023,2023-09-11,2023-09-12,-0.0,-0.0,0.0,0,2.274568433482016,0.3424358652773633
Z-score Rule,2023,2023-09-12,2023-09-13,0.0,0.0,0.0,0,2.274568433482016,0.3424358652773633
Z-score Rule,2023,2023-09-13,2023-09-14,0.0,0.0,0.0,0,2.274568433482016,0.3424358652773633
Z-score Rule,2023,2023-09-14,2023-09-15,0.0,0.0,0.0,0,2.274568433482016,0.3052202727857716
Z-score Rule,2023,2023-09-15,2023-09-18,0.011524186806156453,0.01235116328050694,0.0008269764743504886,-1,2.274568433482016,0.3052202727857716
Z-score Rule,2023,2023-09-18,2023-09-19,0.002813971058230035,0.002819203315525585,5.232257295549825e-06,-1,2.274568433482016,0.3052202727857716
Z-score Rule,2023,2023-09-19,2023-09-20,0.006365062911325312,0.006371376722601409,6.3138112760964815e-06,-1,2.274568433482016,0.3052202727857716
Z-score Rule,2023,2023-09-20,2023-09-21,-0.000838522542922135,-0.0,0.000838522542922135,0,2.274568433482016,0.3052202727857716
Z-score Rule,2023,2023-09-21,2023-09-22,0.0,0.0,0.0,0,2.274568433482016,0.3052202727857716
Z-score Rule,2023,2023-09-22,2023-09-25,-0.0,-0.0,0.0,0,2.274568433482016,0.3052202727857716
Z-score Rule,2023,2023-09-25,2023-09-26,0.0,0.0,0.0,0,2.274568433482016,0.3052202727857716
Z-score Rule,2023,2023-09-26,2023-09-27,0.0,0.0,0.0,0,2.274568433482016,0.3052202727857716
Z-score Rule,2023,2023-09-27,2023-09-28,-0.0,-0.0,0.0,0,2.274568433482016,0.3052202727857716
Z-score Rule,2023,2023-09-28,2023-09-29,0.0,0.0,0.0,0,2.274568433482016,0.3052202727857716
Z-score Rule,2023,2023-09-29,2023-10-02,0.0,0.0,0.0,0,2.274568433482016,0.3052202727857716
Z-score Rule,2023,2023-10-02,2023-10-03,-0.006637894561148123,-0.005760293248415019,0.0008776013127331034,-1,2.274568433482016,0.3052202727857716
Z-score Rule,2023,2023-10-03,2023-10-04,0.011149553513167532,0.01114969769794518,1.441847776470495e-07,-1,2.274568433482016,0.3052202727857716
Z-score Rule,2023,2023-10-04,2023-10-05,0.003983392096428548,0.003986786554842282,3.3944584137345356e-06,-1,2.274568433482016,0.3052202727857716
Z-score Rule,2023,2023-10-05,2023-10-06,-0.0008434273771149671,-0.000840589428306648,2.8379488083190574e-06,-1,2.274568433482016,0.3052202727857716
Z-score Rule,2023,2023-10-06,2023-10-09,0.008289770321794664,0.008292636751962224,2.866430167560774e-06,-1,2.274568433482016,0.3052202727857716
Z-score Rule,2023,2023-10-09,2023-10-10,-0.0034160672269760426,-0.003413485865781803,2.5813611942396286e-06,-1,2.274568433482016,0.3052202727857716
Z-score Rule,2023,2023-10-10,2023-10-11,0.019869444823406662,0.0198709097730849,1.464949678238181e-06,-1,2.274568433482016,0.3052202727857716
Z-score Rule,2023,2023-10-11,2023-10-12,-0.0019316484988708335,-0.001927402386721396,4.246112149437597e-06,-1,2.274568433482016,0.3052202727857716
Z-score Rule,2023,2023-10-12,2023-10-13,0.007584439025502812,0.007586847013058229,2.4079875554172128e-06,-1,2.274568433482016,0.3052202727857716
Z-score Rule,2023,2023-10-13,2023-10-16,0.0006751800204470942,0.0006783376670221513,3.1576465750570715e-06,-1,2.274568433482016,0.189579778661578
Z-score Rule,2023,2023-10-16,2023-10-17,0.01148470682676178,0.01148787238480447,3.165558042689254e-06,-1,2.274568433482016,0.189579778661578
Z-score Rule,2023,2023-10-17,2023-10-18,0.016975728350475235,0.01697755211029522,1.8237598199875583e-06,-1,2.274568433482016,0.189579778661578
Z-score Rule,2023,2023-10-18,2023-10-19,0.014400836838383713,0.01440087485641111,3.8018027395669844e-08,-1,2.274568433482016,0.189579778661578
Z-score Rule,2023,2023-10-19,2023-10-20,0.01183418350637945,0.01183651204803282,2.3285416533683213e-06,-1,2.274568433482016,0.189579778661578
Z-score Rule,2023,2023-10-20,2023-10-23,0.005538180599035075,0.005541867340996506,3.6867419614309283e-06,-1,2.274568433482016,0.189579778661578
Z-score Rule,2023,2023-10-23,2023-10-24,0.018837877457731817,0.01884071831854021,2.840860808392798e-06,-1,2.274568433482016,0.189579778661578
Z-score Rule,2023,2023-10-24,2023-10-25,-0.0035667249594787264,-0.003557738028195701,8.986931283025356e-06,-1,2.274568433482016,0.189579778661578
Z-score Rule,2023,2023-10-25,2023-10-26,0.007340250778997477,0.007347186526225579,6.935747228102085e-06,-1,2.274568433482016,0.189579778661578
Z-score Rule,2023,2023-10-26,2023-10-27,0.008254516335229924,0.008262714199832391,8.197864602467408e-06,-1,2.274568433482016,0.189579778661578
Z-score Rule,2023,2023-10-27,2023-10-30,-0.015055349729683611,-0.01504199009221999,1.3359637463620622e-05,-1,2.274568433482016,0.189579778661578
Z-score Rule,2023,2023-10-30,2023-10-31,0.0041131269071750295,0.004118387736790984,5.260829615955309e-06,-1,2.274568433482016,0.189579778661578
Z-score Rule,2023,2023-10-31,2023-11-01,-0.004270296219735938,-0.004263481484316199,6.814735419739038e-06,-1,2.274568433482016,0.189579778661578
Z-score Rule,2023,2023-11-01,2023-11-02,-0.01634524026965316,-0.01633849732375545,6.74294589771074e-06,-1,2.274568433482016,0.189579778661578
Z-score Rule,2023,2023-11-02,2023-11-03,-0.0008402104863989289,-0.0,0.0008402104863989289,0,2.274568433482016,0.189579778661578
Z-score Rule,2023,2023-11-03,2023-11-06,0.0,0.0,0.0,0,2.274568433482016,0.189579778661578
Z-score Rule,2023,2023-11-06,2023-11-07,-0.0,-0.0,0.0,0,2.274568433482016,0.189579778661578
Z-score Rule,2023,2023-11-07,2023-11-08,-0.0,-0.0,0.0,0,2.274568433482016,0.189579778661578
Z-score Rule,2023,2023-11-08,2023-11-09,-0.0,-0.0,0.0,0,2.274568433482016,0.189579778661578
Z-score Rule,2023,2023-11-09,2023-11-10,0.0,0.0,0.0,0,2.274568433482016,0.189579778661578
Z-score Rule,2023,2023-11-10,2023-11-13,0.0,0.0,0.0,0,2.274568433482016,0.189579778661578
Z-score Rule,2023,2023-11-13,2023-11-14,-0.0,-0.0,0.0,0,2.274568433482016,0.1361533014544415
Z-score Rule,2023,2023-11-14,2023-11-15,0.0,0.0,0.0,0,2.274568433482016,0.1361533014544415
Z-score Rule,2023,2023-11-15,2023-11-16,-0.0,-0.0,0.0,0,2.274568433482016,0.1361533014544415
Z-score Rule,2023,2023-11-16,2023-11-17,-0.0,-0.0,0.0,0,2.274568433482016,0.1361533014544415
Z-score Rule,2023,2023-11-17,2023-11-20,0.0,0.0,0.0,0,2.274568433482016,0.1361533014544415
Z-score Rule,2023,2023-11-20,2023-11-21,0.0,0.0,0.0,0,2.274568433482016,0.1361533014544415
Z-score Rule,2023,2023-11-21,2023-11-22,-0.0,-0.0,0.0,0,2.274568433482016,0.1361533014544415
Z-score Rule,2023,2023-11-22,2023-11-24,-0.0,-0.0,0.0,0,2.274568433482016,0.1361533014544415
Z-score Rule,2023,2023-11-24,2023-11-27,-0.0,-0.0,0.0,0,2.274568433482016,0.1361533014544415
Z-score Rule,2023,2023-11-27,2023-11-28,0.0,0.0,0.0,0,2.274568433482016,0.1361533014544415
Z-score Rule,2023,2023-11-28,2023-11-29,0.0,0.0,0.0,0,2.274568433482016,0.1361533014544415
Z-score Rule,2023,2023-11-29,2023-11-30,-0.0,-0.0,0.0,0,2.274568433482016,0.1361533014544415
Z-score Rule,2023,2023-11-30,2023-12-01,0.0,0.0,0.0,0,2.274568433482016,0.1361533014544415
Z-score Rule,2023,2023-12-01,2023-12-04,-0.0,-0.0,0.0,0,2.274568433482016,0.1361533014544415
Z-score Rule,2023,2023-12-04,2023-12-05,-0.0,-0.0,0.0,0,2.274568433482016,0.1361533014544415
Z-score Rule,2023,2023-12-05,2023-12-06,0.0,0.0,0.0,0,2.274568433482016,0.1361533014544415
Z-score Rule,2023,2023-12-06,2023-12-07,0.0,0.0,0.0,0,2.274568433482016,0.1361533014544415
Z-score Rule,2023,2023-12-07,2023-12-08,-0.0,-0.0,0.0,0,2.274568433482016,0.1361533014544415
Z-score Rule,2023,2023-12-08,2023-12-11,0.0,0.0,0.0,0,2.274568433482016,0.1361533014544415
Z-score Rule,2023,2023-12-11,2023-12-12,-0.0,-0.0,0.0,0,2.274568433482016,0.1361533014544415
Z-score Rule,2023,2023-12-12,2023-12-13,-0.0,-0.0,0.0,0,2.274568433482016,0.1361533014544415
Z-score Rule,2023,2023-12-13,2023-12-14,0.0,0.0,0.0,0,2.274568433482016,0.2657662687656317
Z-score Rule,2023,2023-12-14,2023-12-15,0.0,0.0,0.0,0,2.274568433482016,0.2657662687656317
Z-score Rule,2023,2023-12-15,2023-12-18,-0.001863277402106844,-0.001154142742240168,0.0007091346598666761,-1,2.274568433482016,0.2657662687656317
Z-score Rule,2023,2023-12-18,2023-12-19,0.0009216477636879212,0.000926294087777264,4.646324089342762e-06,-1,2.274568433482016,0.2657662687656317
Z-score Rule,2023,2023-12-19,2023-12-20,-0.0003738230774331084,-0.0003678939791792132,5.929098253895205e-06,-1,2.274568433482016,0.2657662687656317
Z-score Rule,2023,2023-12-20,2023-12-21,0.0034303976211016197,0.003432114903777469,1.7172826758491412e-06,-1,2.274568433482016,0.2657662687656317
Z-score Rule,2023,2023-12-21,2023-12-22,0.002798369212715574,0.002800574870812132,2.2056580965582607e-06,-1,2.274568433482016,0.2657662687656317
Z-score Rule,2023,2023-12-22,2023-12-26,-0.006284857856331626,-0.006282684955909361,2.172900422264451e-06,-1,2.274568433482016,0.2657662687656317
Z-score Rule,2023,2023-12-26,2023-12-27,-0.00755362472473925,-0.00755140305309134,2.2216716479091514e-06,-1,2.274568433482016,0.2657662687656317
Z-score Rule,2023,2023-12-27,2023-12-28,0.0018783542198409346,0.001881532113203729,3.1778933627944482e-06,-1,2.274568433482016,0.2657662687656317
Z-score Rule,2023,2023-12-28,2023-12-29,-0.00010373209782760901,0.0006329991005004469,0.0007367311983280559,-1,2.274568433482016,0.2657662687656317
Always Long Spread,2023,2023-01-03,2023-01-04,-0.014915567053285861,-0.01407860496177169,0.0008369620915141711,1,2.274568433482016,0.2059014815990136
Always Long Spread,2023,2023-01-04,2023-01-05,-0.016275133803763484,-0.0162694548068117,5.678996951783866e-06,1,2.274568433482016,0.2059014815990136
Always Long Spread,2023,2023-01-05,2023-01-06,0.004531340008907347,0.004537591272523081,6.2512636157340815e-06,1,2.274568433482016,0.2059014815990136
Always Long Spread,2023,2023-01-06,2023-01-09,0.00947060751115059,0.009477489574678004,6.882063527414217e-06,1,2.274568433482016,0.2059014815990136
Always Long Spread,2023,2023-01-09,2023-01-10,-0.000965362486877503,-0.000960405796191448,4.9566906860550874e-06,1,2.274568433482016,0.2059014815990136
Always Long Spread,2023,2023-01-10,2023-01-11,-0.0017186539810103347,-0.001713307251207038,5.346729803296535e-06,1,2.274568433482016,0.2059014815990136
Always Long Spread,2023,2023-01-11,2023-01-12,2.539616450230499e-05,3.121346789303377e-05,5.817303390728779e-06,1,2.274568433482016,0.2059014815990136
Always Long Spread,2023,2023-01-12,2023-01-13,0.0056987034624362155,0.00570452202964189,5.818567205674141e-06,1,2.274568433482016,0.1187445535077025
Always Long Spread,2023,2023-01-13,2023-01-17,0.03830080429352078,0.03830533631739482,4.532023874044167e-06,1,2.274568433482016,0.1187445535077025
Always Long Spread,2023,2023-01-17,2023-01-18,-0.006187637038107441,-0.006187325787591437,3.112505160036694e-07,1,2.274568433482016,0.1187445535077025
Always Long Spread,2023,2023-01-18,2023-01-19,0.0020112413143755035,0.002012706179950315,1.4648655748115137e-06,1,2.274568433482016,0.1187445535077025
Always Long Spread,2023,2023-01-19,2023-01-20,0.003752091025624837,0.003754794390083679,2.7033644588420616e-06,1,2.274568433482016,0.1187445535077025
Always Long Spread,2023,2023-01-20,2023-01-23,-0.008644608089711379,-0.00864079569806391,3.8123916474682165e-06,1,2.274568433482016,0.1187445535077025
Always Long Spread,2023,2023-01-23,2023-01-24,0.0013836529280860114,0.001386029157726912,2.3762296409006177e-06,1,2.274568433482016,0.1187445535077025
Always Long Spread,2023,2023-01-24,2023-01-25,0.002462182071874993,0.002463242239670929,1.060167795935596e-06,1,2.274568433482016,0.1187445535077025
Always Long Spread,2023,2023-01-25,2023-01-26,0.00014781133107430903,0.0001488330556264471,1.0217245521380592e-06,1,2.274568433482016,0.1187445535077025
Always Long Spread,2023,2023-01-26,2023-01-27,-0.00503636314045869,-0.005034515671903054,1.8474685556360005e-06,1,2.274568433482016,0.1187445535077025
Always Long Spread,2023,2023-01-27,2023-01-30,-0.00037994393571368085,-0.000376485583270459,3.458352443221846e-06,1,2.274568433482016,0.1187445535077025
Always Long Spread,2023,2023-01-30,2023-01-31,0.0067716916893207765,0.006775813405983678,4.121716662901842e-06,1,2.274568433482016,0.1187445535077025
Always Long Spread,2023,2023-01-31,2023-02-01,-0.012155541954614527,-0.01214723801949004,8.303935124487905e-06,1,2.274568433482016,0.1187445535077025
Always Long Spread,2023,2023-02-01,2023-02-02,0.0018334470968897028,0.001842819920259215,9.372823369512118e-06,1,2.274568433482016,0.1187445535077025
Always Long Spread,2023,2023-02-02,2023-02-03,-0.006049351530155792,-0.006037776310761541,1.1575219394250546e-05,1,2.274568433482016,0.1187445535077025
Always Long Spread,2023,2023-02-03,2023-02-06,-2.0250196721080656e-05,-1.095690285871261e-05,9.293293862368046e-06,1,2.274568433482016,0.1187445535077025
Always Long Spread,2023,2023-02-06,2023-02-07,0.0032565050254185607,0.003257338159570973,8.331341524120962e-07,1,2.274568433482016,0.1187445535077025
Always Long Spread,2023,2023-02-07,2023-02-08,0.002487837779923388,0.002488034364704196,1.9658478080786247e-07,1,2.274568433482016,0.1187445535077025
Always Long Spread,2023,2023-02-08,2023-02-09,-0.013128834428531959,-0.01312880326437537,3.116415658871441e-08,1,2.274568433482016,0.1187445535077025
Always Long Spread,2023,2023-02-09,2023-02-10,0.011603859462446657,0.01160535216915369,1.492706707032998e-06,1,2.274568433482016,0.1187445535077025
Always Long Spread,2023,2023-02-10,2023-02-13,-0.004023381367294575,-0.004023145640018535,2.357272760399043e-07,1,2.274568433482016,0.1187445535077025
Always Long Spread,2023,2023-02-13,2023-02-14,-0.000700751905203751,-0.000699433484167831,1.3184210359200587e-06,1,2.274568433482016,0.1296173342763508
Always Long Spread,2023,2023-02-14,2023-02-15,0.0012867354075474099,0.001289158242635438,2.422835088028291e-06,1,2.274568433482016,0.1296173342763508
Always Long Spread,2023,2023-02-15,2023-02-16,0.00021768920185225108,0.0002196386119415654,1.9494100893143187e-06,1,2.274568433482016,0.1296173342763508
Always Long Spread,2023,2023-02-16,2023-02-17,0.000760268691649408,0.0007614989219383737,1.2302302889656835e-06,1,2.274568433482016,0.1296173342763508
Always Long Spread,2023,2023-02-17,2023-02-21,0.008161413603555382,0.008164946070343439,3.532466788055966e-06,1,2.274568433482016,0.1296173342763508
Always Long Spread,2023,2023-02-21,2023-02-22,-0.001508300636994693,-0.001508115162457836,1.8547453685713312e-07,1,2.274568433482016,0.1296173342763508
Always Long Spread,2023,2023-02-22,2023-02-23,-0.0038577342274452478,-0.003857663214308544,7.101313670374032e-08,1,2.274568433482016,0.1296173342763508
Always Long Spread,2023,2023-02-23,2023-02-24,-0.006943213346303243,-0.006943109015854364,1.0433044887875332e-07,1,2.274568433482016,0.1296173342763508
Always Long Spread,2023,2023-02-24,2023-02-27,-0.00845238832884896,-0.0084521269981829,2.6133066605935065e-07,1,2.274568433482016,0.1296173342763508
Always Long Spread,2023,2023-02-27,2023-02-28,-0.008701563713807578,-0.008700755930463523,8.07783344054791e-07,1,2.274568433482016,0.1296173342763508
Always Long Spread,2023,2023-02-28,2023-03-01,0.0067094936515553144,0.006710058200238339,5.645486830239133e-07,1,2.274568433482016,0.1296173342763508
Always Long Spread,2023,2023-03-01,2023-03-02,0.01121795132815554,0.01121853553210547,5.842039499312501e-07,1,2.274568433482016,0.1296173342763508
Always Long Spread,2023,2023-03-02,2023-03-03,-0.0006550291899554364,-0.0006542976267605955,7.315631948408008e-07,1,2.274568433482016,0.1296173342763508
Always Long Spread,2023,2023-03-03,2023-03-06,-0.0015895236128792257,-0.001589350999449932,1.7261342929386636e-07,1,2.274568433482016,0.1296173342763508
Always Long Spread,2023,2023-03-06,2023-03-07,-0.004827885317418055,-0.004826406006664452,1.4793107536033023e-06,1,2.274568433482016,0.1296173342763508
Always Long Spread,2023,2023-03-07,2023-03-08,0.00363015562412229,0.003631360640804322,1.2050166820321562e-06,1,2.274568433482016,0.1296173342763508
Always Long Spread,2023,2023-03-08,2023-03-09,-0.004858764520300845,-0.004858299944416487,4.6457588435774854e-07,1,2.274568433482016,0.1296173342763508
Always Long Spread,2023,2023-03-09,2023-03-10,-0.004531005133911554,-0.004530620283663839,3.848502477152571e-07,1,2.274568433482016,0.1296173342763508
Always Long Spread,2023,2023-03-10,2023-03-13,-0.002977482222356029,-0.002976948318381534,5.33903974495098e-07,1,2.274568433482016,0.1296173342763508
Always Long Spread,2023,2023-03-13,2023-03-14,-0.000167348353829788,-0.0001666805570987862,6.677967310017852e-07,1,2.274568433482016,0.1296173342763508
Always Long Spread,2023,2023-03-14,2023-03-15,0.004957500800694622,0.004958302075206351,8.012745117296494e-07,1,2.274568433482016,0.1296173342763508
Always Long Spread,2023,2023-03-15,2023-03-16,0.005397560081511126,0.005397864277423043,3.041959119169657e-07,1,2.274568433482016,0.125326879430482
Always Long Spread,2023,2023-03-16,2023-03-17,-0.002949296066614052,-0.002949176678131995,1.1938848205694797e-07,1,2.274568433482016,0.125326879430482
Always Long Spread,2023,2023-03-17,2023-03-20,0.009396035977178932,0.009396452285579835,4.163084009038975e-07,1,2.274568433482016,0.125326879430482
Always Long Spread,2023,2023-03-20,2023-03-21,-0.010964429406814143,-0.01096390389671262,5.255101015224084e-07,1,2.274568433482016,0.125326879430482
Always Long Spread,2023,2023-03-21,2023-03-22,-0.004458725913200466,-0.004457992727318578,7.331858818880322e-07,1,2.274568433482016,0.125326879430482
Always Long Spread,2023,2023-03-22,2023-03-23,-0.007784276587601923,-0.00778374461146529,5.319761366331943e-07,1,2.274568433482016,0.125326879430482
Always Long Spread,2023,2023-03-23,2023-03-24,-0.0002794757886069735,-0.0002789127696079937,5.630189989798417e-07,1,2.274568433482016,0.125326879430482
Always Long Spread,2023,2023-03-24,2023-03-27,0.00891669198005578,0.00891837165619379,1.6796761380086512e-06,1,2.274568433482016,0.125326879430482
Always Long Spread,2023,2023-03-27,2023-03-28,0.006701617880017027,0.006703062276295618,1.444396278591109e-06,1,2.274568433482016,0.125326879430482
Always Long Spread,2023,2023-03-28,2023-03-29,0.0061827406304044135,0.006183737390901843,9.967604974290555e-07,1,2.274568433482016,0.125326879430482
Always Long Spread,2023,2023-03-29,2023-03-30,-0.0033663590074082617,-0.003364528762182416,1.8302452258457947e-06,1,2.274568433482016,0.125326879430482
Always Long Spread,2023,2023-03-30,2023-03-31,0.01552851100879106,0.01553102897050047,2.517961709411154e-06,1,2.274568433482016,0.125326879430482
Always Long Spread,2023,2023-03-31,2023-04-03,0.01243075902229707,0.01243290993405722,2.150911760150004e-06,1,2.274568433482016,0.125326879430482
Always Long Spread,2023,2023-04-03,2023-04-04,0.0028252994010526545,0.002827203084191605,1.9036831389505905e-06,1,2.274568433482016,0.125326879430482
Always Long Spread,2023,2023-04-04,2023-04-05,0.0015149325757151313,0.001517110610133402,2.1780344182706913e-06,1,2.274568433482016,0.125326879430482
Always Long Spread,2023,2023-04-05,2023-04-06,-0.015463364726213218,-0.01546156180453356,1.802921679657954e-06,1,2.274568433482016,0.125326879430482
Always Long Spread,2023,2023-04-06,2023-04-10,-0.0004938509702687175,-0.0004922404347815126,1.6105354872049394e-06,1,2.274568433482016,0.125326879430482
Always Long Spread,2023,2023-04-10,2023-04-11,0.0008166245612496045,0.0008189791952809998,2.3546340313953253e-06,1,2.274568433482016,0.125326879430482
Always Long Spread,2023,2023-04-11,2023-04-12,0.002716761821935597,0.002718897836075684,2.1360141400867396e-06,1,2.274568433482016,0.125326879430482
Always Long Spread,2023,2023-04-12,2023-04-13,-0.004862615116161469,-0.004859771689742524,2.843426418945361e-06,1,2.274568433482016,0.125326879430482
Always Long Spread,2023,2023-04-13,2023-04-14,0.0027082867700995057,0.002711288372270891,3.001602171385176e-06,1,2.274568433482016,0.125326879430482
Always Long Spread,2023,2023-04-14,2023-04-17,0.006319497737875081,0.006321758376355041,2.260638479959998e-06,1,2.274568433482016,0.1065340881337931
Always Long Spread,2023,2023-04-17,2023-04-18,0.004972253399446582,0.004974281841763436,2.0284423168547004e-06,1,2.274568433482016,0.1065340881337931
Always Long Spread,2023,2023-04-18,2023-04-19,-0.0033951010074312173,-0.003391247187786707,3.8538196445102035e-06,1,2.274568433482016,0.1065340881337931
Always Long Spread,2023,2023-04-19,2023-04-20,-0.0036901438053887022,-0.003686495212043433,3.6485933452694577e-06,1,2.274568433482016,0.1065340881337931
Always Long Spread,2023,2023-04-20,2023-04-21,-0.005289585016890106,-0.005285659236140956,3.925780749150592e-06,1,2.274568433482016,0.1065340881337931
Always Long Spread,2023,2023-04-21,2023-04-24,-0.007890198862266355,-0.007886068888450313,4.129973816041272e-06,1,2.274568433482016,0.1065340881337931
Always Long Spread,2023,2023-04-24,2023-04-25,-0.01037198677066834,-0.01036859840773464,3.3883629336997345e-06,1,2.274568433482016,0.1065340881337931
Always Long Spread,2023,2023-04-25,2023-04-26,-7.522392438947e-05,-7.34881506421186e-05,1.735773747351399e-06,1,2.274568433482016,0.1065340881337931
Always Long Spread,2023,2023-04-26,2023-04-27,-0.007844061191674384,-0.007844036902412454,2.428926192968306e-08,1,2.274568433482016,0.1065340881337931
Always Long Spread,2023,2023-04-27,2023-04-28,0.006839674048140349,0.00684046353257297,7.894844326211681e-07,1,2.274568433482016,0.1065340881337931
Always Long Spread,2023,2023-04-28,2023-05-01,0.007243655821909533,0.007243908875404159,2.530534946258989e-07,1,2.274568433482016,0.1065340881337931
Always Long Spread,2023,2023-05-01,2023-05-02,-0.006561434510053987,-0.006560810573255599,6.239367983886523e-07,1,2.274568433482016,0.1065340881337931
Always Long Spread,2023,2023-05-02,2023-05-03,0.0073507083670171156,0.00735122205562333,5.136886062143964e-07,1,2.274568433482016,0.1065340881337931
Always Long Spread,2023,2023-05-03,2023-05-04,0.0007126055126703737,0.0007128685685651567,2.63055894783093e-07,1,2.274568433482016,0.1065340881337931
Always Long Spread,2023,2023-05-04,2023-05-05,0.01286614957314865,0.01286760348510527,1.4539119566203129e-06,1,2.274568433482016,0.1065340881337931
Always Long Spread,2023,2023-05-05,2023-05-08,0.0023473444653137835,0.00234778817000487,4.437046910865661e-07,1,2.274568433482016,0.1065340881337931
Always Long Spread,2023,2023-05-08,2023-05-09,-0.0047518372786631334,-0.004750640980940207,1.1962977229261485e-06,1,2.274568433482016,0.1065340881337931
Always Long Spread,2023,2023-05-09,2023-05-10,-0.01170941408892711,-0.01170904175999266,3.723289344500502e-07,1,2.274568433482016,0.1065340881337931
Always Long Spread,2023,2023-05-10,2023-05-11,-0.0020053245270573667,-0.002002723506368046,2.6010206893204437e-06,1,2.274568433482016,0.1065340881337931
Always Long Spread,2023,2023-05-11,2023-05-12,-0.006876917642666779,-0.006876356649186674,5.609934801050764e-07,1,2.274568433482016,0.1065340881337931
Always Long Spread,2023,2023-05-12,2023-05-15,-0.026281303480153246,-0.02628129966342771,3.816725535593646e-09,1,2.274568433482016,0.1065340881337931
Always Long Spread,2023,2023-05-15,2023-05-16,-0.02349819348499993,-0.02349540952449072,2.78396050920815e-06,1,2.274568433482016,0.1855371589452258
Always Long Spread,2023,2023-05-16,2023-05-17,-0.018707661597865317,-0.01870134090343703,6.3206944282857e-06,1,2.274568433482016,0.1855371589452258
Always Long Spread,2023,2023-05-17,2023-05-18,0.0068167261104488605,0.006825195354604094,8.469244155233479e-06,1,2.274568433482016,0.1855371589452258
Always Long Spread,2023,2023-05-18,2023-05-19,-0.015057949920204794,-0.01504719101889448,1.0758901310314068e-05,1,2.274568433482016,0.1855371589452258
Always Long Spread,2023,2023-05-19,2023-05-22,0.02255892203414183,0.02257319769936399,1.4275665222161033e-05,1,2.274568433482016,0.1855371589452258
Always Long Spread,2023,2023-05-22,2023-05-23,-0.007940333966149937,-0.007928895929983856,1.143803616608105e-05,1,2.274568433482016,0.1855371589452258
Always Long Spread,2023,2023-05-23,2023-05-24,0.006315981156196805,0.006330994077094149,1.5012920897344823e-05,1,2.274568433482016,0.1855371589452258
Always Long Spread,2023,2023-05-24,2023-05-25,0.005730680935811146,0.005743349130470736,1.2668194659589793e-05,1,2.274568433482016,0.1855371589452258
Always Long Spread,2023,2023-05-25,2023-05-26,0.0036347252249084856,0.003642494994767939,7.76976985945324e-06,1,2.274568433482016,0.1855371589452258
Always Long Spread,2023,2023-05-26,2023-05-30,-0.018454806607157582,-0.01844854831492932,6.258292228259688e-06,1,2.274568433482016,0.1855371589452258
Always Long Spread,2023,2023-05-30,2023-05-31,0.0014063386849429722,0.001415040852804878,8.702167861905696e-06,1,2.274568433482016,0.1855371589452258
Always Long Spread,2023,2023-05-31,2023-06-01,0.011581003101363204,0.01158789649251288,6.89339114967602e-06,1,2.274568433482016,0.1855371589452258
Always Long Spread,2023,2023-06-01,2023-06-02,0.022159706192582063,0.02216358470334356,3.878510761498977e-06,1,2.274568433482016,0.1855371589452258
Always Long Spread,2023,2023-06-02,2023-06-05,-0.006598622030282371,-0.006597847994989186,7.740352931849825e-07,1,2.274568433482016,0.1855371589452258
Always Long Spread,2023,2023-06-05,2023-06-06,0.00873150745563275,0.008733110904731833,1.6034490990838314e-06,1,2.274568433482016,0.1855371589452258
Always Long Spread,2023,2023-06-06,2023-06-07,-0.006386132696267482,-0.006385710181940566,4.2251432691614577e-07,1,2.274568433482016,0.1855371589452258
Always Long Spread,2023,2023-06-07,2023-06-08,0.0035079314210635796,0.003509116793784205,1.1853727206253552e-06,1,2.274568433482016,0.1855371589452258
Always Long Spread,2023,2023-06-08,2023-06-09,0.026507121179143313,0.02650765383846788,5.326593245686407e-07,1,2.274568433482016,0.1855371589452258
Always Long Spread,2023,2023-06-09,2023-06-12,-0.010251133202965721,-0.01024864805144396,2.485151521761375e-06,1,2.274568433482016,0.1855371589452258
Always Long Spread,2023,2023-06-12,2023-06-13,0.01897876079643124,0.01897996748253175,1.2066861005092244e-06,1,2.274568433482016,0.1855371589452258
Always Long Spread,2023,2023-06-13,2023-06-14,0.003041643080339402,0.003044679107896553,3.0360275571512108e-06,1,2.274568433482016,0.1855371589452258
Always Long Spread,2023,2023-06-14,2023-06-15,0.022147156934339832,0.02215068514987029,3.528215530457013e-06,1,2.274568433482016,0.3389006247409644
Always Long Spread,2023,2023-06-15,2023-06-16,-0.0028408526596553226,-0.002835506405235347,5.346254419975771e-06,1,2.274568433482016,0.3389006247409644
Always Long Spread,2023,2023-06-16,2023-06-20,0.0118874819396137,0.01189042896840072,2.9470287870208e-06,1,2.274568433482016,0.3389006247409644
Always Long Spread,2023,2023-06-20,2023-06-21,-0.007195465881247014,-0.007191538821860882,3.9270593861313595e-06,1,2.274568433482016,0.3389006247409644
Always Long Spread,2023,2023-06-21,2023-06-22,0.007939777538751483,0.007940930598886287,1.153060134804318e-06,1,2.274568433482016,0.3389006247409644
Always Long Spread,2023,2023-06-22,2023-06-23,0.013161039831192593,0.01316395539442713,2.9155632345367334e-06,1,2.274568433482016,0.3389006247409644
Always Long Spread,2023,2023-06-23,2023-06-26,0.012824342266060693,0.01282933608091334,4.993814852646994e-06,1,2.274568433482016,0.3389006247409644
Always Long Spread,2023,2023-06-26,2023-06-27,-0.0085094546285776,-0.00850425495993231,5.1996686452896734e-06,1,2.274568433482016,0.3389006247409644
Always Long Spread,2023,2023-06-27,2023-06-28,-0.02331713535296163,-0.02331248633538986,4.649017571773051e-06,1,2.274568433482016,0.3389006247409644
Always Long Spread,2023,2023-06-28,2023-06-29,0.020388065811823033,0.02039069244029375,2.6266284707183175e-06,1,2.274568433482016,0.3389006247409644
Always Long Spread,2023,2023-06-29,2023-06-30,0.03027188116392544,0.03027482523321443,2.9440692889906307e-06,1,2.274568433482016,0.3389006247409644
Always Long Spread,2023,2023-06-30,2023-07-03,0.0037111382263381224,0.003713647987829799,2.5097614916766708e-06,1,2.274568433482016,0.3389006247409644
Always Long Spread,2023,2023-07-03,2023-07-05,-0.008721535778310028,-0.008718260331127345,3.2754471826835775e-06,1,2.274568433482016,0.3389006247409644
Always Long Spread,2023,2023-07-05,2023-07-06,-0.01148757284230711,-0.01148488184282366,2.6909994834484473e-06,1,2.274568433482016,0.3389006247409644
Always Long Spread,2023,2023-07-06,2023-07-07,-0.02018871267528534,-0.02018661707362343,2.095601661908503e-06,1,2.274568433482016,0.3389006247409644
Always Long Spread,2023,2023-07-07,2023-07-10,0.012091471523836363,0.01209287462217566,1.4030983392973596e-06,1,2.274568433482016,0.3389006247409644
Always Long Spread,2023,2023-07-10,2023-07-11,-0.0023636449753369386,-0.002361407814110468,2.237161226470608e-06,1,2.274568433482016,0.3389006247409644
Always Long Spread,2023,2023-07-11,2023-07-12,-0.02034157112442517,-0.02033846361667899,3.1075077461794887e-06,1,2.274568433482016,0.3389006247409644
Always Long Spread,2023,2023-07-12,2023-07-13,0.009971802056551779,0.009973740802950702,1.938746398923191e-06,1,2.274568433482016,0.3389006247409644
Always Long Spread,2023,2023-07-13,2023-07-14,-0.013868371345482109,-0.01386690778063425,1.463564847860005e-06,1,2.274568433482016,0.3389006247409644
Always Long Spread,2023,2023-07-14,2023-07-17,-0.012242597675678701,-0.01224148981927957,1.1078563991313017e-06,1,2.274568433482016,0.3389006247409644
Always Long Spread,2023,2023-07-17,2023-07-18,-0.002705597648432017,-0.002705213448865878,3.8419956613861e-07,1,2.274568433482016,0.2529929707118663
Always Long Spread,2023,2023-07-18,2023-07-19,-0.0013944684341719276,-0.001394374597893193,9.383627873460477e-08,1,2.274568433482016,0.2529929707118663
Always Long Spread,2023,2023-07-19,2023-07-20,0.005526534578585863,0.005526714094023099,1.795154372359331e-07,1,2.274568433482016,0.2529929707118663
Always Long Spread,2023,2023-07-20,2023-07-21,0.0017895988303523564,0.001790140145925955,5.413155735987663e-07,1,2.274568433482016,0.2529929707118663
Always Long Spread,2023,2023-07-21,2023-07-24,0.010416568529590728,0.01041672070744594,1.5217785521140503e-07,1,2.274568433482016,0.2529929707118663
Always Long Spread,2023,2023-07-24,2023-07-25,-0.011228147701902823,-0.01122796656418907,1.8113771375444233e-07,1,2.274568433482016,0.2529929707118663
Always Long Spread,2023,2023-07-25,2023-07-26,0.010020464950432061,0.01002075955213126,2.9460169919798275e-07,1,2.274568433482016,0.2529929707118663
Always Long Spread,2023,2023-07-26,2023-07-27,-0.00907616854516636,-0.009074978568391873,1.1899767744877333e-06,1,2.274568433482016,0.2529929707118663
Always Long Spread,2023,2023-07-27,2023-07-28,-0.0213274369577065,-0.0213267153560779,7.216016286007986e-07,1,2.274568433482016,0.2529929707118663
Always Long Spread,2023,2023-07-28,2023-07-31,-0.02417971106048635,-0.02417925606154283,4.549989435213009e-07,1,2.274568433482016,0.2529929707118663
Always Long Spread,2023,2023-07-31,2023-08-01,-0.003943254437113482,-0.003943139880190587,1.1455692289510933e-07,1,2.274568433482016,0.2529929707118663
Always Long Spread,2023,2023-08-01,2023-08-02,-0.007763719878561396,-0.007763316338038955,4.035405224412925e-07,1,2.274568433482016,0.2529929707118663
Always Long Spread,2023,2023-08-02,2023-08-03,-0.00013246954524947667,-0.0001319429341147906,5.266111346860502e-07,1,2.274568433482016,0.2529929707118663
Always Long Spread,2023,2023-08-03,2023-08-04,0.01740937001667722,0.01740989959952017,5.295828429506267e-07,1,2.274568433482016,0.2529929707118663
Always Long Spread,2023,2023-08-04,2023-08-07,-0.02266068398715075,-0.02266060974663909,7.424051166354806e-08,1,2.274568433482016,0.2529929707118663
Always Long Spread,2023,2023-08-07,2023-08-08,0.02355962720426424,0.02355967259671014,4.5392445900349635e-08,1,2.274568433482016,0.2529929707118663
Always Long Spread,2023,2023-08-08,2023-08-09,0.007944175985341346,0.007944827951979112,6.519666377653999e-07,1,2.274568433482016,0.2529929707118663
Always Long Spread,2023,2023-08-09,2023-08-10,-0.017035673289273755,-0.01703519482234442,4.784669293364241e-07,1,2.274568433482016,0.2529929707118663
Always Long Spread,2023,2023-08-10,2023-08-11,-0.014923077942235756,-0.01492229357523498,7.843670007749993e-07,1,2.274568433482016,0.2529929707118663
Always Long Spread,2023,2023-08-11,2023-08-14,-0.03180602713327551,-0.03180559232523428,4.3480804122938976e-07,1,2.274568433482016,0.2529929707118663
Always Long Spread,2023,2023-08-14,2023-08-15,0.007562433775364541,0.007566396477245621,3.962701881079861e-06,1,2.274568433482016,0.2529929707118663
Always Long Spread,2023,2023-08-15,2023-08-16,0.007899200609349068,0.007903206745499866,4.006136150798145e-06,1,2.274568433482016,0.3424358652773633
Always Long Spread,2023,2023-08-16,2023-08-17,0.006859856956989272,0.006863505940161199,3.6489831719272726e-06,1,2.274568433482016,0.3424358652773633
Always Long Spread,2023,2023-08-17,2023-08-18,0.014451258958986185,0.01445570090293472,4.441943948535199e-06,1,2.274568433482016,0.3424358652773633
Always Long Spread,2023,2023-08-18,2023-08-21,-0.0013305370515508353,-0.001326452295635087,4.084755915748251e-06,1,2.274568433482016,0.3424358652773633
Always Long Spread,2023,2023-08-21,2023-08-22,-0.009600744359391454,-0.009596287190060608,4.45716933084575e-06,1,2.274568433482016,0.3424358652773633
Always Long Spread,2023,2023-08-22,2023-08-23,-0.0018885165755921647,-0.001883643918523889,4.872657068275555e-06,1,2.274568433482016,0.3424358652773633
Always Long Spread,2023,2023-08-23,2023-08-24,-0.006608519356987009,-0.006605470591517138,3.0487654698708735e-06,1,2.274568433482016,0.3424358652773633
Always Long Spread,2023,2023-08-24,2023-08-25,0.01098601816482537,0.01098879248305887,2.7743182334990513e-06,1,2.274568433482016,0.3424358652773633
Always Long Spread,2023,2023-08-25,2023-08-28,0.006883219312427094,0.006886564345729452,3.3450333023582747e-06,1,2.274568433482016,0.3424358652773633
Always Long Spread,2023,2023-08-28,2023-08-29,-0.001943746951000286,-0.001940004088798467,3.742862201819075e-06,1,2.274568433482016,0.3424358652773633
Always Long Spread,2023,2023-08-29,2023-08-30,-0.005021997279256207,-0.005018212416334098,3.784862922109056e-06,1,2.274568433482016,0.3424358652773633
Always Long Spread,2023,2023-08-30,2023-08-31,-0.01020356131970665,-0.0101986322636268,4.9290560798492255e-06,1,2.274568433482016,0.3424358652773633
Always Long Spread,2023,2023-08-31,2023-09-01,0.004935928868234286,0.004943185045789338,7.256177555052035e-06,1,2.274568433482016,0.3424358652773633
Always Long Spread,2023,2023-09-01,2023-09-05,0.0032342516096455906,0.003242573125416167,8.321515770576381e-06,1,2.274568433482016,0.3424358652773633
Always Long Spread,2023,2023-09-05,2023-09-06,0.0057758128620519576,0.005785571461188389,9.758599136431345e-06,1,2.274568433482016,0.3424358652773633
Always Long Spread,2023,2023-09-06,2023-09-07,-0.004525045987237382,-0.004518389635188695,6.656352048686531e-06,1,2.274568433482016,0.3424358652773633
Always Long Spread,2023,2023-09-07,2023-09-08,-0.00909388419945133,-0.00908751047520822,6.373724243109779e-06,1,2.274568433482016,0.3424358652773633
Always Long Spread,2023,2023-09-08,2023-09-11,0.002067685927994235,0.002073216779860635,5.530851866399844e-06,1,2.274568433482016,0.3424358652773633
Always Long Spread,2023,2023-09-11,2023-09-12,-0.00523438974423568,-0.005230564295202451,3.825449033228623e-06,1,2.274568433482016,0.3424358652773633
Always Long Spread,2023,2023-09-12,2023-09-13,0.008313053037612192,0.008319572112857618,6.519075245426609e-06,1,2.274568433482016,0.3424358652773633
Always Long Spread,2023,2023-09-13,2023-09-14,0.0057786580168064415,0.005784137779381915,5.479762575473002e-06,1,2.274568433482016,0.3424358652773633
Always Long Spread,2023,2023-09-14,2023-09-15,0.010869841372222999,0.01087350700656707,3.6656343440719662e-06,1,2.274568433482016,0.3052202727857716
Always Long Spread,2023,2023-09-15,2023-09-18,-0.01235512202112443,-0.01235116328050694,3.958740617489465e-06,1,2.274568433482016,0.3052202727857716
Always Long Spread,2023,2023-09-18,2023-09-19,-0.002824435572821135,-0.002819203315525585,5.232257295549825e-06,1,2.274568433482016,0.3052202727857716
Always Long Spread,2023,2023-09-19,2023-09-20,-0.006377690533877506,-0.006371376722601409,6.3138112760964815e-06,1,2.274568433482016,0.3052202727857716
Always Long Spread,2023,2023-09-20,2023-09-21,-0.008030191263198795,-0.008024556522692758,5.6347405060376834e-06,1,2.274568433482016,0.3052202727857716
Always Long Spread,2023,2023-09-21,2023-09-22,0.005725045923443129,0.005733328239295222,8.282315852092547e-06,1,2.274568433482016,0.3052202727857716
Always Long Spread,2023,2023-09-22,2023-09-25,-0.005842089539106607,-0.005835632401983412,6.457137123195067e-06,1,2.274568433482016,0.3052202727857716
Always Long Spread,2023,2023-09-25,2023-09-26,0.00014267809279180232,0.000147136805821165,4.4587130293626825e-06,1,2.274568433482016,0.3052202727857716
Always Long Spread,2023,2023-09-26,2023-09-27,0.007669654081329784,0.007672657681587363,3.003600257579342e-06,1,2.274568433482016,0.3052202727857716
Always Long Spread,2023,2023-09-27,2023-09-28,-0.0064437479459031775,-0.006441863180086575,1.8847658166028514e-06,1,2.274568433482016,0.3052202727857716
Always Long Spread,2023,2023-09-28,2023-09-29,0.012204198447389457,0.01220853638182948,4.337934440023727e-06,1,2.274568433482016,0.3052202727857716
Always Long Spread,2023,2023-09-29,2023-10-02,0.01837345818231205,0.01837731171307287,3.853530760819235e-06,1,2.274568433482016,0.3052202727857716
Always Long Spread,2023,2023-10-02,2023-10-03,0.005759127216389764,0.005760293248415019,1.166032025255337e-06,1,2.274568433482016,0.3052202727857716
Always Long Spread,2023,2023-10-03,2023-10-04,-0.011149841882722826,-0.01114969769794518,1.441847776470495e-07,1,2.274568433482016,0.3052202727857716
Always Long Spread,2023,2023-10-04,2023-10-05,-0.003990181013256017,-0.003986786554842282,3.3944584137345356e-06,1,2.274568433482016,0.3052202727857716
Always Long Spread,2023,2023-10-05,2023-10-06,0.000837751479498329,0.000840589428306648,2.8379488083190574e-06,1,2.274568433482016,0.3052202727857716
Always Long Spread,2023,2023-10-06,2023-10-09,-0.008295503182129784,-0.008292636751962224,2.866430167560774e-06,1,2.274568433482016,0.3052202727857716
Always Long Spread,2023,2023-10-09,2023-10-10,0.0034109045045875633,0.003413485865781803,2.5813611942396286e-06,1,2.274568433482016,0.3052202727857716
Always Long Spread,2023,2023-10-10,2023-10-11,-0.01987237472276314,-0.0198709097730849,1.464949678238181e-06,1,2.274568433482016,0.3052202727857716
Always Long Spread,2023,2023-10-11,2023-10-12,0.0019231562745719584,0.001927402386721396,4.246112149437597e-06,1,2.274568433482016,0.3052202727857716
Always Long Spread,2023,2023-10-12,2023-10-13,-0.007589255000613646,-0.007586847013058229,2.4079875554172128e-06,1,2.274568433482016,0.3052202727857716
Always Long Spread,2023,2023-10-13,2023-10-16,-0.0006814953135972084,-0.0006783376670221513,3.1576465750570715e-06,1,2.274568433482016,0.189579778661578
Always Long Spread,2023,2023-10-16,2023-10-17,-0.011491037942847159,-0.01148787238480447,3.165558042689254e-06,1,2.274568433482016,0.189579778661578
Always Long Spread,2023,2023-10-17,2023-10-18,-0.016979375870115207,-0.01697755211029522,1.8237598199875583e-06,1,2.274568433482016,0.189579778661578
Always Long Spread,2023,2023-10-18,2023-10-19,-0.014400912874438506,-0.01440087485641111,3.8018027395669844e-08,1,2.274568433482016,0.189579778661578
Always Long Spread,2023,2023-10-19,2023-10-20,-0.011838840589686189,-0.01183651204803282,2.3285416533683213e-06,1,2.274568433482016,0.189579778661578
Always Long Spread,2023,2023-10-20,2023-10-23,-0.005545554082957937,-0.005541867340996506,3.6867419614309283e-06,1,2.274568433482016,0.189579778661578
Always Long Spread,2023,2023-10-23,2023-10-24,-0.018843559179348605,-0.01884071831854021,2.840860808392798e-06,1,2.274568433482016,0.189579778661578
Always Long Spread,2023,2023-10-24,2023-10-25,0.0035487510969126755,0.003557738028195701,8.986931283025356e-06,1,2.274568433482016,0.189579778661578
Always Long Spread,2023,2023-10-25,2023-10-26,-0.007354122273453681,-0.007347186526225579,6.935747228102085e-06,1,2.274568433482016,0.189579778661578
Always Long Spread,2023,2023-10-26,2023-10-27,-0.008270912064434859,-0.008262714199832391,8.197864602467408e-06,1,2.274568433482016,0.189579778661578
Always Long Spread,2023,2023-10-27,2023-10-30,0.01502863045475637,0.01504199009221999,1.3359637463620622e-05,1,2.274568433482016,0.189579778661578
Always Long Spread,2023,2023-10-30,2023-10-31,-0.004123648566406939,-0.004118387736790984,5.260829615955309e-06,1,2.274568433482016,0.189579778661578
Always Long Spread,2023,2023-10-31,2023-11-01,0.00425666674889646,0.004263481484316199,6.814735419739038e-06,1,2.274568433482016,0.189579778661578
Always Long Spread,2023,2023-11-01,2023-11-02,0.01633175437785774,0.01633849732375545,6.74294589771074e-06,1,2.274568433482016,0.189579778661578
Always Long Spread,2023,2023-11-02,2023-11-03,-0.006585695562158251,-0.006581297705473988,4.397856684263291e-06,1,2.274568433482016,0.189579778661578
Always Long Spread,2023,2023-11-03,2023-11-06,0.016610076407001843,0.01661737252398427,7.296116982427048e-06,1,2.274568433482016,0.189579778661578
Always Long Spread,2023,2023-11-06,2023-11-07,-0.008400867282041832,-0.008397083049696767,3.7842323450650306e-06,1,2.274568433482016,0.189579778661578
Always Long Spread,2023,2023-11-07,2023-11-08,-0.0032310205867813833,-0.00322501346280929,6.007123972093298e-06,1,2.274568433482016,0.189579778661578
Always Long Spread,2023,2023-11-08,2023-11-09,-0.016024159484503805,-0.01601576975170494,8.389732798865402e-06,1,2.274568433482016,0.189579778661578
Always Long Spread,2023,2023-11-09,2023-11-10,0.004977582805206786,0.00498808936916363,1.0506563956843295e-05,1,2.274568433482016,0.189579778661578
Always Long Spread,2023,2023-11-10,2023-11-13,0.0005649691224839532,0.0005738022256458683,8.833103161915046e-06,1,2.274568433482016,0.189579778661578
Always Long Spread,2023,2023-11-13,2023-11-14,-0.004774181166958833,-0.004761245266753459,1.2935900205374162e-05,1,2.274568433482016,0.1361533014544415
Always Long Spread,2023,2023-11-14,2023-11-15,0.016727314368048835,0.01674082435964378,1.3509991594946147e-05,1,2.274568433482016,0.1361533014544415
Always Long Spread,2023,2023-11-15,2023-11-16,-0.01542183499113694,-0.01541263672822421,9.198262912730404e-06,1,2.274568433482016,0.1361533014544415
Always Long Spread,2023,2023-11-16,2023-11-17,-0.0004138978134858809,-0.0004040302283169709,9.867585168910009e-06,1,2.274568433482016,0.1361533014544415
Always Long Spread,2023,2023-11-17,2023-11-20,0.012783473460709778,0.01279221164533767,8.738184627891499e-06,1,2.274568433482016,0.1361533014544415
Always Long Spread,2023,2023-11-20,2023-11-21,0.008274498523162794,0.008282504528356865,8.006005194070603e-06,1,2.274568433482016,0.1361533014544415
Always Long Spread,2023,2023-11-21,2023-11-22,-0.01411525173746732,-0.01410981050684665,5.441230620670229e-06,1,2.274568433482016,0.1361533014544415
Always Long Spread,2023,2023-11-22,2023-11-24,-0.018504729613628902,-0.0184991820084196,5.54760520930156e-06,1,2.274568433482016,0.1361533014544415
Always Long Spread,2023,2023-11-24,2023-11-27,-0.001954142182460808,-0.001946956251240518,7.185931220290098e-06,1,2.274568433482016,0.1361533014544415
Always Long Spread,2023,2023-11-27,2023-11-28,0.02004030123408734,0.02004717239484359,6.871160756251299e-06,1,2.274568433482016,0.1361533014544415
Always Long Spread,2023,2023-11-28,2023-11-29,0.005727953799288577,0.005731835401315007,3.881602026429593e-06,1,2.274568433482016,0.1361533014544415
Always Long Spread,2023,2023-11-29,2023-11-30,-0.0012936738086324322,-0.001291111233314122,2.5625753183101672e-06,1,2.274568433482016,0.1361533014544415
Always Long Spread,2023,2023-11-30,2023-12-01,0.001996757743460473,0.001997626757939653,8.690144791800858e-07,1,2.274568433482016,0.1361533014544415
Always Long Spread,2023,2023-12-01,2023-12-04,-0.011464875629068491,-0.01146435488817427,5.207408942217994e-07,1,2.274568433482016,0.1361533014544415
Always Long Spread,2023,2023-12-04,2023-12-05,-0.011172103948345715,-0.01117011380081447,1.9901475312465446e-06,1,2.274568433482016,0.1361533014544415
Always Long Spread,2023,2023-12-05,2023-12-06,0.000979377829180473,0.0009804677398687657,1.089910688292589e-06,1,2.274568433482016,0.1361533014544415
Always Long Spread,2023,2023-12-06,2023-12-07,0.012365309018437576,0.01236929397199419,3.984953556613463e-06,1,2.274568433482016,0.1361533014544415
Always Long Spread,2023,2023-12-07,2023-12-08,-0.005637084360062687,-0.005636644702552295,4.39657510392405e-07,1,2.274568433482016,0.1361533014544415
Always Long Spread,2023,2023-12-08,2023-12-11,0.01798362076034022,0.01798499868476245,1.3779244222299758e-06,1,2.274568433482016,0.1361533014544415
Always Long Spread,2023,2023-12-11,2023-12-12,-0.0078116641931940504,-0.007807141753327454,4.522439866596395e-06,1,2.274568433482016,0.1361533014544415
Always Long Spread,2023,2023-12-12,2023-12-13,-0.004745177039864975,-0.00474357572238969,1.6013174752852466e-06,1,2.274568433482016,0.1361533014544415
Always Long Spread,2023,2023-12-13,2023-12-14,0.004956269587753703,0.004959003105478033,2.7335177243301147e-06,1,2.274568433482016,0.2657662687656317
Always Long Spread,2023,2023-12-14,2023-12-15,0.01666117567611565,0.01666319644254591,2.0207664302625275e-06,1,2.274568433482016,0.2657662687656317
Always Long Spread,2023,2023-12-15,2023-12-18,0.0011494226509523003,0.001154142742240168,4.720091287867656e-06,1,2.274568433482016,0.2657662687656317
Always Long Spread,2023,2023-12-18,2023-12-19,-0.0009309404118666068,-0.000926294087777264,4.646324089342762e-06,1,2.274568433482016,0.2657662687656317
Always Long Spread,2023,2023-12-19,2023-12-20,0.000361964880925318,0.0003678939791792132,5.929098253895205e-06,1,2.274568433482016,0.2657662687656317
Always Long Spread,2023,2023-12-20,2023-12-21,-0.0034338321864533184,-0.003432114903777469,1.7172826758491412e-06,1,2.274568433482016,0.2657662687656317
Always Long Spread,2023,2023-12-21,2023-12-22,-0.0028027805289086902,-0.002800574870812132,2.2056580965582607e-06,1,2.274568433482016,0.2657662687656317
Always Long Spread,2023,2023-12-22,2023-12-26,0.006280512055487097,0.006282684955909361,2.172900422264451e-06,1,2.274568433482016,0.2657662687656317
Always Long Spread,2023,2023-12-26,2023-12-27,0.007549181381443431,0.00755140305309134,2.2216716479091514e-06,1,2.274568433482016,0.2657662687656317
Always Long Spread,2023,2023-12-27,2023-12-28,-0.0018847100065665233,-0.001881532113203729,3.1778933627944482e-06,1,2.274568433482016,0.2657662687656317
Always Long Spread,2023,2023-12-28,2023-12-29,-0.0013697302988285027,-0.0006329991005004469,0.0007367311983280559,1,2.274568433482016,0.2657662687656317
Always Short Spread,2023,2023-01-03,2023-01-04,0.013241642870257518,0.01407860496177169,0.0008369620915141711,-1,2.274568433482016,0.2059014815990136
Always Short Spread,2023,2023-01-04,2023-01-05,0.016263775809859916,0.0162694548068117,5.678996951783866e-06,-1,2.274568433482016,0.2059014815990136
Always Short Spread,2023,2023-01-05,2023-01-06,-0.004543842536138815,-0.004537591272523081,6.2512636157340815e-06,-1,2.274568433482016,0.2059014815990136
Always Short Spread,2023,2023-01-06,2023-01-09,-0.009484371638205417,-0.009477489574678004,6.882063527414217e-06,-1,2.274568433482016,0.2059014815990136
Always Short Spread,2023,2023-01-09,2023-01-10,0.0009554491055053929,0.000960405796191448,4.9566906860550874e-06,-1,2.274568433482016,0.2059014815990136
Always Short Spread,2023,2023-01-10,2023-01-11,0.0017079605214037415,0.001713307251207038,5.346729803296535e-06,-1,2.274568433482016,0.2059014815990136
Always Short Spread,2023,2023-01-11,2023-01-12,-3.703077128376255e-05,-3.121346789303377e-05,5.817303390728779e-06,-1,2.274568433482016,0.2059014815990136
Always Short Spread,2023,2023-01-12,2023-01-13,-0.005710340596847564,-0.00570452202964189,5.818567205674141e-06,-1,2.274568433482016,0.1187445535077025
Always Short Spread,2023,2023-01-13,2023-01-17,-0.038309868341268864,-0.03830533631739482,4.532023874044167e-06,-1,2.274568433482016,0.1187445535077025
Always Short Spread,2023,2023-01-17,2023-01-18,0.006187014537075433,0.006187325787591437,3.112505160036694e-07,-1,2.274568433482016,0.1187445535077025
Always Short Spread,2023,2023-01-18,2023-01-19,-0.0020141710455251266,-0.002012706179950315,1.4648655748115137e-06,-1,2.274568433482016,0.1187445535077025
Always Short Spread,2023,2023-01-19,2023-01-20,-0.003757497754542521,-0.003754794390083679,2.7033644588420616e-06,-1,2.274568433482016,0.1187445535077025
Always Short Spread,2023,2023-01-20,2023-01-23,0.008636983306416442,0.00864079569806391,3.8123916474682165e-06,-1,2.274568433482016,0.1187445535077025
Always Short Spread,2023,2023-01-23,2023-01-24,-0.0013884053873678126,-0.001386029157726912,2.3762296409006177e-06,-1,2.274568433482016,0.1187445535077025
Always Short Spread,2023,2023-01-24,2023-01-25,-0.0024643024074668647,-0.002463242239670929,1.060167795935596e-06,-1,2.274568433482016,0.1187445535077025
Always Short Spread,2023,2023-01-25,2023-01-26,-0.00014985478017858517,-0.0001488330556264471,1.0217245521380592e-06,-1,2.274568433482016,0.1187445535077025
Always Short Spread,2023,2023-01-26,2023-01-27,0.005032668203347418,0.005034515671903054,1.8474685556360005e-06,-1,2.274568433482016,0.1187445535077025
Always Short Spread,2023,2023-01-27,2023-01-30,0.0003730272308272371,0.000376485583270459,3.458352443221846e-06,-1,2.274568433482016,0.1187445535077025
Always Short Spread,2023,2023-01-30,2023-01-31,-0.00677993512264658,-0.006775813405983678,4.121716662901842e-06,-1,2.274568433482016,0.1187445535077025
Always Short Spread,2023,2023-01-31,2023-02-01,0.012138934084365552,0.01214723801949004,8.303935124487905e-06,-1,2.274568433482016,0.1187445535077025
Always Short Spread,2023,2023-02-01,2023-02-02,-0.0018521927436287273,-0.001842819920259215,9.372823369512118e-06,-1,2.274568433482016,0.1187445535077025
Always Short Spread,2023,2023-02-02,2023-02-03,0.006026201091367291,0.006037776310761541,1.1575219394250546e-05,-1,2.274568433482016,0.1187445535077025
Always Short Spread,2023,2023-02-03,2023-02-06,1.663608996344565e-06,1.095690285871261e-05,9.293293862368046e-06,-1,2.274568433482016,0.1187445535077025
Always Short Spread,2023,2023-02-06,2023-02-07,-0.0032581712937233853,-0.003257338159570973,8.331341524120962e-07,-1,2.274568433482016,0.1187445535077025
Always Short Spread,2023,2023-02-07,2023-02-08,-0.002488230949485004,-0.002488034364704196,1.9658478080786247e-07,-1,2.274568433482016,0.1187445535077025
Always Short Spread,2023,2023-02-08,2023-02-09,0.013128772100218782,0.01312880326437537,3.116415658871441e-08,-1,2.274568433482016,0.1187445535077025
Always Short Spread,2023,2023-02-09,2023-02-10,-0.011606844875860724,-0.01160535216915369,1.492706707032998e-06,-1,2.274568433482016,0.1187445535077025
Always Short Spread,2023,2023-02-10,2023-02-13,0.004022909912742495,0.004023145640018535,2.357272760399043e-07,-1,2.274568433482016,0.1187445535077025
Always Short Spread,2023,2023-02-13,2023-02-14,0.000698115063131911,0.000699433484167831,1.3184210359200587e-06,-1,2.274568433482016,0.1296173342763508
Always Short Spread,2023,2023-02-14,2023-02-15,-0.0012915810777234663,-0.001289158242635438,2.422835088028291e-06,-1,2.274568433482016,0.1296173342763508
Always Short Spread,2023,2023-02-15,2023-02-16,-0.00022158802203087972,-0.0002196386119415654,1.9494100893143187e-06,-1,2.274568433482016,0.1296173342763508
Always Short Spread,2023,2023-02-16,2023-02-17,-0.0007627291522273394,-0.0007614989219383737,1.2302302889656835e-06,-1,2.274568433482016,0.1296173342763508
Always Short Spread,2023,2023-02-17,2023-02-21,-0.008168478537131495,-0.008164946070343439,3.532466788055966e-06,-1,2.274568433482016,0.1296173342763508
Always Short Spread,2023,2023-02-21,2023-02-22,0.001507929687920979,0.001508115162457836,1.8547453685713312e-07,-1,2.274568433482016,0.1296173342763508
Always Short Spread,2023,2023-02-22,2023-02-23,0.00385759220117184,0.003857663214308544,7.101313670374032e-08,-1,2.274568433482016,0.1296173342763508
Always Short Spread,2023,2023-02-23,2023-02-24,0.006943004685405485,0.006943109015854364,1.0433044887875332e-07,-1,2.274568433482016,0.1296173342763508
Always Short Spread,2023,2023-02-24,2023-02-27,0.00845186566751684,0.0084521269981829,2.6133066605935065e-07,-1,2.274568433482016,0.1296173342763508
Always Short Spread,2023,2023-02-27,2023-02-28,0.008699948147119468,0.008700755930463523,8.07783344054791e-07,-1,2.274568433482016,0.1296173342763508
Always Short Spread,2023,2023-02-28,2023-03-01,-0.006710622748921363,-0.006710058200238339,5.645486830239133e-07,-1,2.274568433482016,0.1296173342763508
Always Short Spread,2023,2023-03-01,2023-03-02,-0.011219119736055402,-0.01121853553210547,5.842039499312501e-07,-1,2.274568433482016,0.1296173342763508
Always Short Spread,2023,2023-03-02,2023-03-03,0.0006535660635657547,0.0006542976267605955,7.315631948408008e-07,-1,2.274568433482016,0.1296173342763508
Always Short Spread,2023,2023-03-03,2023-03-06,0.001589178386020638,0.001589350999449932,1.7261342929386636e-07,-1,2.274568433482016,0.1296173342763508
Always Short Spread,2023,2023-03-06,2023-03-07,0.004824926695910849,0.004826406006664452,1.4793107536033023e-06,-1,2.274568433482016,0.1296173342763508
Always Short Spread,2023,2023-03-07,2023-03-08,-0.0036325656574863543,-0.003631360640804322,1.2050166820321562e-06,-1,2.274568433482016,0.1296173342763508
Always Short Spread,2023,2023-03-08,2023-03-09,0.004857835368532129,0.004858299944416487,4.6457588435774854e-07,-1,2.274568433482016,0.1296173342763508
Always Short Spread,2023,2023-03-09,2023-03-10,0.004530235433416124,0.004530620283663839,3.848502477152571e-07,-1,2.274568433482016,0.1296173342763508
Always Short Spread,2023,2023-03-10,2023-03-13,0.0029764144144070388,0.002976948318381534,5.33903974495098e-07,-1,2.274568433482016,0.1296173342763508
Always Short Spread,2023,2023-03-13,2023-03-14,0.0001660127603677844,0.0001666805570987862,6.677967310017852e-07,-1,2.274568433482016,0.1296173342763508
Always Short Spread,2023,2023-03-14,2023-03-15,-0.00495910334971808,-0.004958302075206351,8.012745117296494e-07,-1,2.274568433482016,0.1296173342763508
Always Short Spread,2023,2023-03-15,2023-03-16,-0.005398168473334961,-0.005397864277423043,3.041959119169657e-07,-1,2.274568433482016,0.125326879430482
Always Short Spread,2023,2023-03-16,2023-03-17,0.002949057289649938,0.002949176678131995,1.1938848205694797e-07,-1,2.274568433482016,0.125326879430482
Always Short Spread,2023,2023-03-17,2023-03-20,-0.009396868593980739,-0.009396452285579835,4.163084009038975e-07,-1,2.274568433482016,0.125326879430482
Always Short Spread,2023,2023-03-20,2023-03-21,0.010963378386611097,0.01096390389671262,5.255101015224084e-07,-1,2.274568433482016,0.125326879430482
Always Short Spread,2023,2023-03-21,2023-03-22,0.00445725954143669,0.004457992727318578,7.331858818880322e-07,-1,2.274568433482016,0.125326879430482
Always Short Spread,2023,2023-03-22,2023-03-23,0.007783212635328657,0.00778374461146529,5.319761366331943e-07,-1,2.274568433482016,0.125326879430482
Always Short Spread,2023,2023-03-23,2023-03-24,0.00027834975060901386,0.0002789127696079937,5.630189989798417e-07,-1,2.274568433482016,0.125326879430482
Always Short Spread,2023,2023-03-24,2023-03-27,-0.0089200513323318,-0.00891837165619379,1.6796761380086512e-06,-1,2.274568433482016,0.125326879430482
Always Short Spread,2023,2023-03-27,2023-03-28,-0.00670450667257421,-0.006703062276295618,1.444396278591109e-06,-1,2.274568433482016,0.125326879430482
Always Short Spread,2023,2023-03-28,2023-03-29,-0.006184734151399272,-0.006183737390901843,9.967604974290555e-07,-1,2.274568433482016,0.125326879430482
Always Short Spread,2023,2023-03-29,2023-03-30,0.0033626985169565703,0.003364528762182416,1.8302452258457947e-06,-1,2.274568433482016,0.125326879430482
Always Short Spread,2023,2023-03-30,2023-03-31,-0.015533546932209881,-0.01553102897050047,2.517961709411154e-06,-1,2.274568433482016,0.125326879430482
Always Short Spread,2023,2023-03-31,2023-04-03,-0.012435060845817369,-0.01243290993405722,2.150911760150004e-06,-1,2.274568433482016,0.125326879430482
Always Short Spread,2023,2023-04-03,2023-04-04,-0.0028291067673305555,-0.002827203084191605,1.9036831389505905e-06,-1,2.274568433482016,0.125326879430482
Always Short Spread,2023,2023-04-04,2023-04-05,-0.0015192886445516728,-0.001517110610133402,2.1780344182706913e-06,-1,2.274568433482016,0.125326879430482
Always Short Spread,2023,2023-04-05,2023-04-06,0.015459758882853902,0.01546156180453356,1.802921679657954e-06,-1,2.274568433482016,0.125326879430482
Always Short Spread,2023,2023-04-06,2023-04-10,0.0004906298992943077,0.0004922404347815126,1.6105354872049394e-06,-1,2.274568433482016,0.125326879430482
Always Short Spread,2023,2023-04-10,2023-04-11,-0.0008213338293123951,-0.0008189791952809998,2.3546340313953253e-06,-1,2.274568433482016,0.125326879430482
Always Short Spread,2023,2023-04-11,2023-04-12,-0.002721033850215771,-0.002718897836075684,2.1360141400867396e-06,-1,2.274568433482016,0.125326879430482
Always Short Spread,2023,2023-04-12,2023-04-13,0.004856928263323579,0.004859771689742524,2.843426418945361e-06,-1,2.274568433482016,0.125326879430482
Always Short Spread,2023,2023-04-13,2023-04-14,-0.002714289974442276,-0.002711288372270891,3.001602171385176e-06,-1,2.274568433482016,0.125326879430482
Always Short Spread,2023,2023-04-14,2023-04-17,-0.0063240190148350015,-0.006321758376355041,2.260638479959998e-06,-1,2.274568433482016,0.1065340881337931
Always Short Spread,2023,2023-04-17,2023-04-18,-0.004976310284080291,-0.004974281841763436,2.0284423168547004e-06,-1,2.274568433482016,0.1065340881337931
Always Short Spread,2023,2023-04-18,2023-04-19,0.003387393368142197,0.003391247187786707,3.8538196445102035e-06,-1,2.274568433482016,0.1065340881337931
Always Short Spread,2023,2023-04-19,2023-04-20,0.0036828466186981635,0.003686495212043433,3.6485933452694577e-06,-1,2.274568433482016,0.1065340881337931
Always Short Spread,2023,2023-04-20,2023-04-21,0.005281733455391805,0.005285659236140956,3.925780749150592e-06,-1,2.274568433482016,0.1065340881337931
Always Short Spread,2023,2023-04-21,2023-04-24,0.007881938914634271,0.007886068888450313,4.129973816041272e-06,-1,2.274568433482016,0.1065340881337931
Always Short Spread,2023,2023-04-24,2023-04-25,0.010365210044800939,0.01036859840773464,3.3883629336997345e-06,-1,2.274568433482016,0.1065340881337931
Always Short Spread,2023,2023-04-25,2023-04-26,7.17523768947672e-05,7.34881506421186e-05,1.735773747351399e-06,-1,2.274568433482016,0.1065340881337931
Always Short Spread,2023,2023-04-26,2023-04-27,0.007844012613150524,0.007844036902412454,2.428926192968306e-08,-1,2.274568433482016,0.1065340881337931
Always Short Spread,2023,2023-04-27,2023-04-28,-0.006841253017005591,-0.00684046353257297,7.894844326211681e-07,-1,2.274568433482016,0.1065340881337931
Always Short Spread,2023,2023-04-28,2023-05-01,-0.007244161928898785,-0.007243908875404159,2.530534946258989e-07,-1,2.274568433482016,0.1065340881337931
Always Short Spread,2023,2023-05-01,2023-05-02,0.00656018663645721,0.006560810573255599,6.239367983886523e-07,-1,2.274568433482016,0.1065340881337931
Always Short Spread,2023,2023-05-02,2023-05-03,-0.007351735744229544,-0.00735122205562333,5.136886062143964e-07,-1,2.274568433482016,0.1065340881337931
Always Short Spread,2023,2023-05-03,2023-05-04,-0.0007131316244599398,-0.0007128685685651567,2.63055894783093e-07,-1,2.274568433482016,0.1065340881337931
Always Short Spread,2023,2023-05-04,2023-05-05,-0.01286905739706189,-0.01286760348510527,1.4539119566203129e-06,-1,2.274568433482016,0.1065340881337931
Always Short Spread,2023,2023-05-05,2023-05-08,-0.0023482318746959564,-0.00234778817000487,4.437046910865661e-07,-1,2.274568433482016,0.1065340881337931
Always Short Spread,2023,2023-05-08,2023-05-09,0.004749444683217281,0.004750640980940207,1.1962977229261485e-06,-1,2.274568433482016,0.1065340881337931
Always Short Spread,2023,2023-05-09,2023-05-10,0.011708669431058211,0.01170904175999266,3.723289344500502e-07,-1,2.274568433482016,0.1065340881337931
Always Short Spread,2023,2023-05-10,2023-05-11,0.0020001224856787255,0.002002723506368046,2.6010206893204437e-06,-1,2.274568433482016,0.1065340881337931
Always Short Spread,2023,2023-05-11,2023-05-12,0.006875795655706569,0.006876356649186674,5.609934801050764e-07,-1,2.274568433482016,0.1065340881337931
Always Short Spread,2023,2023-05-12,2023-05-15,0.026281295846702173,0.02628129966342771,3.816725535593646e-09,-1,2.274568433482016,0.1065340881337931
Always Short Spread,2023,2023-05-15,2023-05-16,0.02349262556398151,0.02349540952449072,2.78396050920815e-06,-1,2.274568433482016,0.1855371589452258
Always Short Spread,2023,2023-05-16,2023-05-17,0.018695020209008744,0.01870134090343703,6.3206944282857e-06,-1,2.274568433482016,0.1855371589452258
Always Short Spread,2023,2023-05-17,2023-05-18,-0.006833664598759328,-0.006825195354604094,8.469244155233479e-06,-1,2.274568433482016,0.1855371589452258
Always Short Spread,2023,2023-05-18,2023-05-19,0.015036432117584165,0.01504719101889448,1.0758901310314068e-05,-1,2.274568433482016,0.1855371589452258
Always Short Spread,2023,2023-05-19,2023-05-22,-0.02258747336458615,-0.02257319769936399,1.4275665222161033e-05,-1,2.274568433482016,0.1855371589452258
Always Short Spread,2023,2023-05-22,2023-05-23,0.007917457893817774,0.007928895929983856,1.143803616608105e-05,-1,2.274568433482016,0.1855371589452258
Always Short Spread,2023,2023-05-23,2023-05-24,-0.006346006997991494,-0.006330994077094149,1.5012920897344823e-05,-1,2.274568433482016,0.1855371589452258
Always Short Spread,2023,2023-05-24,2023-05-25,-0.005756017325130326,-0.005743349130470736,1.2668194659589793e-05,-1,2.274568433482016,0.1855371589452258
Always Short Spread,2023,2023-05-25,2023-05-26,-0.0036502647646273925,-0.003642494994767939,7.76976985945324e-06,-1,2.274568433482016,0.1855371589452258
Always Short Spread,2023,2023-05-26,2023-05-30,0.01844229002270106,0.01844854831492932,6.258292228259688e-06,-1,2.274568433482016,0.1855371589452258
Always Short Spread,2023,2023-05-30,2023-05-31,-0.0014237430206667837,-0.001415040852804878,8.702167861905696e-06,-1,2.274568433482016,0.1855371589452258
Always Short Spread,2023,2023-05-31,2023-06-01,-0.011594789883662556,-0.01158789649251288,6.89339114967602e-06,-1,2.274568433482016,0.1855371589452258
Always Short Spread,2023,2023-06-01,2023-06-02,-0.02216746321410506,-0.02216358470334356,3.878510761498977e-06,-1,2.274568433482016,0.1855371589452258
Always Short Spread,2023,2023-06-02,2023-06-05,0.006597073959696001,0.006597847994989186,7.740352931849825e-07,-1,2.274568433482016,0.1855371589452258
Always Short Spread,2023,2023-06-05,2023-06-06,-0.008734714353830917,-0.008733110904731833,1.6034490990838314e-06,-1,2.274568433482016,0.1855371589452258
Always Short Spread,2023,2023-06-06,2023-06-07,0.00638528766761365,0.006385710181940566,4.2251432691614577e-07,-1,2.274568433482016,0.1855371589452258
Always Short Spread,2023,2023-06-07,2023-06-08,-0.0035103021665048306,-0.003509116793784205,1.1853727206253552e-06,-1,2.274568433482016,0.1855371589452258
Always Short Spread,2023,2023-06-08,2023-06-09,-0.02650818649779245,-0.02650765383846788,5.326593245686407e-07,-1,2.274568433482016,0.1855371589452258
Always Short Spread,2023,2023-06-09,2023-06-12,0.010246162899922197,0.01024864805144396,2.485151521761375e-06,-1,2.274568433482016,0.1855371589452258
Always Short Spread,2023,2023-06-12,2023-06-13,-0.01898117416863226,-0.01897996748253175,1.2066861005092244e-06,-1,2.274568433482016,0.1855371589452258
Always Short Spread,2023,2023-06-13,2023-06-14,-0.003047715135453704,-0.003044679107896553,3.0360275571512108e-06,-1,2.274568433482016,0.1855371589452258
Always Short Spread,2023,2023-06-14,2023-06-15,-0.022154213365400747,-0.02215068514987029,3.528215530457013e-06,-1,2.274568433482016,0.3389006247409644
Always Short Spread,2023,2023-06-15,2023-06-16,0.002830160150815371,0.002835506405235347,5.346254419975771e-06,-1,2.274568433482016,0.3389006247409644
Always Short Spread,2023,2023-06-16,2023-06-20,-0.011893375997187742,-0.01189042896840072,2.9470287870208e-06,-1,2.274568433482016,0.3389006247409644
Always Short Spread,2023,2023-06-20,2023-06-21,0.007187611762474751,0.007191538821860882,3.9270593861313595e-06,-1,2.274568433482016,0.3389006247409644
Always Short Spread,2023,2023-06-21,2023-06-22,-0.00794208365902109,-0.007940930598886287,1.153060134804318e-06,-1,2.274568433482016,0.3389006247409644
Always Short Spread,2023,2023-06-22,2023-06-23,-0.013166870957661666,-0.01316395539442713,2.9155632345367334e-06,-1,2.274568433482016,0.3389006247409644
Always Short Spread,2023,2023-06-23,2023-06-26,-0.012834329895765988,-0.01282933608091334,4.993814852646994e-06,-1,2.274568433482016,0.3389006247409644
Always Short Spread,2023,2023-06-26,2023-06-27,0.00849905529128702,0.00850425495993231,5.1996686452896734e-06,-1,2.274568433482016,0.3389006247409644
Always Short Spread,2023,2023-06-27,2023-06-28,0.023307837317818086,0.02331248633538986,4.649017571773051e-06,-1,2.274568433482016,0.3389006247409644
Always Short Spread,2023,2023-06-28,2023-06-29,-0.02039331906876447,-0.02039069244029375,2.6266284707183175e-06,-1,2.274568433482016,0.3389006247409644
Always Short Spread,2023,2023-06-29,2023-06-30,-0.030277769302503418,-0.03027482523321443,2.9440692889906307e-06,-1,2.274568433482016,0.3389006247409644
Always Short Spread,2023,2023-06-30,2023-07-03,-0.0037161577493214754,-0.003713647987829799,2.5097614916766708e-06,-1,2.274568433482016,0.3389006247409644
Always Short Spread,2023,2023-07-03,2023-07-05,0.00871498488394466,0.008718260331127345,3.2754471826835775e-06,-1,2.274568433482016,0.3389006247409644
Always Short Spread,2023,2023-07-05,2023-07-06,0.011482190843340212,0.01148488184282366,2.6909994834484473e-06,-1,2.274568433482016,0.3389006247409644
Always Short Spread,2023,2023-07-06,2023-07-07,0.020184521471961522,0.02018661707362343,2.095601661908503e-06,-1,2.274568433482016,0.3389006247409644
Always Short Spread,2023,2023-07-07,2023-07-10,-0.012094277720514957,-0.01209287462217566,1.4030983392973596e-06,-1,2.274568433482016,0.3389006247409644
Always Short Spread,2023,2023-07-10,2023-07-11,0.0023591706528839976,0.002361407814110468,2.237161226470608e-06,-1,2.274568433482016,0.3389006247409644
Always Short Spread,2023,2023-07-11,2023-07-12,0.02033535610893281,0.02033846361667899,3.1075077461794887e-06,-1,2.274568433482016,0.3389006247409644
Always Short Spread,2023,2023-07-12,2023-07-13,-0.009975679549349626,-0.009973740802950702,1.938746398923191e-06,-1,2.274568433482016,0.3389006247409644
Always Short Spread,2023,2023-07-13,2023-07-14,0.01386544421578639,0.01386690778063425,1.463564847860005e-06,-1,2.274568433482016,0.3389006247409644
Always Short Spread,2023,2023-07-14,2023-07-17,0.01224038196288044,0.01224148981927957,1.1078563991313017e-06,-1,2.274568433482016,0.3389006247409644
Always Short Spread,2023,2023-07-17,2023-07-18,0.0027048292492997394,0.002705213448865878,3.8419956613861e-07,-1,2.274568433482016,0.2529929707118663
Always Short Spread,2023,2023-07-18,2023-07-19,0.0013942807616144583,0.001394374597893193,9.383627873460477e-08,-1,2.274568433482016,0.2529929707118663
Always Short Spread,2023,2023-07-19,2023-07-20,-0.005526893609460334,-0.005526714094023099,1.795154372359331e-07,-1,2.274568433482016,0.2529929707118663
Always Short Spread,2023,2023-07-20,2023-07-21,-0.0017906814614995538,-0.001790140145925955,5.413155735987663e-07,-1,2.274568433482016,0.2529929707118663
Always Short Spread,2023,2023-07-21,2023-07-24,-0.01041687288530115,-0.01041672070744594,1.5217785521140503e-07,-1,2.274568433482016,0.2529929707118663
Always Short Spread,2023,2023-07-24,2023-07-25,0.011227785426475316,0.01122796656418907,1.8113771375444233e-07,-1,2.274568433482016,0.2529929707118663
Always Short Spread,2023,2023-07-25,2023-07-26,-0.010021054153830459,-0.01002075955213126,2.9460169919798275e-07,-1,2.274568433482016,0.2529929707118663
Always Short Spread,2023,2023-07-26,2023-07-27,0.009073788591617385,0.009074978568391873,1.1899767744877333e-06,-1,2.274568433482016,0.2529929707118663
Always Short Spread,2023,2023-07-27,2023-07-28,0.0213259937544493,0.0213267153560779,7.216016286007986e-07,-1,2.274568433482016,0.2529929707118663
Always Short Spread,2023,2023-07-28,2023-07-31,0.024178801062599307,0.02417925606154283,4.549989435213009e-07,-1,2.274568433482016,0.2529929707118663
Always Short Spread,2023,2023-07-31,2023-08-01,0.003943025323267692,0.003943139880190587,1.1455692289510933e-07,-1,2.274568433482016,0.2529929707118663
Always Short Spread,2023,2023-08-01,2023-08-02,0.007762912797516513,0.007763316338038955,4.035405224412925e-07,-1,2.274568433482016,0.2529929707118663
Always Short Spread,2023,2023-08-02,2023-08-03,0.00013141632298010455,0.0001319429341147906,5.266111346860502e-07,-1,2.274568433482016,0.2529929707118663
Always Short Spread,2023,2023-08-03,2023-08-04,-0.01741042918236312,-0.01740989959952017,5.295828429506267e-07,-1,2.274568433482016,0.2529929707118663
Always Short Spread,2023,2023-08-04,2023-08-07,0.022660535506127427,0.02266060974663909,7.424051166354806e-08,-1,2.274568433482016,0.2529929707118663
Always Short Spread,2023,2023-08-07,2023-08-08,-0.02355971798915604,-0.02355967259671014,4.5392445900349635e-08,-1,2.274568433482016,0.2529929707118663
Always Short Spread,2023,2023-08-08,2023-08-09,-0.007945479918616877,-0.007944827951979112,6.519666377653999e-07,-1,2.274568433482016,0.2529929707118663
Always Short Spread,2023,2023-08-09,2023-08-10,0.01703471635541508,0.01703519482234442,4.784669293364241e-07,-1,2.274568433482016,0.2529929707118663
Always Short Spread,2023,2023-08-10,2023-08-11,0.014921509208234205,0.01492229357523498,7.843670007749993e-07,-1,2.274568433482016,0.2529929707118663
Always Short Spread,2023,2023-08-11,2023-08-14,0.031805157517193046,0.03180559232523428,4.3480804122938976e-07,-1,2.274568433482016,0.2529929707118663
Always Short Spread,2023,2023-08-14,2023-08-15,-0.007570359179126701,-0.007566396477245621,3.962701881079861e-06,-1,2.274568433482016,0.2529929707118663
Always Short Spread,2023,2023-08-15,2023-08-16,-0.007907212881650664,-0.007903206745499866,4.006136150798145e-06,-1,2.274568433482016,0.3424358652773633
Always Short Spread,2023,2023-08-16,2023-08-17,-0.0068671549233331255,-0.006863505940161199,3.6489831719272726e-06,-1,2.274568433482016,0.3424358652773633
Always Short Spread,2023,2023-08-17,2023-08-18,-0.014460142846883255,-0.01445570090293472,4.441943948535199e-06,-1,2.274568433482016,0.3424358652773633
Always Short Spread,2023,2023-08-18,2023-08-21,0.0013223675397193387,0.001326452295635087,4.084755915748251e-06,-1,2.274568433482016,0.3424358652773633
Always Short Spread,2023,2023-08-21,2023-08-22,0.009591830020729762,0.009596287190060608,4.45716933084575e-06,-1,2.274568433482016,0.3424358652773633
Always Short Spread,2023,2023-08-22,2023-08-23,0.0018787712614556135,0.001883643918523889,4.872657068275555e-06,-1,2.274568433482016,0.3424358652773633
Always Short Spread,2023,2023-08-23,2023-08-24,0.006602421826047267,0.006605470591517138,3.0487654698708735e-06,-1,2.274568433482016,0.3424358652773633
Always Short Spread,2023,2023-08-24,2023-08-25,-0.010991566801292369,-0.01098879248305887,2.7743182334990513e-06,-1,2.274568433482016,0.3424358652773633
Always Short Spread,2023,2023-08-25,2023-08-28,-0.006889909379031811,-0.006886564345729452,3.3450333023582747e-06,-1,2.274568433482016,0.3424358652773633
Always Short Spread,2023,2023-08-28,2023-08-29,0.001936261226596648,0.001940004088798467,3.742862201819075e-06,-1,2.274568433482016,0.3424358652773633
Always Short Spread,2023,2023-08-29,2023-08-30,0.005014427553411988,0.005018212416334098,3.784862922109056e-06,-1,2.274568433482016,0.3424358652773633
Always Short Spread,2023,2023-08-30,2023-08-31,0.01019370320754695,0.0101986322636268,4.9290560798492255e-06,-1,2.274568433482016,0.3424358652773633
Always Short Spread,2023,2023-08-31,2023-09-01,-0.00495044122334439,-0.004943185045789338,7.256177555052035e-06,-1,2.274568433482016,0.3424358652773633
Always Short Spread,2023,2023-09-01,2023-09-05,-0.0032508946411867433,-0.003242573125416167,8.321515770576381e-06,-1,2.274568433482016,0.3424358652773633
Always Short Spread,2023,2023-09-05,2023-09-06,-0.005795330060324821,-0.005785571461188389,9.758599136431345e-06,-1,2.274568433482016,0.3424358652773633
Always Short Spread,2023,2023-09-06,2023-09-07,0.004511733283140008,0.004518389635188695,6.656352048686531e-06,-1,2.274568433482016,0.3424358652773633
Always Short Spread,2023,2023-09-07,2023-09-08,0.00908113675096511,0.00908751047520822,6.373724243109779e-06,-1,2.274568433482016,0.3424358652773633
Always Short Spread,2023,2023-09-08,2023-09-11,-0.002078747631727035,-0.002073216779860635,5.530851866399844e-06,-1,2.274568433482016,0.3424358652773633
Always Short Spread,2023,2023-09-11,2023-09-12,0.005226738846169222,0.005230564295202451,3.825449033228623e-06,-1,2.274568433482016,0.3424358652773633
Always Short Spread,2023,2023-09-12,2023-09-13,-0.008326091188103044,-0.008319572112857618,6.519075245426609e-06,-1,2.274568433482016,0.3424358652773633
Always Short Spread,2023,2023-09-13,2023-09-14,-0.005789617541957388,-0.005784137779381915,5.479762575473002e-06,-1,2.274568433482016,0.3424358652773633
Always Short Spread,2023,2023-09-14,2023-09-15,-0.010877172640911143,-0.01087350700656707,3.6656343440719662e-06,-1,2.274568433482016,0.3052202727857716
Always Short Spread,2023,2023-09-15,2023-09-18,0.012347204539889451,0.01235116328050694,3.958740617489465e-06,-1,2.274568433482016,0.3052202727857716
Always Short Spread,2023,2023-09-18,2023-09-19,0.002813971058230035,0.002819203315525585,5.232257295549825e-06,-1,2.274568433482016,0.3052202727857716
Always Short Spread,2023,2023-09-19,2023-09-20,0.006365062911325312,0.006371376722601409,6.3138112760964815e-06,-1,2.274568433482016,0.3052202727857716
Always Short Spread,2023,2023-09-20,2023-09-21,0.00801892178218672,0.008024556522692758,5.6347405060376834e-06,-1,2.274568433482016,0.3052202727857716
Always Short Spread,2023,2023-09-21,2023-09-22,-0.005741610555147315,-0.005733328239295222,8.282315852092547e-06,-1,2.274568433482016,0.3052202727857716
Always Short Spread,2023,2023-09-22,2023-09-25,0.005829175264860217,0.005835632401983412,6.457137123195067e-06,-1,2.274568433482016,0.3052202727857716
Always Short Spread,2023,2023-09-25,2023-09-26,-0.00015159551885052767,-0.000147136805821165,4.4587130293626825e-06,-1,2.274568433482016,0.3052202727857716
Always Short Spread,2023,2023-09-26,2023-09-27,-0.007675661281844943,-0.007672657681587363,3.003600257579342e-06,-1,2.274568433482016,0.3052202727857716
Always Short Spread,2023,2023-09-27,2023-09-28,0.006439978414269972,0.006441863180086575,1.8847658166028514e-06,-1,2.274568433482016,0.3052202727857716
Always Short Spread,2023,2023-09-28,2023-09-29,-0.012212874316269504,-0.01220853638182948,4.337934440023727e-06,-1,2.274568433482016,0.3052202727857716
Always Short Spread,2023,2023-09-29,2023-10-02,-0.018381165243833687,-0.01837731171307287,3.853530760819235e-06,-1,2.274568433482016,0.3052202727857716
Always Short Spread,2023,2023-10-02,2023-10-03,-0.005761459280440274,-0.005760293248415019,1.166032025255337e-06,-1,2.274568433482016,0.3052202727857716
Always Short Spread,2023,2023-10-03,2023-10-04,0.011149553513167532,0.01114969769794518,1.441847776470495e-07,-1,2.274568433482016,0.3052202727857716
Always Short Spread,2023,2023-10-04,2023-10-05,0.003983392096428548,0.003986786554842282,3.3944584137345356e-06,-1,2.274568433482016,0.3052202727857716
Always Short Spread,2023,2023-10-05,2023-10-06,-0.0008434273771149671,-0.000840589428306648,2.8379488083190574e-06,-1,2.274568433482016,0.3052202727857716
Always Short Spread,2023,2023-10-06,2023-10-09,0.008289770321794664,0.008292636751962224,2.866430167560774e-06,-1,2.274568433482016,0.3052202727857716
Always Short Spread,2023,2023-10-09,2023-10-10,-0.0034160672269760426,-0.003413485865781803,2.5813611942396286e-06,-1,2.274568433482016,0.3052202727857716
Always Short Spread,2023,2023-10-10,2023-10-11,0.019869444823406662,0.0198709097730849,1.464949678238181e-06,-1,2.274568433482016,0.3052202727857716
Always Short Spread,2023,2023-10-11,2023-10-12,-0.0019316484988708335,-0.001927402386721396,4.246112149437597e-06,-1,2.274568433482016,0.3052202727857716
Always Short Spread,2023,2023-10-12,2023-10-13,0.007584439025502812,0.007586847013058229,2.4079875554172128e-06,-1,2.274568433482016,0.3052202727857716
Always Short Spread,2023,2023-10-13,2023-10-16,0.0006751800204470942,0.0006783376670221513,3.1576465750570715e-06,-1,2.274568433482016,0.189579778661578
Always Short Spread,2023,2023-10-16,2023-10-17,0.01148470682676178,0.01148787238480447,3.165558042689254e-06,-1,2.274568433482016,0.189579778661578
Always Short Spread,2023,2023-10-17,2023-10-18,0.016975728350475235,0.01697755211029522,1.8237598199875583e-06,-1,2.274568433482016,0.189579778661578
Always Short Spread,2023,2023-10-18,2023-10-19,0.014400836838383713,0.01440087485641111,3.8018027395669844e-08,-1,2.274568433482016,0.189579778661578
Always Short Spread,2023,2023-10-19,2023-10-20,0.01183418350637945,0.01183651204803282,2.3285416533683213e-06,-1,2.274568433482016,0.189579778661578
Always Short Spread,2023,2023-10-20,2023-10-23,0.005538180599035075,0.005541867340996506,3.6867419614309283e-06,-1,2.274568433482016,0.189579778661578
Always Short Spread,2023,2023-10-23,2023-10-24,0.018837877457731817,0.01884071831854021,2.840860808392798e-06,-1,2.274568433482016,0.189579778661578
Always Short Spread,2023,2023-10-24,2023-10-25,-0.0035667249594787264,-0.003557738028195701,8.986931283025356e-06,-1,2.274568433482016,0.189579778661578
Always Short Spread,2023,2023-10-25,2023-10-26,0.007340250778997477,0.007347186526225579,6.935747228102085e-06,-1,2.274568433482016,0.189579778661578
Always Short Spread,2023,2023-10-26,2023-10-27,0.008254516335229924,0.008262714199832391,8.197864602467408e-06,-1,2.274568433482016,0.189579778661578
Always Short Spread,2023,2023-10-27,2023-10-30,-0.015055349729683611,-0.01504199009221999,1.3359637463620622e-05,-1,2.274568433482016,0.189579778661578
Always Short Spread,2023,2023-10-30,2023-10-31,0.0041131269071750295,0.004118387736790984,5.260829615955309e-06,-1,2.274568433482016,0.189579778661578
Always Short Spread,2023,2023-10-31,2023-11-01,-0.004270296219735938,-0.004263481484316199,6.814735419739038e-06,-1,2.274568433482016,0.189579778661578
Always Short Spread,2023,2023-11-01,2023-11-02,-0.01634524026965316,-0.01633849732375545,6.74294589771074e-06,-1,2.274568433482016,0.189579778661578
Always Short Spread,2023,2023-11-02,2023-11-03,0.006576899848789725,0.006581297705473988,4.397856684263291e-06,-1,2.274568433482016,0.189579778661578
Always Short Spread,2023,2023-11-03,2023-11-06,-0.0166246686409667,-0.01661737252398427,7.296116982427048e-06,-1,2.274568433482016,0.189579778661578
Always Short Spread,2023,2023-11-06,2023-11-07,0.008393298817351702,0.008397083049696767,3.7842323450650306e-06,-1,2.274568433482016,0.189579778661578
Always Short Spread,2023,2023-11-07,2023-11-08,0.003219006338837197,0.00322501346280929,6.007123972093298e-06,-1,2.274568433482016,0.189579778661578
Always Short Spread,2023,2023-11-08,2023-11-09,0.016007380018906076,0.01601576975170494,8.389732798865402e-06,-1,2.274568433482016,0.189579778661578
Always Short Spread,2023,2023-11-09,2023-11-10,-0.004998595933120473,-0.00498808936916363,1.0506563956843295e-05,-1,2.274568433482016,0.189579778661578
Always Short Spread,2023,2023-11-10,2023-11-13,-0.0005826353288077834,-0.0005738022256458683,8.833103161915046e-06,-1,2.274568433482016,0.189579778661578
Always Short Spread,2023,2023-11-13,2023-11-14,0.0047483093665480845,0.004761245266753459,1.2935900205374162e-05,-1,2.274568433482016,0.1361533014544415
Always Short Spread,2023,2023-11-14,2023-11-15,-0.01675433435123873,-0.01674082435964378,1.3509991594946147e-05,-1,2.274568433482016,0.1361533014544415
Always Short Spread,2023,2023-11-15,2023-11-16,0.01540343846531148,0.01541263672822421,9.198262912730404e-06,-1,2.274568433482016,0.1361533014544415
Always Short Spread,2023,2023-11-16,2023-11-17,0.0003941626431480609,0.0004040302283169709,9.867585168910009e-06,-1,2.274568433482016,0.1361533014544415
Always Short Spread,2023,2023-11-17,2023-11-20,-0.012800949829965562,-0.01279221164533767,8.738184627891499e-06,-1,2.274568433482016,0.1361533014544415
Always Short Spread,2023,2023-11-20,2023-11-21,-0.008290510533550935,-0.008282504528356865,8.006005194070603e-06,-1,2.274568433482016,0.1361533014544415
Always Short Spread,2023,2023-11-21,2023-11-22,0.01410436927622598,0.01410981050684665,5.441230620670229e-06,-1,2.274568433482016,0.1361533014544415
Always Short Spread,2023,2023-11-22,2023-11-24,0.0184936344032103,0.0184991820084196,5.54760520930156e-06,-1,2.274568433482016,0.1361533014544415
Always Short Spread,2023,2023-11-24,2023-11-27,0.001939770320020228,0.001946956251240518,7.185931220290098e-06,-1,2.274568433482016,0.1361533014544415
Always Short Spread,2023,2023-11-27,2023-11-28,-0.02005404355559984,-0.02004717239484359,6.871160756251299e-06,-1,2.274568433482016,0.1361533014544415
Always Short Spread,2023,2023-11-28,2023-11-29,-0.005735717003341436,-0.005731835401315007,3.881602026429593e-06,-1,2.274568433482016,0.1361533014544415
Always Short Spread,2023,2023-11-29,2023-11-30,0.001288548657995812,0.001291111233314122,2.5625753183101672e-06,-1,2.274568433482016,0.1361533014544415
Always Short Spread,2023,2023-11-30,2023-12-01,-0.001998495772418833,-0.001997626757939653,8.690144791800858e-07,-1,2.274568433482016,0.1361533014544415
Always Short Spread,2023,2023-12-01,2023-12-04,0.011463834147280048,0.01146435488817427,5.207408942217994e-07,-1,2.274568433482016,0.1361533014544415
Always Short Spread,2023,2023-12-04,2023-12-05,0.011168123653283223,0.01117011380081447,1.9901475312465446e-06,-1,2.274568433482016,0.1361533014544415
Always Short Spread,2023,2023-12-05,2023-12-06,-0.0009815576505570584,-0.0009804677398687657,1.089910688292589e-06,-1,2.274568433482016,0.1361533014544415
Always Short Spread,2023,2023-12-06,2023-12-07,-0.012373278925550804,-0.01236929397199419,3.984953556613463e-06,-1,2.274568433482016,0.1361533014544415
Always Short Spread,2023,2023-12-07,2023-12-08,0.0056362050450419025,0.005636644702552295,4.39657510392405e-07,-1,2.274568433482016,0.1361533014544415
Always Short Spread,2023,2023-12-08,2023-12-11,-0.01798637660918468,-0.01798499868476245,1.3779244222299758e-06,-1,2.274568433482016,0.1361533014544415
Always Short Spread,2023,2023-12-11,2023-12-12,0.007802619313460858,0.007807141753327454,4.522439866596395e-06,-1,2.274568433482016,0.1361533014544415
Always Short Spread,2023,2023-12-12,2023-12-13,0.0047419744049144045,0.00474357572238969,1.6013174752852466e-06,-1,2.274568433482016,0.1361533014544415
Always Short Spread,2023,2023-12-13,2023-12-14,-0.0049617366232023626,-0.004959003105478033,2.7335177243301147e-06,-1,2.274568433482016,0.2657662687656317
Always Short Spread,2023,2023-12-14,2023-12-15,-0.016665217208976173,-0.01666319644254591,2.0207664302625275e-06,-1,2.274568433482016,0.2657662687656317
Always Short Spread,2023,2023-12-15,2023-12-18,-0.0011588628335280355,-0.001154142742240168,4.720091287867656e-06,-1,2.274568433482016,0.2657662687656317
Always Short Spread,2023,2023-12-18,2023-12-19,0.0009216477636879212,0.000926294087777264,4.646324089342762e-06,-1,2.274568433482016,0.2657662687656317
Always Short Spread,2023,2023-12-19,2023-12-20,-0.0003738230774331084,-0.0003678939791792132,5.929098253895205e-06,-1,2.274568433482016,0.2657662687656317
Always Short Spread,2023,2023-12-20,2023-12-21,0.0034303976211016197,0.003432114903777469,1.7172826758491412e-06,-1,2.274568433482016,0.2657662687656317
Always Short Spread,2023,2023-12-21,2023-12-22,0.002798369212715574,0.002800574870812132,2.2056580965582607e-06,-1,2.274568433482016,0.2657662687656317
Always Short Spread,2023,2023-12-22,2023-12-26,-0.006284857856331626,-0.006282684955909361,2.172900422264451e-06,-1,2.274568433482016,0.2657662687656317
Always Short Spread,2023,2023-12-26,2023-12-27,-0.00755362472473925,-0.00755140305309134,2.2216716479091514e-06,-1,2.274568433482016,0.2657662687656317
Always Short Spread,2023,2023-12-27,2023-12-28,0.0018783542198409346,0.001881532113203729,3.1778933627944482e-06,-1,2.274568433482016,0.2657662687656317
Always Short Spread,2023,2023-12-28,2023-12-29,-0.00010373209782760901,0.0006329991005004469,0.0007367311983280559,-1,2.274568433482016,0.2657662687656317
Cash / No Trade,2023,2023-01-03,2023-01-04,-0.0,-0.0,0.0,0,2.274568433482016,0.2059014815990136
Cash / No Trade,2023,2023-01-04,2023-01-05,-0.0,-0.0,0.0,0,2.274568433482016,0.2059014815990136
Cash / No Trade,2023,2023-01-05,2023-01-06,0.0,0.0,0.0,0,2.274568433482016,0.2059014815990136
Cash / No Trade,2023,2023-01-06,2023-01-09,0.0,0.0,0.0,0,2.274568433482016,0.2059014815990136
Cash / No Trade,2023,2023-01-09,2023-01-10,-0.0,-0.0,0.0,0,2.274568433482016,0.2059014815990136
Cash / No Trade,2023,2023-01-10,2023-01-11,-0.0,-0.0,0.0,0,2.274568433482016,0.2059014815990136
Cash / No Trade,2023,2023-01-11,2023-01-12,0.0,0.0,0.0,0,2.274568433482016,0.2059014815990136
Cash / No Trade,2023,2023-01-12,2023-01-13,0.0,0.0,0.0,0,2.274568433482016,0.1187445535077025
Cash / No Trade,2023,2023-01-13,2023-01-17,0.0,0.0,0.0,0,2.274568433482016,0.1187445535077025
Cash / No Trade,2023,2023-01-17,2023-01-18,-0.0,-0.0,0.0,0,2.274568433482016,0.1187445535077025
Cash / No Trade,2023,2023-01-18,2023-01-19,0.0,0.0,0.0,0,2.274568433482016,0.1187445535077025
Cash / No Trade,2023,2023-01-19,2023-01-20,0.0,0.0,0.0,0,2.274568433482016,0.1187445535077025
Cash / No Trade,2023,2023-01-20,2023-01-23,-0.0,-0.0,0.0,0,2.274568433482016,0.1187445535077025
Cash / No Trade,2023,2023-01-23,2023-01-24,0.0,0.0,0.0,0,2.274568433482016,0.1187445535077025
Cash / No Trade,2023,2023-01-24,2023-01-25,0.0,0.0,0.0,0,2.274568433482016,0.1187445535077025
Cash / No Trade,2023,2023-01-25,2023-01-26,0.0,0.0,0.0,0,2.274568433482016,0.1187445535077025
Cash / No Trade,2023,2023-01-26,2023-01-27,-0.0,-0.0,0.0,0,2.274568433482016,0.1187445535077025
Cash / No Trade,2023,2023-01-27,2023-01-30,-0.0,-0.0,0.0,0,2.274568433482016,0.1187445535077025
Cash / No Trade,2023,2023-01-30,2023-01-31,0.0,0.0,0.0,0,2.274568433482016,0.1187445535077025
Cash / No Trade,2023,2023-01-31,2023-02-01,-0.0,-0.0,0.0,0,2.274568433482016,0.1187445535077025
Cash / No Trade,2023,2023-02-01,2023-02-02,0.0,0.0,0.0,0,2.274568433482016,0.1187445535077025
Cash / No Trade,2023,2023-02-02,2023-02-03,-0.0,-0.0,0.0,0,2.274568433482016,0.1187445535077025
Cash / No Trade,2023,2023-02-03,2023-02-06,-0.0,-0.0,0.0,0,2.274568433482016,0.1187445535077025
Cash / No Trade,2023,2023-02-06,2023-02-07,0.0,0.0,0.0,0,2.274568433482016,0.1187445535077025
Cash / No Trade,2023,2023-02-07,2023-02-08,0.0,0.0,0.0,0,2.274568433482016,0.1187445535077025
Cash / No Trade,2023,2023-02-08,2023-02-09,-0.0,-0.0,0.0,0,2.274568433482016,0.1187445535077025
Cash / No Trade,2023,2023-02-09,2023-02-10,0.0,0.0,0.0,0,2.274568433482016,0.1187445535077025
Cash / No Trade,2023,2023-02-10,2023-02-13,-0.0,-0.0,0.0,0,2.274568433482016,0.1187445535077025
Cash / No Trade,2023,2023-02-13,2023-02-14,-0.0,-0.0,0.0,0,2.274568433482016,0.1296173342763508
Cash / No Trade,2023,2023-02-14,2023-02-15,0.0,0.0,0.0,0,2.274568433482016,0.1296173342763508
Cash / No Trade,2023,2023-02-15,2023-02-16,0.0,0.0,0.0,0,2.274568433482016,0.1296173342763508
Cash / No Trade,2023,2023-02-16,2023-02-17,0.0,0.0,0.0,0,2.274568433482016,0.1296173342763508
Cash / No Trade,2023,2023-02-17,2023-02-21,0.0,0.0,0.0,0,2.274568433482016,0.1296173342763508
Cash / No Trade,2023,2023-02-21,2023-02-22,-0.0,-0.0,0.0,0,2.274568433482016,0.1296173342763508
Cash / No Trade,2023,2023-02-22,2023-02-23,-0.0,-0.0,0.0,0,2.274568433482016,0.1296173342763508
Cash / No Trade,2023,2023-02-23,2023-02-24,-0.0,-0.0,0.0,0,2.274568433482016,0.1296173342763508
Cash / No Trade,2023,2023-02-24,2023-02-27,-0.0,-0.0,0.0,0,2.274568433482016,0.1296173342763508
Cash / No Trade,2023,2023-02-27,2023-02-28,-0.0,-0.0,0.0,0,2.274568433482016,0.1296173342763508
Cash / No Trade,2023,2023-02-28,2023-03-01,0.0,0.0,0.0,0,2.274568433482016,0.1296173342763508
Cash / No Trade,2023,2023-03-01,2023-03-02,0.0,0.0,0.0,0,2.274568433482016,0.1296173342763508
Cash / No Trade,2023,2023-03-02,2023-03-03,-0.0,-0.0,0.0,0,2.274568433482016,0.1296173342763508
Cash / No Trade,2023,2023-03-03,2023-03-06,-0.0,-0.0,0.0,0,2.274568433482016,0.1296173342763508
Cash / No Trade,2023,2023-03-06,2023-03-07,-0.0,-0.0,0.0,0,2.274568433482016,0.1296173342763508
Cash / No Trade,2023,2023-03-07,2023-03-08,0.0,0.0,0.0,0,2.274568433482016,0.1296173342763508
Cash / No Trade,2023,2023-03-08,2023-03-09,-0.0,-0.0,0.0,0,2.274568433482016,0.1296173342763508
Cash / No Trade,2023,2023-03-09,2023-03-10,-0.0,-0.0,0.0,0,2.274568433482016,0.1296173342763508
Cash / No Trade,2023,2023-03-10,2023-03-13,-0.0,-0.0,0.0,0,2.274568433482016,0.1296173342763508
Cash / No Trade,2023,2023-03-13,2023-03-14,-0.0,-0.0,0.0,0,2.274568433482016,0.1296173342763508
Cash / No Trade,2023,2023-03-14,2023-03-15,0.0,0.0,0.0,0,2.274568433482016,0.1296173342763508
Cash / No Trade,2023,2023-03-15,2023-03-16,0.0,0.0,0.0,0,2.274568433482016,0.125326879430482
Cash / No Trade,2023,2023-03-16,2023-03-17,-0.0,-0.0,0.0,0,2.274568433482016,0.125326879430482
Cash / No Trade,2023,2023-03-17,2023-03-20,0.0,0.0,0.0,0,2.274568433482016,0.125326879430482
Cash / No Trade,2023,2023-03-20,2023-03-21,-0.0,-0.0,0.0,0,2.274568433482016,0.125326879430482
Cash / No Trade,2023,2023-03-21,2023-03-22,-0.0,-0.0,0.0,0,2.274568433482016,0.125326879430482
Cash / No Trade,2023,2023-03-22,2023-03-23,-0.0,-0.0,0.0,0,2.274568433482016,0.125326879430482
Cash / No Trade,2023,2023-03-23,2023-03-24,-0.0,-0.0,0.0,0,2.274568433482016,0.125326879430482
Cash / No Trade,2023,2023-03-24,2023-03-27,0.0,0.0,0.0,0,2.274568433482016,0.125326879430482
Cash / No Trade,2023,2023-03-27,2023-03-28,0.0,0.0,0.0,0,2.274568433482016,0.125326879430482
Cash / No Trade,2023,2023-03-28,2023-03-29,0.0,0.0,0.0,0,2.274568433482016,0.125326879430482
Cash / No Trade,2023,2023-03-29,2023-03-30,-0.0,-0.0,0.0,0,2.274568433482016,0.125326879430482
Cash / No Trade,2023,2023-03-30,2023-03-31,0.0,0.0,0.0,0,2.274568433482016,0.125326879430482
Cash / No Trade,2023,2023-03-31,2023-04-03,0.0,0.0,0.0,0,2.274568433482016,0.125326879430482
Cash / No Trade,2023,2023-04-03,2023-04-04,0.0,0.0,0.0,0,2.274568433482016,0.125326879430482
Cash / No Trade,2023,2023-04-04,2023-04-05,0.0,0.0,0.0,0,2.274568433482016,0.125326879430482
Cash / No Trade,2023,2023-04-05,2023-04-06,-0.0,-0.0,0.0,0,2.274568433482016,0.125326879430482
Cash / No Trade,2023,2023-04-06,2023-04-10,-0.0,-0.0,0.0,0,2.274568433482016,0.125326879430482
Cash / No Trade,2023,2023-04-10,2023-04-11,0.0,0.0,0.0,0,2.274568433482016,0.125326879430482
Cash / No Trade,2023,2023-04-11,2023-04-12,0.0,0.0,0.0,0,2.274568433482016,0.125326879430482
Cash / No Trade,2023,2023-04-12,2023-04-13,-0.0,-0.0,0.0,0,2.274568433482016,0.125326879430482
Cash / No Trade,2023,2023-04-13,2023-04-14,0.0,0.0,0.0,0,2.274568433482016,0.125326879430482
Cash / No Trade,2023,2023-04-14,2023-04-17,0.0,0.0,0.0,0,2.274568433482016,0.1065340881337931
Cash / No Trade,2023,2023-04-17,2023-04-18,0.0,0.0,0.0,0,2.274568433482016,0.1065340881337931
Cash / No Trade,2023,2023-04-18,2023-04-19,-0.0,-0.0,0.0,0,2.274568433482016,0.1065340881337931
Cash / No Trade,2023,2023-04-19,2023-04-20,-0.0,-0.0,0.0,0,2.274568433482016,0.1065340881337931
Cash / No Trade,2023,2023-04-20,2023-04-21,-0.0,-0.0,0.0,0,2.274568433482016,0.1065340881337931
Cash / No Trade,2023,2023-04-21,2023-04-24,-0.0,-0.0,0.0,0,2.274568433482016,0.1065340881337931
Cash / No Trade,2023,2023-04-24,2023-04-25,-0.0,-0.0,0.0,0,2.274568433482016,0.1065340881337931
Cash / No Trade,2023,2023-04-25,2023-04-26,-0.0,-0.0,0.0,0,2.274568433482016,0.1065340881337931
Cash / No Trade,2023,2023-04-26,2023-04-27,-0.0,-0.0,0.0,0,2.274568433482016,0.1065340881337931
Cash / No Trade,2023,2023-04-27,2023-04-28,0.0,0.0,0.0,0,2.274568433482016,0.1065340881337931
Cash / No Trade,2023,2023-04-28,2023-05-01,0.0,0.0,0.0,0,2.274568433482016,0.1065340881337931
Cash / No Trade,2023,2023-05-01,2023-05-02,-0.0,-0.0,0.0,0,2.274568433482016,0.1065340881337931
Cash / No Trade,2023,2023-05-02,2023-05-03,0.0,0.0,0.0,0,2.274568433482016,0.1065340881337931
Cash / No Trade,2023,2023-05-03,2023-05-04,0.0,0.0,0.0,0,2.274568433482016,0.1065340881337931
Cash / No Trade,2023,2023-05-04,2023-05-05,0.0,0.0,0.0,0,2.274568433482016,0.1065340881337931
Cash / No Trade,2023,2023-05-05,2023-05-08,0.0,0.0,0.0,0,2.274568433482016,0.1065340881337931
Cash / No Trade,2023,2023-05-08,2023-05-09,-0.0,-0.0,0.0,0,2.274568433482016,0.1065340881337931
Cash / No Trade,2023,2023-05-09,2023-05-10,-0.0,-0.0,0.0,0,2.274568433482016,0.1065340881337931
Cash / No Trade,2023,2023-05-10,2023-05-11,-0.0,-0.0,0.0,0,2.274568433482016,0.1065340881337931
Cash / No Trade,2023,2023-05-11,2023-05-12,-0.0,-0.0,0.0,0,2.274568433482016,0.1065340881337931
Cash / No Trade,2023,2023-05-12,2023-05-15,-0.0,-0.0,0.0,0,2.274568433482016,0.1065340881337931
Cash / No Trade,2023,2023-05-15,2023-05-16,-0.0,-0.0,0.0,0,2.274568433482016,0.1855371589452258
Cash / No Trade,2023,2023-05-16,2023-05-17,-0.0,-0.0,0.0,0,2.274568433482016,0.1855371589452258
Cash / No Trade,2023,2023-05-17,2023-05-18,0.0,0.0,0.0,0,2.274568433482016,0.1855371589452258
Cash / No Trade,2023,2023-05-18,2023-05-19,-0.0,-0.0,0.0,0,2.274568433482016,0.1855371589452258
Cash / No Trade,2023,2023-05-19,2023-05-22,0.0,0.0,0.0,0,2.274568433482016,0.1855371589452258
Cash / No Trade,2023,2023-05-22,2023-05-23,-0.0,-0.0,0.0,0,2.274568433482016,0.1855371589452258
Cash / No Trade,2023,2023-05-23,2023-05-24,0.0,0.0,0.0,0,2.274568433482016,0.1855371589452258
Cash / No Trade,2023,2023-05-24,2023-05-25,0.0,0.0,0.0,0,2.274568433482016,0.1855371589452258
Cash / No Trade,2023,2023-05-25,2023-05-26,0.0,0.0,0.0,0,2.274568433482016,0.1855371589452258
Cash / No Trade,2023,2023-05-26,2023-05-30,-0.0,-0.0,0.0,0,2.274568433482016,0.1855371589452258
Cash / No Trade,2023,2023-05-30,2023-05-31,0.0,0.0,0.0,0,2.274568433482016,0.1855371589452258
Cash / No Trade,2023,2023-05-31,2023-06-01,0.0,0.0,0.0,0,2.274568433482016,0.1855371589452258
Cash / No Trade,2023,2023-06-01,2023-06-02,0.0,0.0,0.0,0,2.274568433482016,0.1855371589452258
Cash / No Trade,2023,2023-06-02,2023-06-05,-0.0,-0.0,0.0,0,2.274568433482016,0.1855371589452258
Cash / No Trade,2023,2023-06-05,2023-06-06,0.0,0.0,0.0,0,2.274568433482016,0.1855371589452258
Cash / No Trade,2023,2023-06-06,2023-06-07,-0.0,-0.0,0.0,0,2.274568433482016,0.1855371589452258
Cash / No Trade,2023,2023-06-07,2023-06-08,0.0,0.0,0.0,0,2.274568433482016,0.1855371589452258
Cash / No Trade,2023,2023-06-08,2023-06-09,0.0,0.0,0.0,0,2.274568433482016,0.1855371589452258
Cash / No Trade,2023,2023-06-09,2023-06-12,-0.0,-0.0,0.0,0,2.274568433482016,0.1855371589452258
Cash / No Trade,2023,2023-06-12,2023-06-13,0.0,0.0,0.0,0,2.274568433482016,0.1855371589452258
Cash / No Trade,2023,2023-06-13,2023-06-14,0.0,0.0,0.0,0,2.274568433482016,0.1855371589452258
Cash / No Trade,2023,2023-06-14,2023-06-15,0.0,0.0,0.0,0,2.274568433482016,0.3389006247409644
Cash / No Trade,2023,2023-06-15,2023-06-16,-0.0,-0.0,0.0,0,2.274568433482016,0.3389006247409644
Cash / No Trade,2023,2023-06-16,2023-06-20,0.0,0.0,0.0,0,2.274568433482016,0.3389006247409644
Cash / No Trade,2023,2023-06-20,2023-06-21,-0.0,-0.0,0.0,0,2.274568433482016,0.3389006247409644
Cash / No Trade,2023,2023-06-21,2023-06-22,0.0,0.0,0.0,0,2.274568433482016,0.3389006247409644
Cash / No Trade,2023,2023-06-22,2023-06-23,0.0,0.0,0.0,0,2.274568433482016,0.3389006247409644
Cash / No Trade,2023,2023-06-23,2023-06-26,0.0,0.0,0.0,0,2.274568433482016,0.3389006247409644
Cash / No Trade,2023,2023-06-26,2023-06-27,-0.0,-0.0,0.0,0,2.274568433482016,0.3389006247409644
Cash / No Trade,2023,2023-06-27,2023-06-28,-0.0,-0.0,0.0,0,2.274568433482016,0.3389006247409644
Cash / No Trade,2023,2023-06-28,2023-06-29,0.0,0.0,0.0,0,2.274568433482016,0.3389006247409644
Cash / No Trade,2023,2023-06-29,2023-06-30,0.0,0.0,0.0,0,2.274568433482016,0.3389006247409644
Cash / No Trade,2023,2023-06-30,2023-07-03,0.0,0.0,0.0,0,2.274568433482016,0.3389006247409644
Cash / No Trade,2023,2023-07-03,2023-07-05,-0.0,-0.0,0.0,0,2.274568433482016,0.3389006247409644
Cash / No Trade,2023,2023-07-05,2023-07-06,-0.0,-0.0,0.0,0,2.274568433482016,0.3389006247409644
Cash / No Trade,2023,2023-07-06,2023-07-07,-0.0,-0.0,0.0,0,2.274568433482016,0.3389006247409644
Cash / No Trade,2023,2023-07-07,2023-07-10,0.0,0.0,0.0,0,2.274568433482016,0.3389006247409644
Cash / No Trade,2023,2023-07-10,2023-07-11,-0.0,-0.0,0.0,0,2.274568433482016,0.3389006247409644
Cash / No Trade,2023,2023-07-11,2023-07-12,-0.0,-0.0,0.0,0,2.274568433482016,0.3389006247409644
Cash / No Trade,2023,2023-07-12,2023-07-13,0.0,0.0,0.0,0,2.274568433482016,0.3389006247409644
Cash / No Trade,2023,2023-07-13,2023-07-14,-0.0,-0.0,0.0,0,2.274568433482016,0.3389006247409644
Cash / No Trade,2023,2023-07-14,2023-07-17,-0.0,-0.0,0.0,0,2.274568433482016,0.3389006247409644
Cash / No Trade,2023,2023-07-17,2023-07-18,-0.0,-0.0,0.0,0,2.274568433482016,0.2529929707118663
Cash / No Trade,2023,2023-07-18,2023-07-19,-0.0,-0.0,0.0,0,2.274568433482016,0.2529929707118663
Cash / No Trade,2023,2023-07-19,2023-07-20,0.0,0.0,0.0,0,2.274568433482016,0.2529929707118663
Cash / No Trade,2023,2023-07-20,2023-07-21,0.0,0.0,0.0,0,2.274568433482016,0.2529929707118663
Cash / No Trade,2023,2023-07-21,2023-07-24,0.0,0.0,0.0,0,2.274568433482016,0.2529929707118663
Cash / No Trade,2023,2023-07-24,2023-07-25,-0.0,-0.0,0.0,0,2.274568433482016,0.2529929707118663
Cash / No Trade,2023,2023-07-25,2023-07-26,0.0,0.0,0.0,0,2.274568433482016,0.2529929707118663
Cash / No Trade,2023,2023-07-26,2023-07-27,-0.0,-0.0,0.0,0,2.274568433482016,0.2529929707118663
Cash / No Trade,2023,2023-07-27,2023-07-28,-0.0,-0.0,0.0,0,2.274568433482016,0.2529929707118663
Cash / No Trade,2023,2023-07-28,2023-07-31,-0.0,-0.0,0.0,0,2.274568433482016,0.2529929707118663
Cash / No Trade,2023,2023-07-31,2023-08-01,-0.0,-0.0,0.0,0,2.274568433482016,0.2529929707118663
Cash / No Trade,2023,2023-08-01,2023-08-02,-0.0,-0.0,0.0,0,2.274568433482016,0.2529929707118663
Cash / No Trade,2023,2023-08-02,2023-08-03,-0.0,-0.0,0.0,0,2.274568433482016,0.2529929707118663
Cash / No Trade,2023,2023-08-03,2023-08-04,0.0,0.0,0.0,0,2.274568433482016,0.2529929707118663
Cash / No Trade,2023,2023-08-04,2023-08-07,-0.0,-0.0,0.0,0,2.274568433482016,0.2529929707118663
Cash / No Trade,2023,2023-08-07,2023-08-08,0.0,0.0,0.0,0,2.274568433482016,0.2529929707118663
Cash / No Trade,2023,2023-08-08,2023-08-09,0.0,0.0,0.0,0,2.274568433482016,0.2529929707118663
Cash / No Trade,2023,2023-08-09,2023-08-10,-0.0,-0.0,0.0,0,2.274568433482016,0.2529929707118663
Cash / No Trade,2023,2023-08-10,2023-08-11,-0.0,-0.0,0.0,0,2.274568433482016,0.2529929707118663
Cash / No Trade,2023,2023-08-11,2023-08-14,-0.0,-0.0,0.0,0,2.274568433482016,0.2529929707118663
Cash / No Trade,2023,2023-08-14,2023-08-15,0.0,0.0,0.0,0,2.274568433482016,0.2529929707118663
Cash / No Trade,2023,2023-08-15,2023-08-16,0.0,0.0,0.0,0,2.274568433482016,0.3424358652773633
Cash / No Trade,2023,2023-08-16,2023-08-17,0.0,0.0,0.0,0,2.274568433482016,0.3424358652773633
Cash / No Trade,2023,2023-08-17,2023-08-18,0.0,0.0,0.0,0,2.274568433482016,0.3424358652773633
Cash / No Trade,2023,2023-08-18,2023-08-21,-0.0,-0.0,0.0,0,2.274568433482016,0.3424358652773633
Cash / No Trade,2023,2023-08-21,2023-08-22,-0.0,-0.0,0.0,0,2.274568433482016,0.3424358652773633
Cash / No Trade,2023,2023-08-22,2023-08-23,-0.0,-0.0,0.0,0,2.274568433482016,0.3424358652773633
Cash / No Trade,2023,2023-08-23,2023-08-24,-0.0,-0.0,0.0,0,2.274568433482016,0.3424358652773633
Cash / No Trade,2023,2023-08-24,2023-08-25,0.0,0.0,0.0,0,2.274568433482016,0.3424358652773633
Cash / No Trade,2023,2023-08-25,2023-08-28,0.0,0.0,0.0,0,2.274568433482016,0.3424358652773633
Cash / No Trade,2023,2023-08-28,2023-08-29,-0.0,-0.0,0.0,0,2.274568433482016,0.3424358652773633
Cash / No Trade,2023,2023-08-29,2023-08-30,-0.0,-0.0,0.0,0,2.274568433482016,0.3424358652773633
Cash / No Trade,2023,2023-08-30,2023-08-31,-0.0,-0.0,0.0,0,2.274568433482016,0.3424358652773633
Cash / No Trade,2023,2023-08-31,2023-09-01,0.0,0.0,0.0,0,2.274568433482016,0.3424358652773633
Cash / No Trade,2023,2023-09-01,2023-09-05,0.0,0.0,0.0,0,2.274568433482016,0.3424358652773633
Cash / No Trade,2023,2023-09-05,2023-09-06,0.0,0.0,0.0,0,2.274568433482016,0.3424358652773633
Cash / No Trade,2023,2023-09-06,2023-09-07,-0.0,-0.0,0.0,0,2.274568433482016,0.3424358652773633
Cash / No Trade,2023,2023-09-07,2023-09-08,-0.0,-0.0,0.0,0,2.274568433482016,0.3424358652773633
Cash / No Trade,2023,2023-09-08,2023-09-11,0.0,0.0,0.0,0,2.274568433482016,0.3424358652773633
Cash / No Trade,2023,2023-09-11,2023-09-12,-0.0,-0.0,0.0,0,2.274568433482016,0.3424358652773633
Cash / No Trade,2023,2023-09-12,2023-09-13,0.0,0.0,0.0,0,2.274568433482016,0.3424358652773633
Cash / No Trade,2023,2023-09-13,2023-09-14,0.0,0.0,0.0,0,2.274568433482016,0.3424358652773633
Cash / No Trade,2023,2023-09-14,2023-09-15,0.0,0.0,0.0,0,2.274568433482016,0.3052202727857716
Cash / No Trade,2023,2023-09-15,2023-09-18,-0.0,-0.0,0.0,0,2.274568433482016,0.3052202727857716
Cash / No Trade,2023,2023-09-18,2023-09-19,-0.0,-0.0,0.0,0,2.274568433482016,0.3052202727857716
Cash / No Trade,2023,2023-09-19,2023-09-20,-0.0,-0.0,0.0,0,2.274568433482016,0.3052202727857716
Cash / No Trade,2023,2023-09-20,2023-09-21,-0.0,-0.0,0.0,0,2.274568433482016,0.3052202727857716
Cash / No Trade,2023,2023-09-21,2023-09-22,0.0,0.0,0.0,0,2.274568433482016,0.3052202727857716
Cash / No Trade,2023,2023-09-22,2023-09-25,-0.0,-0.0,0.0,0,2.274568433482016,0.3052202727857716
Cash / No Trade,2023,2023-09-25,2023-09-26,0.0,0.0,0.0,0,2.274568433482016,0.3052202727857716
Cash / No Trade,2023,2023-09-26,2023-09-27,0.0,0.0,0.0,0,2.274568433482016,0.3052202727857716
Cash / No Trade,2023,2023-09-27,2023-09-28,-0.0,-0.0,0.0,0,2.274568433482016,0.3052202727857716
Cash / No Trade,2023,2023-09-28,2023-09-29,0.0,0.0,0.0,0,2.274568433482016,0.3052202727857716
Cash / No Trade,2023,2023-09-29,2023-10-02,0.0,0.0,0.0,0,2.274568433482016,0.3052202727857716
Cash / No Trade,2023,2023-10-02,2023-10-03,0.0,0.0,0.0,0,2.274568433482016,0.3052202727857716
Cash / No Trade,2023,2023-10-03,2023-10-04,-0.0,-0.0,0.0,0,2.274568433482016,0.3052202727857716
Cash / No Trade,2023,2023-10-04,2023-10-05,-0.0,-0.0,0.0,0,2.274568433482016,0.3052202727857716
Cash / No Trade,2023,2023-10-05,2023-10-06,0.0,0.0,0.0,0,2.274568433482016,0.3052202727857716
Cash / No Trade,2023,2023-10-06,2023-10-09,-0.0,-0.0,0.0,0,2.274568433482016,0.3052202727857716
Cash / No Trade,2023,2023-10-09,2023-10-10,0.0,0.0,0.0,0,2.274568433482016,0.3052202727857716
Cash / No Trade,2023,2023-10-10,2023-10-11,-0.0,-0.0,0.0,0,2.274568433482016,0.3052202727857716
Cash / No Trade,2023,2023-10-11,2023-10-12,0.0,0.0,0.0,0,2.274568433482016,0.3052202727857716
Cash / No Trade,2023,2023-10-12,2023-10-13,-0.0,-0.0,0.0,0,2.274568433482016,0.3052202727857716
Cash / No Trade,2023,2023-10-13,2023-10-16,-0.0,-0.0,0.0,0,2.274568433482016,0.189579778661578
Cash / No Trade,2023,2023-10-16,2023-10-17,-0.0,-0.0,0.0,0,2.274568433482016,0.189579778661578
Cash / No Trade,2023,2023-10-17,2023-10-18,-0.0,-0.0,0.0,0,2.274568433482016,0.189579778661578
Cash / No Trade,2023,2023-10-18,2023-10-19,-0.0,-0.0,0.0,0,2.274568433482016,0.189579778661578
Cash / No Trade,2023,2023-10-19,2023-10-20,-0.0,-0.0,0.0,0,2.274568433482016,0.189579778661578
Cash / No Trade,2023,2023-10-20,2023-10-23,-0.0,-0.0,0.0,0,2.274568433482016,0.189579778661578
Cash / No Trade,2023,2023-10-23,2023-10-24,-0.0,-0.0,0.0,0,2.274568433482016,0.189579778661578
Cash / No Trade,2023,2023-10-24,2023-10-25,0.0,0.0,0.0,0,2.274568433482016,0.189579778661578
Cash / No Trade,2023,2023-10-25,2023-10-26,-0.0,-0.0,0.0,0,2.274568433482016,0.189579778661578
Cash / No Trade,2023,2023-10-26,2023-10-27,-0.0,-0.0,0.0,0,2.274568433482016,0.189579778661578
Cash / No Trade,2023,2023-10-27,2023-10-30,0.0,0.0,0.0,0,2.274568433482016,0.189579778661578
Cash / No Trade,2023,2023-10-30,2023-10-31,-0.0,-0.0,0.0,0,2.274568433482016,0.189579778661578
Cash / No Trade,2023,2023-10-31,2023-11-01,0.0,0.0,0.0,0,2.274568433482016,0.189579778661578
Cash / No Trade,2023,2023-11-01,2023-11-02,0.0,0.0,0.0,0,2.274568433482016,0.189579778661578
Cash / No Trade,2023,2023-11-02,2023-11-03,-0.0,-0.0,0.0,0,2.274568433482016,0.189579778661578
Cash / No Trade,2023,2023-11-03,2023-11-06,0.0,0.0,0.0,0,2.274568433482016,0.189579778661578
Cash / No Trade,2023,2023-11-06,2023-11-07,-0.0,-0.0,0.0,0,2.274568433482016,0.189579778661578
Cash / No Trade,2023,2023-11-07,2023-11-08,-0.0,-0.0,0.0,0,2.274568433482016,0.189579778661578
Cash / No Trade,2023,2023-11-08,2023-11-09,-0.0,-0.0,0.0,0,2.274568433482016,0.189579778661578
Cash / No Trade,2023,2023-11-09,2023-11-10,0.0,0.0,0.0,0,2.274568433482016,0.189579778661578
Cash / No Trade,2023,2023-11-10,2023-11-13,0.0,0.0,0.0,0,2.274568433482016,0.189579778661578
Cash / No Trade,2023,2023-11-13,2023-11-14,-0.0,-0.0,0.0,0,2.274568433482016,0.1361533014544415
Cash / No Trade,2023,2023-11-14,2023-11-15,0.0,0.0,0.0,0,2.274568433482016,0.1361533014544415
Cash / No Trade,2023,2023-11-15,2023-11-16,-0.0,-0.0,0.0,0,2.274568433482016,0.1361533014544415
Cash / No Trade,2023,2023-11-16,2023-11-17,-0.0,-0.0,0.0,0,2.274568433482016,0.1361533014544415
Cash / No Trade,2023,2023-11-17,2023-11-20,0.0,0.0,0.0,0,2.274568433482016,0.1361533014544415
Cash / No Trade,2023,2023-11-20,2023-11-21,0.0,0.0,0.0,0,2.274568433482016,0.1361533014544415
Cash / No Trade,2023,2023-11-21,2023-11-22,-0.0,-0.0,0.0,0,2.274568433482016,0.1361533014544415
Cash / No Trade,2023,2023-11-22,2023-11-24,-0.0,-0.0,0.0,0,2.274568433482016,0.1361533014544415
Cash / No Trade,2023,2023-11-24,2023-11-27,-0.0,-0.0,0.0,0,2.274568433482016,0.1361533014544415
Cash / No Trade,2023,2023-11-27,2023-11-28,0.0,0.0,0.0,0,2.274568433482016,0.1361533014544415
Cash / No Trade,2023,2023-11-28,2023-11-29,0.0,0.0,0.0,0,2.274568433482016,0.1361533014544415
Cash / No Trade,2023,2023-11-29,2023-11-30,-0.0,-0.0,0.0,0,2.274568433482016,0.1361533014544415
Cash / No Trade,2023,2023-11-30,2023-12-01,0.0,0.0,0.0,0,2.274568433482016,0.1361533014544415
Cash / No Trade,2023,2023-12-01,2023-12-04,-0.0,-0.0,0.0,0,2.274568433482016,0.1361533014544415
Cash / No Trade,2023,2023-12-04,2023-12-05,-0.0,-0.0,0.0,0,2.274568433482016,0.1361533014544415
Cash / No Trade,2023,2023-12-05,2023-12-06,0.0,0.0,0.0,0,2.274568433482016,0.1361533014544415
Cash / No Trade,2023,2023-12-06,2023-12-07,0.0,0.0,0.0,0,2.274568433482016,0.1361533014544415
Cash / No Trade,2023,2023-12-07,2023-12-08,-0.0,-0.0,0.0,0,2.274568433482016,0.1361533014544415
Cash / No Trade,2023,2023-12-08,2023-12-11,0.0,0.0,0.0,0,2.274568433482016,0.1361533014544415
Cash / No Trade,2023,2023-12-11,2023-12-12,-0.0,-0.0,0.0,0,2.274568433482016,0.1361533014544415
Cash / No Trade,2023,2023-12-12,2023-12-13,-0.0,-0.0,0.0,0,2.274568433482016,0.1361533014544415
Cash / No Trade,2023,2023-12-13,2023-12-14,0.0,0.0,0.0,0,2.274568433482016,0.2657662687656317
Cash / No Trade,2023,2023-12-14,2023-12-15,0.0,0.0,0.0,0,2.274568433482016,0.2657662687656317
Cash / No Trade,2023,2023-12-15,2023-12-18,0.0,0.0,0.0,0,2.274568433482016,0.2657662687656317
Cash / No Trade,2023,2023-12-18,2023-12-19,-0.0,-0.0,0.0,0,2.274568433482016,0.2657662687656317
Cash / No Trade,2023,2023-12-19,2023-12-20,0.0,0.0,0.0,0,2.274568433482016,0.2657662687656317
Cash / No Trade,2023,2023-12-20,2023-12-21,-0.0,-0.0,0.0,0,2.274568433482016,0.2657662687656317
Cash / No Trade,2023,2023-12-21,2023-12-22,-0.0,-0.0,0.0,0,2.274568433482016,0.2657662687656317
Cash / No Trade,2023,2023-12-22,2023-12-26,0.0,0.0,0.0,0,2.274568433482016,0.2657662687656317
Cash / No Trade,2023,2023-12-26,2023-12-27,0.0,0.0,0.0,0,2.274568433482016,0.2657662687656317
Cash / No Trade,2023,2023-12-27,2023-12-28,-0.0,-0.0,0.0,0,2.274568433482016,0.2657662687656317
Cash / No Trade,2023,2023-12-28,2023-12-29,-0.0,-0.0,0.0,0,2.274568433482016,0.2657662687656317
Z-score Rule,2024,2024-01-02,2024-01-03,-0.0,-0.0,0.0,0,2.2742680580493926,0.2657662687656317
Z-score Rule,2024,2024-01-03,2024-01-04,-0.0,-0.0,0.0,0,2.2742680580493926,0.2657662687656317
Z-score Rule,2024,2024-01-04,2024-01-05,0.0,0.0,0.0,0,2.2742680580493926,0.2657662687656317
Z-score Rule,2024,2024-01-05,2024-01-08,-0.0,-0.0,0.0,0,2.2742680580493926,0.2657662687656317
Z-score Rule,2024,2024-01-08,2024-01-09,0.0,0.0,0.0,0,2.2742680580493926,0.2657662687656317
Z-score Rule,2024,2024-01-09,2024-01-10,-0.0,-0.0,0.0,0,2.2742680580493926,0.2657662687656317
Z-score Rule,2024,2024-01-10,2024-01-11,0.0,0.0,0.0,0,2.2742680580493926,0.2657662687656317
Z-score Rule,2024,2024-01-11,2024-01-12,-0.0,-0.0,0.0,0,2.2742680580493926,0.2657662687656317
Z-score Rule,2024,2024-01-12,2024-01-16,-0.0,-0.0,0.0,0,2.2742680580493926,0.2657662687656317
Z-score Rule,2024,2024-01-16,2024-01-17,-0.0,-0.0,0.0,0,2.2742680580493926,0.2153900267928158
Z-score Rule,2024,2024-01-17,2024-01-18,0.0,0.0,0.0,0,2.2742680580493926,0.2153900267928158
Z-score Rule,2024,2024-01-18,2024-01-19,0.0,0.0,0.0,0,2.2742680580493926,0.2153900267928158
Z-score Rule,2024,2024-01-19,2024-01-22,0.0,0.0,0.0,0,2.2742680580493926,0.2153900267928158
Z-score Rule,2024,2024-01-22,2024-01-23,0.0,0.0,0.0,0,2.2742680580493926,0.2153900267928158
Z-score Rule,2024,2024-01-23,2024-01-24,-0.0,-0.0,0.0,0,2.2742680580493926,0.2153900267928158
Z-score Rule,2024,2024-01-24,2024-01-25,-0.0,-0.0,0.0,0,2.2742680580493926,0.2153900267928158
Z-score Rule,2024,2024-01-25,2024-01-26,-0.0,-0.0,0.0,0,2.2742680580493926,0.2153900267928158
Z-score Rule,2024,2024-01-26,2024-01-29,-0.0,-0.0,0.0,0,2.2742680580493926,0.2153900267928158
Z-score Rule,2024,2024-01-29,2024-01-30,0.0,0.0,0.0,0,2.2742680580493926,0.2153900267928158
Z-score Rule,2024,2024-01-30,2024-01-31,-0.0,-0.0,0.0,0,2.2742680580493926,0.2153900267928158
Z-score Rule,2024,2024-01-31,2024-02-01,-0.0,-0.0,0.0,0,2.2742680580493926,0.2153900267928158
Z-score Rule,2024,2024-02-01,2024-02-02,-0.0,-0.0,0.0,0,2.2742680580493926,0.2153900267928158
Z-score Rule,2024,2024-02-02,2024-02-05,0.0,0.0,0.0,0,2.2742680580493926,0.2153900267928158
Z-score Rule,2024,2024-02-05,2024-02-06,0.0,0.0,0.0,0,2.2742680580493926,0.2153900267928158
Z-score Rule,2024,2024-02-06,2024-02-07,-0.0,-0.0,0.0,0,2.2742680580493926,0.2153900267928158
Z-score Rule,2024,2024-02-07,2024-02-08,0.0,0.0,0.0,0,2.2742680580493926,0.2153900267928158
Z-score Rule,2024,2024-02-08,2024-02-09,-0.0,-0.0,0.0,0,2.2742680580493926,0.2153900267928158
Z-score Rule,2024,2024-02-09,2024-02-12,0.0,0.0,0.0,0,2.2742680580493926,0.2153900267928158
Z-score Rule,2024,2024-02-12,2024-02-13,-0.0,-0.0,0.0,0,2.2742680580493926,0.2153900267928158
Z-score Rule,2024,2024-02-13,2024-02-14,-0.0,-0.0,0.0,0,2.2742680580493926,0.2153900267928158
Z-score Rule,2024,2024-02-14,2024-02-15,-0.0,-0.0,0.0,0,2.2742680580493926,0.1450380990458977
Z-score Rule,2024,2024-02-15,2024-02-16,0.0,0.0,0.0,0,2.2742680580493926,0.1450380990458977
Z-score Rule,2024,2024-02-16,2024-02-20,0.0,0.0,0.0,0,2.2742680580493926,0.1450380990458977
Z-score Rule,2024,2024-02-20,2024-02-21,-0.0,-0.0,0.0,0,2.2742680580493926,0.1450380990458977
Z-score Rule,2024,2024-02-21,2024-02-22,-0.0,-0.0,0.0,0,2.2742680580493926,0.1450380990458977
Z-score Rule,2024,2024-02-22,2024-02-23,-0.0,-0.0,0.0,0,2.2742680580493926,0.1450380990458977
Z-score Rule,2024,2024-02-23,2024-02-26,-0.0,-0.0,0.0,0,2.2742680580493926,0.1450380990458977
Z-score Rule,2024,2024-02-26,2024-02-27,0.0,0.0,0.0,0,2.2742680580493926,0.1450380990458977
Z-score Rule,2024,2024-02-27,2024-02-28,-0.0,-0.0,0.0,0,2.2742680580493926,0.1450380990458977
Z-score Rule,2024,2024-02-28,2024-02-29,-0.0,-0.0,0.0,0,2.2742680580493926,0.1450380990458977
Z-score Rule,2024,2024-02-29,2024-03-01,0.0,0.0,0.0,0,2.2742680580493926,0.1450380990458977
Z-score Rule,2024,2024-03-01,2024-03-04,0.0,0.0,0.0,0,2.2742680580493926,0.1450380990458977
Z-score Rule,2024,2024-03-04,2024-03-05,0.0,0.0,0.0,0,2.2742680580493926,0.1450380990458977
Z-score Rule,2024,2024-03-05,2024-03-06,-0.0,-0.0,0.0,0,2.2742680580493926,0.1450380990458977
Z-score Rule,2024,2024-03-06,2024-03-07,0.0,0.0,0.0,0,2.2742680580493926,0.1450380990458977
Z-score Rule,2024,2024-03-07,2024-03-08,0.0,0.0,0.0,0,2.2742680580493926,0.1450380990458977
Z-score Rule,2024,2024-03-08,2024-03-11,-0.0020084928930065573,-0.00126713669724934,0.0007413561957572176,-1,2.2742680580493926,0.1450380990458977
Z-score Rule,2024,2024-03-11,2024-03-12,-0.019247926641178126,-0.01924732892394952,5.977172286081301e-07,-1,2.2742680580493926,0.1450380990458977
Z-score Rule,2024,2024-03-12,2024-03-13,-0.0038552073088042537,-0.003854606087978791,6.012208254626838e-07,-1,2.2742680580493926,0.1450380990458977
Z-score Rule,2024,2024-03-13,2024-03-14,0.004029293185819473,0.004030343526920313,1.0503411008400133e-06,-1,2.2742680580493926,0.1450380990458977
Z-score Rule,2024,2024-03-14,2024-03-15,-0.01255877714738108,-0.01255825838332496,5.187640561193086e-07,-1,2.2742680580493926,0.1450380990458977
Z-score Rule,2024,2024-03-15,2024-03-18,0.004790486871092471,0.004791618372229974,1.1315011375036266e-06,-1,2.2742680580493926,0.3029973246259943
Z-score Rule,2024,2024-03-18,2024-03-19,0.004750913659107154,0.004751895736094651,9.820769874968606e-07,-1,2.2742680580493926,0.3029973246259943
Z-score Rule,2024,2024-03-19,2024-03-20,-0.007992769730301235,-0.007992031313046157,7.384172550772561e-07,-1,2.2742680580493926,0.3029973246259943
Z-score Rule,2024,2024-03-20,2024-03-21,0.0004086592530844588,0.0004095613189556741,9.020658712153295e-07,-1,2.2742680580493926,0.3029973246259943
Z-score Rule,2024,2024-03-21,2024-03-22,0.009061860795082404,0.009062739400909313,8.786058269091013e-07,-1,2.2742680580493926,0.3029973246259943
Z-score Rule,2024,2024-03-22,2024-03-25,-0.010358848475391518,-0.01035868401976778,1.644556237393735e-07,-1,2.2742680580493926,0.3029973246259943
Z-score Rule,2024,2024-03-25,2024-03-26,0.005893647957675853,0.005893819036842182,1.7107916632888575e-07,-1,2.2742680580493926,0.3029973246259943
Z-score Rule,2024,2024-03-26,2024-03-27,0.004327591696065394,0.004327831975924719,2.402798593250932e-07,-1,2.2742680580493926,0.3029973246259943
Z-score Rule,2024,2024-03-27,2024-03-28,-0.0009680834756013215,-0.0009679962665668314,8.720903449010997e-08,-1,2.2742680580493926,0.3029973246259943
Z-score Rule,2024,2024-03-28,2024-04-01,-0.0011857370950568039,-0.001185598125912124,1.3896914467986798e-07,-1,2.2742680580493926,0.3029973246259943
Z-score Rule,2024,2024-04-01,2024-04-02,0.0027169564202536643,0.002717071436548774,1.1501629510959898e-07,-1,2.2742680580493926,0.3029973246259943
Z-score Rule,2024,2024-04-02,2024-04-03,-0.000734888888589159,0.0,0.000734888888589159,0,2.2742680580493926,0.3029973246259943
Z-score Rule,2024,2024-04-03,2024-04-04,-0.0,-0.0,0.0,0,2.2742680580493926,0.3029973246259943
Z-score Rule,2024,2024-04-04,2024-04-05,0.0,0.0,0.0,0,2.2742680580493926,0.3029973246259943
Z-score Rule,2024,2024-04-05,2024-04-08,-0.0,-0.0,0.0,0,2.2742680580493926,0.3029973246259943
Z-score Rule,2024,2024-04-08,2024-04-09,-0.0,-0.0,0.0,0,2.2742680580493926,0.3029973246259943
Z-score Rule,2024,2024-04-09,2024-04-10,-0.002496437207906686,-0.001763427497721955,0.000733009710184731,1,2.2742680580493926,0.3029973246259943
Z-score Rule,2024,2024-04-10,2024-04-11,-0.011301022959165878,-0.01130084542109449,1.775380713881225e-07,1,2.2742680580493926,0.3029973246259943
Z-score Rule,2024,2024-04-11,2024-04-12,0.0005813301070130952,0.0005815003858730232,1.702788599279026e-07,1,2.2742680580493926,0.3029973246259943
Z-score Rule,2024,2024-04-12,2024-04-15,-0.005448385943449292,-0.005448216855900611,1.6908754868069642e-07,1,2.2742680580493926,0.3029973246259943
Z-score Rule,2024,2024-04-15,2024-04-16,-0.007062108573124604,-0.007061332409559028,7.761635655757216e-07,1,2.2742680580493926,0.3029973246259943
Z-score Rule,2024,2024-04-16,2024-04-17,-0.0008261344739738649,-0.000824816317661954,1.3181563119109009e-06,1,2.2742680580493926,0.1535002063270075
Z-score Rule,2024,2024-04-17,2024-04-18,-0.012376423058767516,-0.01237465862630678,1.7644324607376528e-06,1,2.2742680580493926,0.1535002063270075
Z-score Rule,2024,2024-04-18,2024-04-19,0.006224424447121545,0.006226535387505861,2.1109403843157793e-06,1,2.2742680580493926,0.1535002063270075
Z-score Rule,2024,2024-04-19,2024-04-22,0.00824159835473337,0.008243661476255052,2.0631215216814493e-06,1,2.2742680580493926,0.1535002063270075
Z-score Rule,2024,2024-04-22,2024-04-23,0.004310064435049591,0.004312246114429053,2.1816793794617596e-06,1,2.2742680580493926,0.1535002063270075
Z-score Rule,2024,2024-04-23,2024-04-24,-0.0024207055610696135,-0.002419232065129547,1.4734959400664606e-06,1,2.2742680580493926,0.1535002063270075
Z-score Rule,2024,2024-04-24,2024-04-25,0.00020939377422870303,0.000211116500024654,1.7227257959509524e-06,1,2.2742680580493926,0.1535002063270075
Z-score Rule,2024,2024-04-25,2024-04-26,0.0028605946938538816,0.002862195613931709,1.6009200778274445e-06,1,2.2742680580493926,0.1535002063270075
Z-score Rule,2024,2024-04-26,2024-04-29,-0.0007481831739594796,-0.0,0.0007481831739594796,0,2.2742680580493926,0.1535002063270075
Z-score Rule,2024,2024-04-29,2024-04-30,-0.0,-0.0,0.0,0,2.2742680580493926,0.1535002063270075
Z-score Rule,2024,2024-04-30,2024-05-01,0.0,0.0,0.0,0,2.2742680580493926,0.1535002063270075
Z-score Rule,2024,2024-05-01,2024-05-02,0.0,0.0,0.0,0,2.2742680580493926,0.1535002063270075
Z-score Rule,2024,2024-05-02,2024-05-03,-0.0,-0.0,0.0,0,2.2742680580493926,0.1535002063270075
Z-score Rule,2024,2024-05-03,2024-05-06,0.0,0.0,0.0,0,2.2742680580493926,0.1535002063270075
Z-score Rule,2024,2024-05-06,2024-05-07,0.0,0.0,0.0,0,2.2742680580493926,0.1535002063270075
Z-score Rule,2024,2024-05-07,2024-05-08,-0.0,-0.0,0.0,0,2.2742680580493926,0.1535002063270075
Z-score Rule,2024,2024-05-08,2024-05-09,-0.0,-0.0,0.0,0,2.2742680580493926,0.1535002063270075
Z-score Rule,2024,2024-05-09,2024-05-10,0.0,0.0,0.0,0,2.2742680580493926,0.1535002063270075
Z-score Rule,2024,2024-05-10,2024-05-13,0.0,0.0,0.0,0,2.2742680580493926,0.1535002063270075
Z-score Rule,2024,2024-05-13,2024-05-14,-0.0,-0.0,0.0,0,2.2742680580493926,0.1535002063270075
Z-score Rule,2024,2024-05-14,2024-05-15,0.0,0.0,0.0,0,2.2742680580493926,0.1535002063270075
Z-score Rule,2024,2024-05-15,2024-05-16,0.0,0.0,0.0,0,2.2742680580493926,0.09486224375029678
Z-score Rule,2024,2024-05-16,2024-05-17,0.0,0.0,0.0,0,2.2742680580493926,0.09486224375029678
Z-score Rule,2024,2024-05-17,2024-05-20,0.0,0.0,0.0,0,2.2742680580493926,0.09486224375029678
Z-score Rule,2024,2024-05-20,2024-05-21,0.006062925727807129,0.006835014111955483,0.0007720883841483537,-1,2.2742680580493926,0.09486224375029678
Z-score Rule,2024,2024-05-21,2024-05-22,0.0005716286574357195,0.0005739895397073817,2.3608822716622013e-06,-1,2.2742680580493926,0.09486224375029678
Z-score Rule,2024,2024-05-22,2024-05-23,0.003438870290231003,0.003440263719616391,1.3934293853879454e-06,-1,2.2742680580493926,0.09486224375029678
Z-score Rule,2024,2024-05-23,2024-05-24,0.007209078903079045,0.007210591666646895,1.5127635678503504e-06,-1,2.2742680580493926,0.09486224375029678
Z-score Rule,2024,2024-05-24,2024-05-28,-0.0007773554593732543,-0.0,0.0007773554593732543,0,2.2742680580493926,0.09486224375029678
Z-score Rule,2024,2024-05-28,2024-05-29,-0.0,-0.0,0.0,0,2.2742680580493926,0.09486224375029678
Z-score Rule,2024,2024-05-29,2024-05-30,0.0,0.0,0.0,0,2.2742680580493926,0.09486224375029678
Z-score Rule,2024,2024-05-30,2024-05-31,-0.0,-0.0,0.0,0,2.2742680580493926,0.09486224375029678
Z-score Rule,2024,2024-05-31,2024-06-03,-0.0,-0.0,0.0,0,2.2742680580493926,0.09486224375029678
Z-score Rule,2024,2024-06-03,2024-06-04,0.0,0.0,0.0,0,2.2742680580493926,0.09486224375029678
Z-score Rule,2024,2024-06-04,2024-06-05,-0.0,-0.0,0.0,0,2.2742680580493926,0.09486224375029678
Z-score Rule,2024,2024-06-05,2024-06-06,0.0,0.0,0.0,0,2.2742680580493926,0.09486224375029678
Z-score Rule,2024,2024-06-06,2024-06-07,-0.0,-0.0,0.0,0,2.2742680580493926,0.09486224375029678
Z-score Rule,2024,2024-06-07,2024-06-10,-0.0,-0.0,0.0,0,2.2742680580493926,0.09486224375029678
Z-score Rule,2024,2024-06-10,2024-06-11,0.0,0.0,0.0,0,2.2742680580493926,0.09486224375029678
Z-score Rule,2024,2024-06-11,2024-06-12,-0.0,-0.0,0.0,0,2.2742680580493926,0.09486224375029678
Z-score Rule,2024,2024-06-12,2024-06-13,-0.0,-0.0,0.0,0,2.2742680580493926,0.09486224375029678
Z-score Rule,2024,2024-06-13,2024-06-14,-0.0,-0.0,0.0,0,2.2742680580493926,0.09486224375029678
Z-score Rule,2024,2024-06-14,2024-06-17,-0.0,-0.0,0.0,0,2.2742680580493926,0.2377568628371069
Z-score Rule,2024,2024-06-17,2024-06-18,0.0,0.0,0.0,0,2.2742680580493926,0.2377568628371069
Z-score Rule,2024,2024-06-18,2024-06-20,-0.0,-0.0,0.0,0,2.2742680580493926,0.2377568628371069
Z-score Rule,2024,2024-06-20,2024-06-21,-0.0,-0.0,0.0,0,2.2742680580493926,0.2377568628371069
Z-score Rule,2024,2024-06-21,2024-06-24,-0.0,-0.0,0.0,0,2.2742680580493926,0.2377568628371069
Z-score Rule,2024,2024-06-24,2024-06-25,-0.0,-0.0,0.0,0,2.2742680580493926,0.2377568628371069
Z-score Rule,2024,2024-06-25,2024-06-26,0.0,0.0,0.0,0,2.2742680580493926,0.2377568628371069
Z-score Rule,2024,2024-06-26,2024-06-27,-0.0,-0.0,0.0,0,2.2742680580493926,0.2377568628371069
Z-score Rule,2024,2024-06-27,2024-06-28,-0.0,-0.0,0.0,0,2.2742680580493926,0.2377568628371069
Z-score Rule,2024,2024-06-28,2024-07-01,0.0,0.0,0.0,0,2.2742680580493926,0.2377568628371069
Z-score Rule,2024,2024-07-01,2024-07-02,0.0,0.0,0.0,0,2.2742680580493926,0.2377568628371069
Z-score Rule,2024,2024-07-02,2024-07-03,0.0,0.0,0.0,0,2.2742680580493926,0.2377568628371069
Z-score Rule,2024,2024-07-03,2024-07-05,-0.0,-0.0,0.0,0,2.2742680580493926,0.2377568628371069
Z-score Rule,2024,2024-07-05,2024-07-08,-0.0,-0.0,0.0,0,2.2742680580493926,0.2377568628371069
Z-score Rule,2024,2024-07-08,2024-07-09,-0.0,-0.0,0.0,0,2.2742680580493926,0.2377568628371069
Z-score Rule,2024,2024-07-09,2024-07-10,-0.0,-0.0,0.0,0,2.2742680580493926,0.2377568628371069
Z-score Rule,2024,2024-07-10,2024-07-11,-0.0010402739627537023,-0.0003874531379822353,0.0006528208247714669,1,2.2742680580493926,0.2377568628371069
Z-score Rule,2024,2024-07-11,2024-07-12,0.00033548082446054696,0.0003451399985382872,9.659174077740251e-06,1,2.2742680580493926,0.2377568628371069
Z-score Rule,2024,2024-07-12,2024-07-15,-0.02390424885751979,-0.02389853098342333,5.717874096459658e-06,1,2.2742680580493926,0.2377568628371069
Z-score Rule,2024,2024-07-15,2024-07-16,0.010129183143508356,0.01013724693064819,8.063787139832551e-06,1,2.2742680580493926,0.2377568628371069
Z-score Rule,2024,2024-07-16,2024-07-17,0.002877118968482877,0.002881514274503023,4.395306020146206e-06,1,2.2742680580493926,0.2377568628371069
Z-score Rule,2024,2024-07-17,2024-07-18,0.0028430766533214386,0.002845026125993374,1.9494726719351818e-06,1,2.2742680580493926,0.3089633479301247
Z-score Rule,2024,2024-07-18,2024-07-19,-0.0007729190307240311,-0.0007691604659993032,3.758564724727853e-06,1,2.2742680580493926,0.3089633479301247
Z-score Rule,2024,2024-07-19,2024-07-22,0.012065528206910876,0.0120709988305328,5.470623621923299e-06,1,2.2742680580493926,0.3089633479301247
Z-score Rule,2024,2024-07-22,2024-07-23,-0.0006610815307758321,0.0,0.0006610815307758321,0,2.2742680580493926,0.3089633479301247
Z-score Rule,2024,2024-07-23,2024-07-24,-0.0,-0.0,0.0,0,2.2742680580493926,0.3089633479301247
Z-score Rule,2024,2024-07-24,2024-07-25,-0.0,-0.0,0.0,0,2.2742680580493926,0.3089633479301247
Z-score Rule,2024,2024-07-25,2024-07-26,-0.0,-0.0,0.0,0,2.2742680580493926,0.3089633479301247
Z-score Rule,2024,2024-07-26,2024-07-29,-0.02398997210799023,-0.02332969341511731,0.0006602786928729183,1,2.2742680580493926,0.3089633479301247
Z-score Rule,2024,2024-07-29,2024-07-30,-0.023322649155066856,-0.02331900167772504,3.6474773418129493e-06,1,2.2742680580493926,0.3089633479301247
Z-score Rule,2024,2024-07-30,2024-07-31,-0.0006287947732048024,-0.0006271018853789211,1.6928878258812564e-06,1,2.2742680580493926,0.3089633479301247
Z-score Rule,2024,2024-07-31,2024-08-01,-0.007888087136117702,-0.00788556438453402,2.522751583682731e-06,1,2.2742680580493926,0.3089633479301247
Z-score Rule,2024,2024-08-01,2024-08-02,0.002413714217022625,0.002417152626721498,3.438409698873102e-06,1,2.2742680580493926,0.3089633479301247
Z-score Rule,2024,2024-08-02,2024-08-05,0.015086798794399562,0.0150945043131842,7.705518784638766e-06,1,2.2742680580493926,0.3089633479301247
Z-score Rule,2024,2024-08-05,2024-08-06,-0.005285335076111693,-0.005279166403006292,6.1686731054012015e-06,1,2.2742680580493926,0.3089633479301247
Z-score Rule,2024,2024-08-06,2024-08-07,-0.002501717640825831,-0.002498239809278652,3.4778315471788723e-06,1,2.2742680580493926,0.3089633479301247
Z-score Rule,2024,2024-08-07,2024-08-08,-0.005574106545711875,-0.005565820169414112,8.286376297762439e-06,1,2.2742680580493926,0.3089633479301247
Z-score Rule,2024,2024-08-08,2024-08-09,0.026592066155356597,0.0266049388201434,1.2872664786800964e-05,1,2.2742680580493926,0.3089633479301247
Z-score Rule,2024,2024-08-09,2024-08-12,-0.0006597398471643706,-0.0,0.0006597398471643706,0,2.2742680580493926,0.3089633479301247
Z-score Rule,2024,2024-08-12,2024-08-13,-0.0,-0.0,0.0,0,2.2742680580493926,0.3089633479301247
Z-score Rule,2024,2024-08-13,2024-08-14,-0.0,-0.0,0.0,0,2.2742680580493926,0.3089633479301247
Z-score Rule,2024,2024-08-14,2024-08-15,-0.0,-0.0,0.0,0,2.2742680580493926,0.3089633479301247
Z-score Rule,2024,2024-08-15,2024-08-16,-0.0,-0.0,0.0,0,2.2742680580493926,0.1153864786383825
Z-score Rule,2024,2024-08-16,2024-08-19,0.0,0.0,0.0,0,2.2742680580493926,0.1153864786383825
Z-score Rule,2024,2024-08-19,2024-08-20,-0.0,-0.0,0.0,0,2.2742680580493926,0.1153864786383825
Z-score Rule,2024,2024-08-20,2024-08-21,0.0,0.0,0.0,0,2.2742680580493926,0.1153864786383825
Z-score Rule,2024,2024-08-21,2024-08-22,-0.0,-0.0,0.0,0,2.2742680580493926,0.1153864786383825
Z-score Rule,2024,2024-08-22,2024-08-23,0.0,0.0,0.0,0,2.2742680580493926,0.1153864786383825
Z-score Rule,2024,2024-08-23,2024-08-26,-0.0,-0.0,0.0,0,2.2742680580493926,0.1153864786383825
Z-score Rule,2024,2024-08-26,2024-08-27,-0.0,-0.0,0.0,0,2.2742680580493926,0.1153864786383825
Z-score Rule,2024,2024-08-27,2024-08-28,0.0,0.0,0.0,0,2.2742680580493926,0.1153864786383825
Z-score Rule,2024,2024-08-28,2024-08-29,0.0,0.0,0.0,0,2.2742680580493926,0.1153864786383825
Z-score Rule,2024,2024-08-29,2024-08-30,-0.0007554601663515826,0.0001904149932469776,0.0009458751595985602,-1,2.2742680580493926,0.1153864786383825
Z-score Rule,2024,2024-08-30,2024-09-03,0.008127537538511673,0.008135530322308699,7.992783797026337e-06,-1,2.2742680580493926,0.1153864786383825
Z-score Rule,2024,2024-09-03,2024-09-04,0.002795582068452518,0.002804358433550477,8.776365097958983e-06,-1,2.2742680580493926,0.1153864786383825
Z-score Rule,2024,2024-09-04,2024-09-05,-0.011322330794630672,-0.01131309003472759,9.240759903082873e-06,-1,2.2742680580493926,0.1153864786383825
Z-score Rule,2024,2024-09-05,2024-09-06,0.012115962527544082,0.01212346229818454,7.499770640457482e-06,-1,2.2742680580493926,0.1153864786383825
Z-score Rule,2024,2024-09-06,2024-09-09,-0.012658145638074367,-0.01264944651731329,8.699120761077595e-06,-1,2.2742680580493926,0.1153864786383825
Z-score Rule,2024,2024-09-09,2024-09-10,8.596368983769785e-06,1.667174389431356e-05,8.075374910543775e-06,-1,2.2742680580493926,0.1153864786383825
Z-score Rule,2024,2024-09-10,2024-09-11,0.006411149565967063,0.006418598210116784,7.44864414972124e-06,-1,2.2742680580493926,0.1153864786383825
Z-score Rule,2024,2024-09-11,2024-09-12,-0.0015930713854938195,-0.001588255272308567,4.8161131852525465e-06,-1,2.2742680580493926,0.1153864786383825
Z-score Rule,2024,2024-09-12,2024-09-13,0.0012345050358320599,0.001237958857245425,3.4538214133650326e-06,-1,2.2742680580493926,0.1153864786383825
Z-score Rule,2024,2024-09-13,2024-09-16,-0.002550179671354517,-0.00254545223785038,4.727433504136958e-06,-1,2.2742680580493926,0.1153864786383825
Z-score Rule,2024,2024-09-16,2024-09-17,-0.00833864771288628,-0.008335412625494712,3.2350873915689692e-06,-1,2.2742680580493926,0.2117014691950601
Z-score Rule,2024,2024-09-17,2024-09-18,-0.008252647431255672,-0.00824968931863724,2.9581126184320405e-06,-1,2.2742680580493926,0.2117014691950601
Z-score Rule,2024,2024-09-18,2024-09-19,0.007323365122246529,0.007325609019631569,2.243897385040494e-06,-1,2.2742680580493926,0.2117014691950601
Z-score Rule,2024,2024-09-19,2024-09-20,-0.007054613436263655,-0.007051591361764961,3.022074498693961e-06,-1,2.2742680580493926,0.2117014691950601
Z-score Rule,2024,2024-09-20,2024-09-23,0.0034959015670681403,0.003499734907869503,3.833340801362995e-06,-1,2.2742680580493926,0.2117014691950601
Z-score Rule,2024,2024-09-23,2024-09-24,-0.012480818286089504,-0.01247512159229406,5.696693795443575e-06,-1,2.2742680580493926,0.2117014691950601
Z-score Rule,2024,2024-09-24,2024-09-25,-0.0021606448777886475,-0.002156226114157889,4.418763630758438e-06,-1,2.2742680580493926,0.2117014691950601
Z-score Rule,2024,2024-09-25,2024-09-26,0.005330024720844396,0.005332730385189106,2.7056643447095354e-06,-1,2.2742680580493926,0.2117014691950601
Z-score Rule,2024,2024-09-26,2024-09-27,0.040505995694789305,0.04050919439422564,3.198699436332997e-06,-1,2.2742680580493926,0.2117014691950601
Z-score Rule,2024,2024-09-27,2024-09-30,-0.001047917680863526,-0.0,0.001047917680863526,0,2.2742680580493926,0.2117014691950601
Z-score Rule,2024,2024-09-30,2024-10-01,-0.0,-0.0,0.0,0,2.2742680580493926,0.2117014691950601
Z-score Rule,2024,2024-10-01,2024-10-02,0.0,0.0,0.0,0,2.2742680580493926,0.2117014691950601
Z-score Rule,2024,2024-10-02,2024-10-03,0.0,0.0,0.0,0,2.2742680580493926,0.2117014691950601
Z-score Rule,2024,2024-10-03,2024-10-04,-0.0,-0.0,0.0,0,2.2742680580493926,0.2117014691950601
Z-score Rule,2024,2024-10-04,2024-10-07,0.0,0.0,0.0,0,2.2742680580493926,0.2117014691950601
Z-score Rule,2024,2024-10-07,2024-10-08,-0.0,-0.0,0.0,0,2.2742680580493926,0.2117014691950601
Z-score Rule,2024,2024-10-08,2024-10-09,0.0,0.0,0.0,0,2.2742680580493926,0.2117014691950601
Z-score Rule,2024,2024-10-09,2024-10-10,0.0,0.0,0.0,0,2.2742680580493926,0.2117014691950601
Z-score Rule,2024,2024-10-10,2024-10-11,-0.0,-0.0,0.0,0,2.2742680580493926,0.2117014691950601
Z-score Rule,2024,2024-10-11,2024-10-14,-0.0,-0.0,0.0,0,2.2742680580493926,0.2117014691950601
Z-score Rule,2024,2024-10-14,2024-10-15,0.0,0.0,0.0,0,2.2742680580493926,0.2117014691950601
Z-score Rule,2024,2024-10-15,2024-10-16,-0.0,-0.0,0.0,0,2.2742680580493926,0.1309243799507289
Z-score Rule,2024,2024-10-16,2024-10-17,-0.0,-0.0,0.0,0,2.2742680580493926,0.1309243799507289
Z-score Rule,2024,2024-10-17,2024-10-18,-0.0,-0.0,0.0,0,2.2742680580493926,0.1309243799507289
Z-score Rule,2024,2024-10-18,2024-10-21,0.0,0.0,0.0,0,2.2742680580493926,0.1309243799507289
Z-score Rule,2024,2024-10-21,2024-10-22,0.0,0.0,0.0,0,2.2742680580493926,0.1309243799507289
Z-score Rule,2024,2024-10-22,2024-10-23,0.0,0.0,0.0,0,2.2742680580493926,0.1309243799507289
Z-score Rule,2024,2024-10-23,2024-10-24,0.0,0.0,0.0,0,2.2742680580493926,0.1309243799507289
Z-score Rule,2024,2024-10-24,2024-10-25,0.0,0.0,0.0,0,2.2742680580493926,0.1309243799507289
Z-score Rule,2024,2024-10-25,2024-10-28,-0.0,-0.0,0.0,0,2.2742680580493926,0.1309243799507289
Z-score Rule,2024,2024-10-28,2024-10-29,0.0,0.0,0.0,0,2.2742680580493926,0.1309243799507289
Z-score Rule,2024,2024-10-29,2024-10-30,0.0,0.0,0.0,0,2.2742680580493926,0.1309243799507289
Z-score Rule,2024,2024-10-30,2024-10-31,0.0,0.0,0.0,0,2.2742680580493926,0.1309243799507289
Z-score Rule,2024,2024-10-31,2024-11-01,0.0,0.0,0.0,0,2.2742680580493926,0.1309243799507289
Z-score Rule,2024,2024-11-01,2024-11-04,-0.0,-0.0,0.0,0,2.2742680580493926,0.1309243799507289
Z-score Rule,2024,2024-11-04,2024-11-05,0.0,0.0,0.0,0,2.2742680580493926,0.1309243799507289
Z-score Rule,2024,2024-11-05,2024-11-06,0.0,0.0,0.0,0,2.2742680580493926,0.1309243799507289
Z-score Rule,2024,2024-11-06,2024-11-07,0.0,0.0,0.0,0,2.2742680580493926,0.1309243799507289
Z-score Rule,2024,2024-11-07,2024-11-08,0.0,0.0,0.0,0,2.2742680580493926,0.1309243799507289
Z-score Rule,2024,2024-11-08,2024-11-11,-0.0,-0.0,0.0,0,2.2742680580493926,0.1309243799507289
Z-score Rule,2024,2024-11-11,2024-11-12,-0.0,-0.0,0.0,0,2.2742680580493926,0.1309243799507289
Z-score Rule,2024,2024-11-12,2024-11-13,0.0,0.0,0.0,0,2.2742680580493926,0.1309243799507289
Z-score Rule,2024,2024-11-13,2024-11-14,-0.0,-0.0,0.0,0,2.2742680580493926,0.1785259076977027
Z-score Rule,2024,2024-11-14,2024-11-15,0.0,0.0,0.0,0,2.2742680580493926,0.1785259076977027
Z-score Rule,2024,2024-11-15,2024-11-18,0.0,0.0,0.0,0,2.2742680580493926,0.1785259076977027
Z-score Rule,2024,2024-11-18,2024-11-19,-0.0,-0.0,0.0,0,2.2742680580493926,0.1785259076977027
Z-score Rule,2024,2024-11-19,2024-11-20,-0.0,-0.0,0.0,0,2.2742680580493926,0.1785259076977027
Z-score Rule,2024,2024-11-20,2024-11-21,-0.0,-0.0,0.0,0,2.2742680580493926,0.1785259076977027
Z-score Rule,2024,2024-11-21,2024-11-22,0.0,0.0,0.0,0,2.2742680580493926,0.1785259076977027
Z-score Rule,2024,2024-11-22,2024-11-25,-0.0,-0.0,0.0,0,2.2742680580493926,0.1785259076977027
Z-score Rule,2024,2024-11-25,2024-11-26,0.0,0.0,0.0,0,2.2742680580493926,0.1785259076977027
Z-score Rule,2024,2024-11-26,2024-11-27,-0.0,-0.0,0.0,0,2.2742680580493926,0.1785259076977027
Z-score Rule,2024,2024-11-27,2024-11-29,0.0,0.0,0.0,0,2.2742680580493926,0.1785259076977027
Z-score Rule,2024,2024-11-29,2024-12-02,0.0,0.0,0.0,0,2.2742680580493926,0.1785259076977027
Z-score Rule,2024,2024-12-02,2024-12-03,0.0,0.0,0.0,0,2.2742680580493926,0.1785259076977027
Z-score Rule,2024,2024-12-03,2024-12-04,-0.0,-0.0,0.0,0,2.2742680580493926,0.1785259076977027
Z-score Rule,2024,2024-12-04,2024-12-05,0.0,0.0,0.0,0,2.2742680580493926,0.1785259076977027
Z-score Rule,2024,2024-12-05,2024-12-06,0.0,0.0,0.0,0,2.2742680580493926,0.1785259076977027
Z-score Rule,2024,2024-12-06,2024-12-09,-0.0,-0.0,0.0,0,2.2742680580493926,0.1785259076977027
Z-score Rule,2024,2024-12-09,2024-12-10,-0.0,-0.0,0.0,0,2.2742680580493926,0.1785259076977027
Z-score Rule,2024,2024-12-10,2024-12-11,0.0,0.0,0.0,0,2.2742680580493926,0.1785259076977027
Z-score Rule,2024,2024-12-11,2024-12-12,0.0,0.0,0.0,0,2.2742680580493926,0.1785259076977027
Z-score Rule,2024,2024-12-12,2024-12-13,-0.0,-0.0,0.0,0,2.2742680580493926,0.1785259076977027
Z-score Rule,2024,2024-12-13,2024-12-16,-0.0,-0.0,0.0,0,2.2742680580493926,0.1556265055269499
Z-score Rule,2024,2024-12-16,2024-12-17,-0.0,-0.0,0.0,0,2.2742680580493926,0.1556265055269499
Z-score Rule,2024,2024-12-17,2024-12-18,-0.011987763075110507,-0.0112171025411957,0.000770660533914805,1,2.2742680580493926,0.1556265055269499
Z-score Rule,2024,2024-12-18,2024-12-19,0.003064391995969824,0.003069128427505537,4.736431535712959e-06,1,2.2742680580493926,0.1556265055269499
Z-score Rule,2024,2024-12-19,2024-12-20,-0.006845936333317688,-0.006840233765176371,5.7025681413166995e-06,1,2.2742680580493926,0.1556265055269499
Z-score Rule,2024,2024-12-20,2024-12-23,0.0035566377472214823,0.003562630587834665,5.9928406131827815e-06,1,2.2742680580493926,0.1556265055269499
Z-score Rule,2024,2024-12-23,2024-12-24,0.00014864892618359139,0.000156344093744645,7.695167561053596e-06,1,2.2742680580493926,0.1556265055269499
Z-score Rule,2024,2024-12-24,2024-12-26,-0.007328632495175802,-0.007319495891144057,9.1366040317456e-06,1,2.2742680580493926,0.1556265055269499
Z-score Rule,2024,2024-12-26,2024-12-27,-0.0009048645408008721,-0.0008960155287531238,8.84901204774835e-06,1,2.2742680580493926,0.1556265055269499
Z-score Rule,2024,2024-12-27,2024-12-30,-0.0004505870770414147,-0.0004422238308861895,8.363246155225212e-06,1,2.2742680580493926,0.1556265055269499
Z-score Rule,2024,2024-12-30,2024-12-31,0.008695642472794304,0.009415827136623124,0.0007201846638288197,1,2.2742680580493926,0.1556265055269499
Always Long Spread,2024,2024-01-02,2024-01-03,-0.00686307592462447,-0.006128745895111105,0.000734330029513365,1,2.2742680580493926,0.2657662687656317
Always Long Spread,2024,2024-01-03,2024-01-04,-0.0061712365456552554,-0.006169770048293662,1.4664973615933497e-06,1,2.2742680580493926,0.2657662687656317
Always Long Spread,2024,2024-01-04,2024-01-05,0.0058634459269180745,0.005863979436402498,5.33509484423822e-07,1,2.2742680580493926,0.2657662687656317
Always Long Spread,2024,2024-01-05,2024-01-08,-0.0076096993396610815,-0.007608360826759595,1.338512901486788e-06,1,2.2742680580493926,0.2657662687656317
Always Long Spread,2024,2024-01-08,2024-01-09,0.004231814156977177,0.004233709738726874,1.8955817496968397e-06,1,2.2742680580493926,0.2657662687656317
Always Long Spread,2024,2024-01-09,2024-01-10,-0.004470332673472174,-0.004467748283675053,2.58438979712175e-06,1,2.2742680580493926,0.2657662687656317
Always Long Spread,2024,2024-01-10,2024-01-11,0.0019063722557124184,0.001908117218980982,1.744963268563604e-06,1,2.2742680580493926,0.2657662687656317
Always Long Spread,2024,2024-01-11,2024-01-12,-0.008339366452311241,-0.00833671140647703,2.6550458342116113e-06,1,2.2742680580493926,0.2657662687656317
Always Long Spread,2024,2024-01-12,2024-01-16,-0.00639538782066458,-0.006392740192639398,2.647628025182286e-06,1,2.2742680580493926,0.2657662687656317
Always Long Spread,2024,2024-01-16,2024-01-17,-0.0030214397947577174,-0.003017606732389046,3.833062368671203e-06,1,2.2742680580493926,0.2153900267928158
Always Long Spread,2024,2024-01-17,2024-01-18,0.0033677759001023277,0.003373390898876433,5.614998774105345e-06,1,2.2742680580493926,0.2153900267928158
Always Long Spread,2024,2024-01-18,2024-01-19,0.00525468837962795,0.005260344326678575,5.655947050625026e-06,1,2.2742680580493926,0.2153900267928158
Always Long Spread,2024,2024-01-19,2024-01-22,0.00981453200736253,0.009817471528203704,2.939520841174631e-06,1,2.2742680580493926,0.2153900267928158
Always Long Spread,2024,2024-01-22,2024-01-23,0.006478036895114969,0.006479956267671216,1.919372556247856e-06,1,2.2742680580493926,0.2153900267928158
Always Long Spread,2024,2024-01-23,2024-01-24,-0.0017845754769588603,-0.001781519569285124,3.0559076737362025e-06,1,2.2742680580493926,0.2153900267928158
Always Long Spread,2024,2024-01-24,2024-01-25,-0.00851321385992446,-0.008511110913797833,2.102946126627092e-06,1,2.2742680580493926,0.2153900267928158
Always Long Spread,2024,2024-01-25,2024-01-26,-0.001256461953448862,-0.001255267833364731,1.1941200841310008e-06,1,2.2742680580493926,0.2153900267928158
Always Long Spread,2024,2024-01-26,2024-01-29,-0.01826584565337334,-0.01826452798022343,1.3176731499120186e-06,1,2.2742680580493926,0.2153900267928158
Always Long Spread,2024,2024-01-29,2024-01-30,0.010933912802212536,0.01093525172573736,1.3389235248247035e-06,1,2.2742680580493926,0.2153900267928158
Always Long Spread,2024,2024-01-30,2024-01-31,-0.002715637863304617,-0.002715042788776647,5.950745279700021e-07,1,2.2742680580493926,0.2153900267928158
Always Long Spread,2024,2024-01-31,2024-02-01,-0.008716857318646323,-0.008716475751166491,3.815674798317847e-07,1,2.2742680580493926,0.2153900267928158
Always Long Spread,2024,2024-02-01,2024-02-02,-0.007070697392581408,-0.007069913147608657,7.842449727517853e-07,1,2.2742680580493926,0.2153900267928158
Always Long Spread,2024,2024-02-02,2024-02-05,0.0018358421450219023,0.001837455592930228,1.6134479083256548e-06,1,2.2742680580493926,0.2153900267928158
Always Long Spread,2024,2024-02-05,2024-02-06,0.005223066962609002,0.005225031516263191,1.9645536541887664e-06,1,2.2742680580493926,0.2153900267928158
Always Long Spread,2024,2024-02-06,2024-02-07,-0.0002597114658857127,-0.0002569308394493562,2.7806264363564872e-06,1,2.2742680580493926,0.2153900267928158
Always Long Spread,2024,2024-02-07,2024-02-08,0.008527799712125557,0.008530854130095925,3.0544179703680952e-06,1,2.2742680580493926,0.2153900267928158
Always Long Spread,2024,2024-02-08,2024-02-09,-0.00806220670344479,-0.008059730674965468,2.4760284793225452e-06,1,2.2742680580493926,0.2153900267928158
Always Long Spread,2024,2024-02-09,2024-02-12,0.005485475640893576,0.00548822331523021,2.747674336634365e-06,1,2.2742680580493926,0.2153900267928158
Always Long Spread,2024,2024-02-12,2024-02-13,-0.0007317513459570083,-0.0007302497491828057,1.501596774202585e-06,1,2.2742680580493926,0.2153900267928158
Always Long Spread,2024,2024-02-13,2024-02-14,-0.011528259631107452,-0.01152639605288029,1.8635782271625157e-06,1,2.2742680580493926,0.2153900267928158
Always Long Spread,2024,2024-02-14,2024-02-15,-0.0023254942707275203,-0.002323094346280594,2.3999244469264936e-06,1,2.2742680580493926,0.1450380990458977
Always Long Spread,2024,2024-02-15,2024-02-16,0.00088523568810495,0.0008874813233637167,2.245635258766754e-06,1,2.2742680580493926,0.1450380990458977
Always Long Spread,2024,2024-02-16,2024-02-20,0.0032374849054477616,0.003238736731893266,1.251826445504256e-06,1,2.2742680580493926,0.1450380990458977
Always Long Spread,2024,2024-02-20,2024-02-21,-0.008545816931300082,-0.008545512018840453,3.049124596274377e-07,1,2.2742680580493926,0.1450380990458977
Always Long Spread,2024,2024-02-21,2024-02-22,-0.002086050928198303,-0.002084478234427756,1.5726937705466126e-06,1,2.2742680580493926,0.1450380990458977
Always Long Spread,2024,2024-02-22,2024-02-23,-0.008434555116757374,-0.008432722652954451,1.8324638029234008e-06,1,2.2742680580493926,0.1450380990458977
Always Long Spread,2024,2024-02-23,2024-02-26,-0.0012544963065625387,-0.001251445822781514,3.050483781024738e-06,1,2.2742680580493926,0.1450380990458977
Always Long Spread,2024,2024-02-26,2024-02-27,0.004835895615475384,0.004838724494987541,2.8288795121576006e-06,1,2.2742680580493926,0.1450380990458977
Always Long Spread,2024,2024-02-27,2024-02-28,-0.002444176262151214,-0.002441400141797579,2.776120353634809e-06,1,2.2742680580493926,0.1450380990458977
Always Long Spread,2024,2024-02-28,2024-02-29,-0.007873152021699496,-0.007870832310685229,2.319711014267589e-06,1,2.2742680580493926,0.1450380990458977
Always Long Spread,2024,2024-02-29,2024-03-01,0.012002053699898207,0.01200492820636089,2.8745064626829463e-06,1,2.2742680580493926,0.1450380990458977
Always Long Spread,2024,2024-03-01,2024-03-04,0.0017998365231338426,0.001801312890470071,1.476367336228357e-06,1,2.2742680580493926,0.1450380990458977
Always Long Spread,2024,2024-03-04,2024-03-05,0.00022563916547212813,0.0002267389941639063,1.0998286917781597e-06,1,2.2742680580493926,0.1450380990458977
Always Long Spread,2024,2024-03-05,2024-03-06,-0.005738732088925463,-0.005737262281762873,1.4698071625894316e-06,1,2.2742680580493926,0.1450380990458977
Always Long Spread,2024,2024-03-06,2024-03-07,0.00746560714985102,0.007467204742274978,1.5975924239590712e-06,1,2.2742680580493926,0.1450380990458977
Always Long Spread,2024,2024-03-07,2024-03-08,0.009619694418456112,0.009620477396928905,7.829784727929335e-07,1,2.2742680580493926,0.1450380990458977
Always Long Spread,2024,2024-03-08,2024-03-11,0.0012666430356297234,0.00126713669724934,4.936616196166699e-07,1,2.2742680580493926,0.1450380990458977
Always Long Spread,2024,2024-03-11,2024-03-12,0.01924673120672091,0.01924732892394952,5.977172286081301e-07,1,2.2742680580493926,0.1450380990458977
Always Long Spread,2024,2024-03-12,2024-03-13,0.003854004867153328,0.003854606087978791,6.012208254626838e-07,1,2.2742680580493926,0.1450380990458977
Always Long Spread,2024,2024-03-13,2024-03-14,-0.0040313938680211535,-0.004030343526920313,1.0503411008400133e-06,1,2.2742680580493926,0.1450380990458977
Always Long Spread,2024,2024-03-14,2024-03-15,0.01255773961926884,0.01255825838332496,5.187640561193086e-07,1,2.2742680580493926,0.1450380990458977
Always Long Spread,2024,2024-03-15,2024-03-18,-0.004792749873367478,-0.004791618372229974,1.1315011375036266e-06,1,2.2742680580493926,0.3029973246259943
Always Long Spread,2024,2024-03-18,2024-03-19,-0.0047528778130821485,-0.004751895736094651,9.820769874968606e-07,1,2.2742680580493926,0.3029973246259943
Always Long Spread,2024,2024-03-19,2024-03-20,0.007991292895791079,0.007992031313046157,7.384172550772561e-07,1,2.2742680580493926,0.3029973246259943
Always Long Spread,2024,2024-03-20,2024-03-21,-0.00041046338482688945,-0.0004095613189556741,9.020658712153295e-07,1,2.2742680580493926,0.3029973246259943
Always Long Spread,2024,2024-03-21,2024-03-22,-0.009063618006736222,-0.009062739400909313,8.786058269091013e-07,1,2.2742680580493926,0.3029973246259943
Always Long Spread,2024,2024-03-22,2024-03-25,0.01035851956414404,0.01035868401976778,1.644556237393735e-07,1,2.2742680580493926,0.3029973246259943
Always Long Spread,2024,2024-03-25,2024-03-26,-0.005893990116008511,-0.005893819036842182,1.7107916632888575e-07,1,2.2742680580493926,0.3029973246259943
Always Long Spread,2024,2024-03-26,2024-03-27,-0.004328072255784045,-0.004327831975924719,2.402798593250932e-07,1,2.2742680580493926,0.3029973246259943
Always Long Spread,2024,2024-03-27,2024-03-28,0.0009679090575323413,0.0009679962665668314,8.720903449010997e-08,1,2.2742680580493926,0.3029973246259943
Always Long Spread,2024,2024-03-28,2024-04-01,0.0011854591567674441,0.001185598125912124,1.3896914467986798e-07,1,2.2742680580493926,0.3029973246259943
Always Long Spread,2024,2024-04-01,2024-04-02,-0.0027171864528438834,-0.002717071436548774,1.1501629510959898e-07,1,2.2742680580493926,0.3029973246259943
Always Long Spread,2024,2024-04-02,2024-04-03,0.004578213502414744,0.004578412298652151,1.9879623740723384e-07,1,2.2742680580493926,0.3029973246259943
Always Long Spread,2024,2024-04-03,2024-04-04,-0.006849163230805361,-0.006848772155823009,3.910749823513582e-07,1,2.2742680580493926,0.3029973246259943
Always Long Spread,2024,2024-04-04,2024-04-05,0.004789933989130284,0.004790162227987592,2.2823885730791082e-07,1,2.2742680580493926,0.3029973246259943
Always Long Spread,2024,2024-04-05,2024-04-08,-0.007005605041627518,-0.007004968621630987,6.364199965318284e-07,1,2.2742680580493926,0.3029973246259943
Always Long Spread,2024,2024-04-08,2024-04-09,-0.0053871415108196164,-0.005386852906048144,2.886047714724116e-07,1,2.2742680580493926,0.3029973246259943
Always Long Spread,2024,2024-04-09,2024-04-10,-0.0017635635412813122,-0.001763427497721955,1.3604355935728507e-07,1,2.2742680580493926,0.3029973246259943
Always Long Spread,2024,2024-04-10,2024-04-11,-0.011301022959165878,-0.01130084542109449,1.775380713881225e-07,1,2.2742680580493926,0.3029973246259943
Always Long Spread,2024,2024-04-11,2024-04-12,0.0005813301070130952,0.0005815003858730232,1.702788599279026e-07,1,2.2742680580493926,0.3029973246259943
Always Long Spread,2024,2024-04-12,2024-04-15,-0.005448385943449292,-0.005448216855900611,1.6908754868069642e-07,1,2.2742680580493926,0.3029973246259943
Always Long Spread,2024,2024-04-15,2024-04-16,-0.007062108573124604,-0.007061332409559028,7.761635655757216e-07,1,2.2742680580493926,0.3029973246259943
Always Long Spread,2024,2024-04-16,2024-04-17,-0.0008261344739738649,-0.000824816317661954,1.3181563119109009e-06,1,2.2742680580493926,0.1535002063270075
Always Long Spread,2024,2024-04-17,2024-04-18,-0.012376423058767516,-0.01237465862630678,1.7644324607376528e-06,1,2.2742680580493926,0.1535002063270075
Always Long Spread,2024,2024-04-18,2024-04-19,0.006224424447121545,0.006226535387505861,2.1109403843157793e-06,1,2.2742680580493926,0.1535002063270075
Always Long Spread,2024,2024-04-19,2024-04-22,0.00824159835473337,0.008243661476255052,2.0631215216814493e-06,1,2.2742680580493926,0.1535002063270075
Always Long Spread,2024,2024-04-22,2024-04-23,0.004310064435049591,0.004312246114429053,2.1816793794617596e-06,1,2.2742680580493926,0.1535002063270075
Always Long Spread,2024,2024-04-23,2024-04-24,-0.0024207055610696135,-0.002419232065129547,1.4734959400664606e-06,1,2.2742680580493926,0.1535002063270075
Always Long Spread,2024,2024-04-24,2024-04-25,0.00020939377422870303,0.000211116500024654,1.7227257959509524e-06,1,2.2742680580493926,0.1535002063270075
Always Long Spread,2024,2024-04-25,2024-04-26,0.0028605946938538816,0.002862195613931709,1.6009200778274445e-06,1,2.2742680580493926,0.1535002063270075
Always Long Spread,2024,2024-04-26,2024-04-29,-0.010938669406663343,-0.01093776565385378,9.037528095636461e-07,1,2.2742680580493926,0.1535002063270075
Always Long Spread,2024,2024-04-29,2024-04-30,-0.010344026796779909,-0.01034286192290743,1.1648738724799324e-06,1,2.2742680580493926,0.1535002063270075
Always Long Spread,2024,2024-04-30,2024-05-01,0.014296839663567068,0.0142974370309278,5.973673607322927e-07,1,2.2742680580493926,0.1535002063270075
Always Long Spread,2024,2024-05-01,2024-05-02,0.008354609696421291,0.008355237544530915,6.278481096234634e-07,1,2.2742680580493926,0.1535002063270075
Always Long Spread,2024,2024-05-02,2024-05-03,-0.0032638911384240553,-0.003263488520190415,4.02618233640184e-07,1,2.2742680580493926,0.1535002063270075
Always Long Spread,2024,2024-05-03,2024-05-06,0.007164278508017788,0.007165719202948891,1.4406949311031038e-06,1,2.2742680580493926,0.1535002063270075
Always Long Spread,2024,2024-05-06,2024-05-07,0.0030684994141998738,0.003069521321621185,1.0219074213112522e-06,1,2.2742680580493926,0.1535002063270075
Always Long Spread,2024,2024-05-07,2024-05-08,-0.012420722944212138,-0.01241963471955257,1.08822465956937e-06,1,2.2742680580493926,0.1535002063270075
Always Long Spread,2024,2024-05-08,2024-05-09,-0.007218041345828083,-0.007216434460681164,1.6068851469185354e-06,1,2.2742680580493926,0.1535002063270075
Always Long Spread,2024,2024-05-09,2024-05-10,0.011617174437242521,0.01161724857730383,7.414006130895823e-08,1,2.2742680580493926,0.1535002063270075
Always Long Spread,2024,2024-05-10,2024-05-13,0.008088702162193009,0.008090496816115858,1.7946539228488323e-06,1,2.2742680580493926,0.1535002063270075
Always Long Spread,2024,2024-05-13,2024-05-14,-0.008284002564460288,-0.008282228443556616,1.7741209036715167e-06,1,2.2742680580493926,0.1535002063270075
Always Long Spread,2024,2024-05-14,2024-05-15,0.0005028752240295077,0.0005035632703748252,6.880463453175501e-07,1,2.2742680580493926,0.1535002063270075
Always Long Spread,2024,2024-05-15,2024-05-16,0.007909326167752924,0.00790977360814027,4.4744038734539914e-07,1,2.2742680580493926,0.09486224375029678
Always Long Spread,2024,2024-05-16,2024-05-17,0.00804573609411693,0.008047161905834516,1.425811717585046e-06,1,2.2742680580493926,0.09486224375029678
Always Long Spread,2024,2024-05-17,2024-05-20,0.008543709795333703,0.00854794392362055,4.234128286847772e-06,1,2.2742680580493926,0.09486224375029678
Always Long Spread,2024,2024-05-20,2024-05-21,-0.0068405216887491805,-0.006835014111955483,5.507576793698122e-06,1,2.2742680580493926,0.09486224375029678
Always Long Spread,2024,2024-05-21,2024-05-22,-0.0005763504219790438,-0.0005739895397073817,2.3608822716622013e-06,1,2.2742680580493926,0.09486224375029678
Always Long Spread,2024,2024-05-22,2024-05-23,-0.003441657149001779,-0.003440263719616391,1.3934293853879454e-06,1,2.2742680580493926,0.09486224375029678
Always Long Spread,2024,2024-05-23,2024-05-24,-0.007212104430214745,-0.007210591666646895,1.5127635678503504e-06,1,2.2742680580493926,0.09486224375029678
Always Long Spread,2024,2024-05-24,2024-05-28,-0.0005517180845814202,-0.0005515137344067108,2.043501747093779e-07,1,2.2742680580493926,0.09486224375029678
Always Long Spread,2024,2024-05-28,2024-05-29,-0.001485759955608622,-0.001484465522228249,1.2944333803729946e-06,1,2.2742680580493926,0.09486224375029678
Always Long Spread,2024,2024-05-29,2024-05-30,0.004981489847569325,0.004985889688816797,4.399841247472169e-06,1,2.2742680580493926,0.09486224375029678
Always Long Spread,2024,2024-05-30,2024-05-31,-0.005670334784261043,-0.005666447408280785,3.887375980258567e-06,1,2.2742680580493926,0.09486224375029678
Always Long Spread,2024,2024-05-31,2024-06-03,-0.008862010815637509,-0.008859798888771076,2.2119268664321234e-06,1,2.2742680580493926,0.09486224375029678
Always Long Spread,2024,2024-06-03,2024-06-04,0.0025464498828401527,0.002550005491924042,3.5556090838891884e-06,1,2.2742680580493926,0.09486224375029678
Always Long Spread,2024,2024-06-04,2024-06-05,-0.008729148566520671,-0.00872760313493027,1.5454315904005478e-06,1,2.2742680580493926,0.09486224375029678
Always Long Spread,2024,2024-06-05,2024-06-06,0.013710193100161947,0.01371312142626703,2.928326105082535e-06,1,2.2742680580493926,0.09486224375029678
Always Long Spread,2024,2024-06-06,2024-06-07,-0.013960566350258276,-0.01395732410279319,3.2422474650860566e-06,1,2.2742680580493926,0.09486224375029678
Always Long Spread,2024,2024-06-07,2024-06-10,-0.004526008459327754,-0.004523609691526327,2.3987678014276705e-06,1,2.2742680580493926,0.09486224375029678
Always Long Spread,2024,2024-06-10,2024-06-11,0.005634062331506542,0.005637801600801585,3.7392692950426464e-06,1,2.2742680580493926,0.09486224375029678
Always Long Spread,2024,2024-06-11,2024-06-12,-0.0021207994550205074,-0.002117928477224624,2.8709777958835224e-06,1,2.2742680580493926,0.09486224375029678
Always Long Spread,2024,2024-06-12,2024-06-13,-0.0026508854162392795,-0.002647145127528176,3.7402887111036567e-06,1,2.2742680580493926,0.09486224375029678
Always Long Spread,2024,2024-06-13,2024-06-14,-0.008391734831752885,-0.00838616155343248,5.573278320405106e-06,1,2.2742680580493926,0.09486224375029678
Always Long Spread,2024,2024-06-14,2024-06-17,-0.006350781604237097,-0.00634474832095043,6.033283286666413e-06,1,2.2742680580493926,0.2377568628371069
Always Long Spread,2024,2024-06-17,2024-06-18,0.007390752988415634,0.007395674870909536,4.921882493902186e-06,1,2.2742680580493926,0.2377568628371069
Always Long Spread,2024,2024-06-18,2024-06-20,-0.005725063166700059,-0.005717121519469091,7.94164723096763e-06,1,2.2742680580493926,0.2377568628371069
Always Long Spread,2024,2024-06-20,2024-06-21,-0.0015040655974317685,-0.00149442137306792,9.644224363848597e-06,1,2.2742680580493926,0.2377568628371069
Always Long Spread,2024,2024-06-21,2024-06-24,-0.0022037966434809695,-0.002193105480281742,1.0691163199227195e-05,1,2.2742680580493926,0.2377568628371069
Always Long Spread,2024,2024-06-24,2024-06-25,-0.0007478287287346373,-0.0007347892982765523,1.3039430458084894e-05,1,2.2742680580493926,0.2377568628371069
Always Long Spread,2024,2024-06-25,2024-06-26,0.0050211110411945824,0.005030239679507368,9.128638312785403e-06,1,2.2742680580493926,0.2377568628371069
Always Long Spread,2024,2024-06-26,2024-06-27,-0.009320144895249413,-0.009312540614784027,7.604280465385999e-06,1,2.2742680580493926,0.2377568628371069
Always Long Spread,2024,2024-06-27,2024-06-28,-0.000828998136465616,-0.0008213490278714064,7.649108594209614e-06,1,2.2742680580493926,0.2377568628371069
Always Long Spread,2024,2024-06-28,2024-07-01,0.0019477191373226985,0.001953924149387145,6.205012064446736e-06,1,2.2742680580493926,0.2377568628371069
Always Long Spread,2024,2024-07-01,2024-07-02,0.0012887062894322168,0.001295293367518719,6.587078086502052e-06,1,2.2742680580493926,0.2377568628371069
Always Long Spread,2024,2024-07-02,2024-07-03,0.00817106587628927,0.00817831771298179,7.251836692520608e-06,1,2.2742680580493926,0.2377568628371069
Always Long Spread,2024,2024-07-03,2024-07-05,-0.0059666066515077125,-0.005961477506011267,5.129145496444804e-06,1,2.2742680580493926,0.2377568628371069
Always Long Spread,2024,2024-07-05,2024-07-08,-0.005183838863176511,-0.00517494229397525,8.896569201261444e-06,1,2.2742680580493926,0.2377568628371069
Always Long Spread,2024,2024-07-08,2024-07-09,-0.00795250910219337,-0.007946615893458318,5.893208735051392e-06,1,2.2742680580493926,0.2377568628371069
Always Long Spread,2024,2024-07-09,2024-07-10,-0.01768242202510054,-0.01767410387354467,8.318151555868154e-06,1,2.2742680580493926,0.2377568628371069
Always Long Spread,2024,2024-07-10,2024-07-11,-0.00039638890757012703,-0.0003874531379822353,8.935769587891745e-06,1,2.2742680580493926,0.2377568628371069
Always Long Spread,2024,2024-07-11,2024-07-12,0.00033548082446054696,0.0003451399985382872,9.659174077740251e-06,1,2.2742680580493926,0.2377568628371069
Always Long Spread,2024,2024-07-12,2024-07-15,-0.02390424885751979,-0.02389853098342333,5.717874096459658e-06,1,2.2742680580493926,0.2377568628371069
Always Long Spread,2024,2024-07-15,2024-07-16,0.010129183143508356,0.01013724693064819,8.063787139832551e-06,1,2.2742680580493926,0.2377568628371069
Always Long Spread,2024,2024-07-16,2024-07-17,0.002877118968482877,0.002881514274503023,4.395306020146206e-06,1,2.2742680580493926,0.2377568628371069
Always Long Spread,2024,2024-07-17,2024-07-18,0.0028430766533214386,0.002845026125993374,1.9494726719351818e-06,1,2.2742680580493926,0.3089633479301247
Always Long Spread,2024,2024-07-18,2024-07-19,-0.0007729190307240311,-0.0007691604659993032,3.758564724727853e-06,1,2.2742680580493926,0.3089633479301247
Always Long Spread,2024,2024-07-19,2024-07-22,0.012065528206910876,0.0120709988305328,5.470623621923299e-06,1,2.2742680580493926,0.3089633479301247
Always Long Spread,2024,2024-07-22,2024-07-23,0.0006289835134046805,0.0006308008050144646,1.8172916097841108e-06,1,2.2742680580493926,0.3089633479301247
Always Long Spread,2024,2024-07-23,2024-07-24,-0.006500502280157046,-0.006500075407266966,4.268728900801988e-07,1,2.2742680580493926,0.3089633479301247
Always Long Spread,2024,2024-07-24,2024-07-25,-0.003950178828907588,-0.003949976861186193,2.0196772139524645e-07,1,2.2742680580493926,0.3089633479301247
Always Long Spread,2024,2024-07-25,2024-07-26,-0.03593381863284432,-0.03593244132934235,1.37730350197382e-06,1,2.2742680580493926,0.3089633479301247
Always Long Spread,2024,2024-07-26,2024-07-29,-0.02333116114629672,-0.02332969341511731,1.467731179409043e-06,1,2.2742680580493926,0.3089633479301247
Always Long Spread,2024,2024-07-29,2024-07-30,-0.023322649155066856,-0.02331900167772504,3.6474773418129493e-06,1,2.2742680580493926,0.3089633479301247
Always Long Spread,2024,2024-07-30,2024-07-31,-0.0006287947732048024,-0.0006271018853789211,1.6928878258812564e-06,1,2.2742680580493926,0.3089633479301247
Always Long Spread,2024,2024-07-31,2024-08-01,-0.007888087136117702,-0.00788556438453402,2.522751583682731e-06,1,2.2742680580493926,0.3089633479301247
Always Long Spread,2024,2024-08-01,2024-08-02,0.002413714217022625,0.002417152626721498,3.438409698873102e-06,1,2.2742680580493926,0.3089633479301247
Always Long Spread,2024,2024-08-02,2024-08-05,0.015086798794399562,0.0150945043131842,7.705518784638766e-06,1,2.2742680580493926,0.3089633479301247
Always Long Spread,2024,2024-08-05,2024-08-06,-0.005285335076111693,-0.005279166403006292,6.1686731054012015e-06,1,2.2742680580493926,0.3089633479301247
Always Long Spread,2024,2024-08-06,2024-08-07,-0.002501717640825831,-0.002498239809278652,3.4778315471788723e-06,1,2.2742680580493926,0.3089633479301247
Always Long Spread,2024,2024-08-07,2024-08-08,-0.005574106545711875,-0.005565820169414112,8.286376297762439e-06,1,2.2742680580493926,0.3089633479301247
Always Long Spread,2024,2024-08-08,2024-08-09,0.026592066155356597,0.0266049388201434,1.2872664786800964e-05,1,2.2742680580493926,0.3089633479301247
Always Long Spread,2024,2024-08-09,2024-08-12,-0.007031465905467227,-0.007016567836636494,1.489806883073258e-05,1,2.2742680580493926,0.3089633479301247
Always Long Spread,2024,2024-08-12,2024-08-13,-0.008463878842084117,-0.008444323813576638,1.9555028507478562e-05,1,2.2742680580493926,0.3089633479301247
Always Long Spread,2024,2024-08-13,2024-08-14,-0.02910455143900459,-0.02907834871153253,2.6202727472056987e-05,1,2.2742680580493926,0.3089633479301247
Always Long Spread,2024,2024-08-14,2024-08-15,-0.009759346058383122,-0.009738278778460535,2.10672799225865e-05,1,2.2742680580493926,0.3089633479301247
Always Long Spread,2024,2024-08-15,2024-08-16,-0.005541899239779585,-0.005512423291302979,2.9475948476606257e-05,1,2.2742680580493926,0.1153864786383825
Always Long Spread,2024,2024-08-16,2024-08-19,0.0021981291778508665,0.002228090995103911,2.996181725304442e-05,1,2.2742680580493926,0.1153864786383825
Always Long Spread,2024,2024-08-19,2024-08-20,-0.00022364082902929315,-0.0002006256271040896,2.3015201925203567e-05,1,2.2742680580493926,0.1153864786383825
Always Long Spread,2024,2024-08-20,2024-08-21,0.005527479222352974,0.005547912878294782,2.0433655941808017e-05,1,2.2742680580493926,0.1153864786383825
Always Long Spread,2024,2024-08-21,2024-08-22,-0.008608835153210996,-0.008591673634199132,1.716151901186458e-05,1,2.2742680580493926,0.1153864786383825
Always Long Spread,2024,2024-08-22,2024-08-23,0.011585129125519351,0.0116056917837803,2.056265826094933e-05,1,2.2742680580493926,0.1153864786383825
Always Long Spread,2024,2024-08-23,2024-08-26,-0.006862036942041306,-0.006845538588446451,1.64983535948548e-05,1,2.2742680580493926,0.1153864786383825
Always Long Spread,2024,2024-08-26,2024-08-27,-0.0056446991626081305,-0.005629566455458403,1.5132707149728087e-05,1,2.2742680580493926,0.1153864786383825
Always Long Spread,2024,2024-08-27,2024-08-28,0.008271458079512385,0.008283625814351318,1.2167734838933408e-05,1,2.2742680580493926,0.1153864786383825
Always Long Spread,2024,2024-08-28,2024-08-29,0.021991099600205566,0.02200287648437991,1.1776884174344138e-05,1,2.2742680580493926,0.1153864786383825
Always Long Spread,2024,2024-08-29,2024-08-30,-0.000198640720320976,-0.0001904149932469776,8.22572707399838e-06,1,2.2742680580493926,0.1153864786383825
Always Long Spread,2024,2024-08-30,2024-09-03,-0.008143523106105725,-0.008135530322308699,7.992783797026337e-06,1,2.2742680580493926,0.1153864786383825
Always Long Spread,2024,2024-09-03,2024-09-04,-0.002813134798648436,-0.002804358433550477,8.776365097958983e-06,1,2.2742680580493926,0.1153864786383825
Always Long Spread,2024,2024-09-04,2024-09-05,0.011303849274824508,0.01131309003472759,9.240759903082873e-06,1,2.2742680580493926,0.1153864786383825
Always Long Spread,2024,2024-09-05,2024-09-06,-0.012130962068824996,-0.01212346229818454,7.499770640457482e-06,1,2.2742680580493926,0.1153864786383825
Always Long Spread,2024,2024-09-06,2024-09-09,0.012640747396552212,0.01264944651731329,8.699120761077595e-06,1,2.2742680580493926,0.1153864786383825
Always Long Spread,2024,2024-09-09,2024-09-10,-2.4747118804857335e-05,-1.667174389431356e-05,8.075374910543775e-06,1,2.2742680580493926,0.1153864786383825
Always Long Spread,2024,2024-09-10,2024-09-11,-0.006426046854266506,-0.006418598210116784,7.44864414972124e-06,1,2.2742680580493926,0.1153864786383825
Always Long Spread,2024,2024-09-11,2024-09-12,0.0015834391591233144,0.001588255272308567,4.8161131852525465e-06,1,2.2742680580493926,0.1153864786383825
Always Long Spread,2024,2024-09-12,2024-09-13,-0.00124141267865879,-0.001237958857245425,3.4538214133650326e-06,1,2.2742680580493926,0.1153864786383825
Always Long Spread,2024,2024-09-13,2024-09-16,0.002540724804346243,0.00254545223785038,4.727433504136958e-06,1,2.2742680580493926,0.1153864786383825
Always Long Spread,2024,2024-09-16,2024-09-17,0.008332177538103143,0.008335412625494712,3.2350873915689692e-06,1,2.2742680580493926,0.2117014691950601
Always Long Spread,2024,2024-09-17,2024-09-18,0.008246731206018806,0.00824968931863724,2.9581126184320405e-06,1,2.2742680580493926,0.2117014691950601
Always Long Spread,2024,2024-09-18,2024-09-19,-0.0073278529170166095,-0.007325609019631569,2.243897385040494e-06,1,2.2742680580493926,0.2117014691950601
Always Long Spread,2024,2024-09-19,2024-09-20,0.007048569287266267,0.007051591361764961,3.022074498693961e-06,1,2.2742680580493926,0.2117014691950601
Always Long Spread,2024,2024-09-20,2024-09-23,-0.003503568248670866,-0.003499734907869503,3.833340801362995e-06,1,2.2742680580493926,0.2117014691950601
Always Long Spread,2024,2024-09-23,2024-09-24,0.012469424898498616,0.01247512159229406,5.696693795443575e-06,1,2.2742680580493926,0.2117014691950601
Always Long Spread,2024,2024-09-24,2024-09-25,0.0021518073505271307,0.002156226114157889,4.418763630758438e-06,1,2.2742680580493926,0.2117014691950601
Always Long Spread,2024,2024-09-25,2024-09-26,-0.005335436049533816,-0.005332730385189106,2.7056643447095354e-06,1,2.2742680580493926,0.2117014691950601
Always Long Spread,2024,2024-09-26,2024-09-27,-0.04051239309366197,-0.04050919439422564,3.198699436332997e-06,1,2.2742680580493926,0.2117014691950601
Always Long Spread,2024,2024-09-27,2024-09-30,-0.010167025418453398,-0.01016443775212597,2.587666327429461e-06,1,2.2742680580493926,0.2117014691950601
Always Long Spread,2024,2024-09-30,2024-10-01,-0.017929966409986498,-0.01792736297973106,2.6034302554390766e-06,1,2.2742680580493926,0.2117014691950601
Always Long Spread,2024,2024-10-01,2024-10-02,0.026503775737709435,0.02650717889785856,3.4031601491254503e-06,1,2.2742680580493926,0.2117014691950601
Always Long Spread,2024,2024-10-02,2024-10-03,0.01901295642912393,0.01901557675726993,2.6203281460019934e-06,1,2.2742680580493926,0.2117014691950601
Always Long Spread,2024,2024-10-03,2024-10-04,-0.0001561838298181284,-0.0001556357525949129,5.480772232154819e-07,1,2.2742680580493926,0.2117014691950601
Always Long Spread,2024,2024-10-04,2024-10-07,0.01591434765041765,0.01591614987525392,1.8022248362700167e-06,1,2.2742680580493926,0.2117014691950601
Always Long Spread,2024,2024-10-07,2024-10-08,-0.013148427047994168,-0.01314680307311871,1.6239748754595108e-06,1,2.2742680580493926,0.2117014691950601
Always Long Spread,2024,2024-10-08,2024-10-09,0.007771846643794763,0.007773347915886067,1.501272091304573e-06,1,2.2742680580493926,0.2117014691950601
Always Long Spread,2024,2024-10-09,2024-10-10,0.012265367329477353,0.01226624111950062,8.737900232679285e-07,1,2.2742680580493926,0.2117014691950601
Always Long Spread,2024,2024-10-10,2024-10-11,-0.005597397995138224,-0.005596336075558299,1.0619195799255187e-06,1,2.2742680580493926,0.2117014691950601
Always Long Spread,2024,2024-10-11,2024-10-14,-0.00949372470557678,-0.009492951628108592,7.730774681870001e-07,1,2.2742680580493926,0.2117014691950601
Always Long Spread,2024,2024-10-14,2024-10-15,0.011825448034124709,0.01182569328354184,2.4524941713000013e-07,1,2.2742680580493926,0.2117014691950601
Always Long Spread,2024,2024-10-15,2024-10-16,-0.017990986394684248,-0.01798950827934754,1.4781153367074972e-06,1,2.2742680580493926,0.1309243799507289
Always Long Spread,2024,2024-10-16,2024-10-17,-0.006773891911571796,-0.00677357527640211,3.1663516968649665e-07,1,2.2742680580493926,0.1309243799507289
Always Long Spread,2024,2024-10-17,2024-10-18,-0.010253128625542488,-0.01025177969330856,1.3489322339270694e-06,1,2.2742680580493926,0.1309243799507289
Always Long Spread,2024,2024-10-18,2024-10-21,0.0016595316006139617,0.001660347533932283,8.159333183214157e-07,1,2.2742680580493926,0.1309243799507289
Always Long Spread,2024,2024-10-21,2024-10-22,0.013030541288929023,0.01303130261611894,7.613271899185037e-07,1,2.2742680580493926,0.1309243799507289
Always Long Spread,2024,2024-10-22,2024-10-23,0.015432709869969016,0.01543298031097452,2.7044100550255304e-07,1,2.2742680580493926,0.1309243799507289
Always Long Spread,2024,2024-10-23,2024-10-24,0.015307184577506844,0.01530964994817596,2.465370669116007e-06,1,2.2742680580493926,0.1309243799507289
Always Long Spread,2024,2024-10-24,2024-10-25,0.008126429355084328,0.00813018313106018,3.75377597585147e-06,1,2.2742680580493926,0.1309243799507289
Always Long Spread,2024,2024-10-25,2024-10-28,-0.010386362480625244,-0.01038219930545056,4.163175174684009e-06,1,2.2742680580493926,0.1309243799507289
Always Long Spread,2024,2024-10-28,2024-10-29,0.0018753533279219964,0.00187924448537731,3.891157455313543e-06,1,2.2742680580493926,0.1309243799507289
Always Long Spread,2024,2024-10-29,2024-10-30,0.012310399223543175,0.01231382130255505,3.4220790118739686e-06,1,2.2742680580493926,0.1309243799507289
Always Long Spread,2024,2024-10-30,2024-10-31,0.0137122660687217,0.01371678703279555,4.520964073851053e-06,1,2.2742680580493926,0.1309243799507289
Always Long Spread,2024,2024-10-31,2024-11-01,0.015148084569550453,0.01515476271126313,6.678141712678443e-06,1,2.2742680580493926,0.1309243799507289
Always Long Spread,2024,2024-11-01,2024-11-04,-0.010439761377420196,-0.01043079503584661,8.966341573587e-06,1,2.2742680580493926,0.1309243799507289
Always Long Spread,2024,2024-11-04,2024-11-05,0.006903613622854559,0.006910208192802526,6.594569947967033e-06,1,2.2742680580493926,0.1309243799507289
Always Long Spread,2024,2024-11-05,2024-11-06,0.004530579369276756,0.004537494344422438,6.914975145681956e-06,1,2.2742680580493926,0.1309243799507289
Always Long Spread,2024,2024-11-06,2024-11-07,0.0205491760795683,0.02055710686240369,7.930782835389061e-06,1,2.2742680580493926,0.1309243799507289
Always Long Spread,2024,2024-11-07,2024-11-08,0.008893738735864248,0.008903839949760727,1.0101213896479334e-05,1,2.2742680580493926,0.1309243799507289
Always Long Spread,2024,2024-11-08,2024-11-11,-0.0013386642093781078,-0.001326816323999719,1.1847885378388823e-05,1,2.2742680580493926,0.1309243799507289
Always Long Spread,2024,2024-11-11,2024-11-12,-0.0011192715613026988,-0.001108122150059177,1.1149411243521868e-05,1,2.2742680580493926,0.1309243799507289
Always Long Spread,2024,2024-11-12,2024-11-13,0.004843904349469431,0.004855178515589635,1.1274166120203767e-05,1,2.2742680580493926,0.1309243799507289
Always Long Spread,2024,2024-11-13,2024-11-14,-0.004285861538463014,-0.004274364131027986,1.1497407435027696e-05,1,2.2742680580493926,0.1785259076977027
Always Long Spread,2024,2024-11-14,2024-11-15,0.004916155590760251,0.004927082306294173,1.092671553392277e-05,1,2.2742680580493926,0.1785259076977027
Always Long Spread,2024,2024-11-15,2024-11-18,0.00912426995318467,0.009135156696247725,1.0886743063055816e-05,1,2.2742680580493926,0.1785259076977027
Always Long Spread,2024,2024-11-18,2024-11-19,-0.006312704454824003,-0.006301596395341224,1.1108059482779099e-05,1,2.2742680580493926,0.1785259076977027
Always Long Spread,2024,2024-11-19,2024-11-20,-0.010307030940353666,-0.01029649161385297,1.0539326500696834e-05,1,2.2742680580493926,0.1785259076977027
Always Long Spread,2024,2024-11-20,2024-11-21,-0.008276531327176795,-0.00826760634673879,8.92498043800416e-06,1,2.2742680580493926,0.1785259076977027
Always Long Spread,2024,2024-11-21,2024-11-22,0.0017932577007215608,0.001800465103881997,7.2074031604362764e-06,1,2.2742680580493926,0.1785259076977027
Always Long Spread,2024,2024-11-22,2024-11-25,-0.009574637907738465,-0.00956779582366169,6.842084076774835e-06,1,2.2742680580493926,0.1785259076977027
Always Long Spread,2024,2024-11-25,2024-11-26,0.012276779073754707,0.01228225850932507,5.4794355703637884e-06,1,2.2742680580493926,0.1785259076977027
Always Long Spread,2024,2024-11-26,2024-11-27,-0.0008280015325139716,-0.0008199424359589128,8.059096555058765e-06,1,2.2742680580493926,0.1785259076977027
Always Long Spread,2024,2024-11-27,2024-11-29,0.009314993896046191,0.009321598717734532,6.604821688340756e-06,1,2.2742680580493926,0.1785259076977027
Always Long Spread,2024,2024-11-29,2024-12-02,0.00491884785031538,0.004926707008514167,7.85915819878602e-06,1,2.2742680580493926,0.1785259076977027
Always Long Spread,2024,2024-12-02,2024-12-03,0.00022014252820384,0.0002284641541237687,8.321625919928688e-06,1,2.2742680580493926,0.1785259076977027
Always Long Spread,2024,2024-12-03,2024-12-04,-0.012840851482359127,-0.01283298958577119,7.861896587937679e-06,1,2.2742680580493926,0.1785259076977027
Always Long Spread,2024,2024-12-04,2024-12-05,0.011493627466078805,0.01150076286701287,7.135400934065617e-06,1,2.2742680580493926,0.1785259076977027
Always Long Spread,2024,2024-12-05,2024-12-06,0.008186781610283175,0.008194255460642234,7.473850359058898e-06,1,2.2742680580493926,0.1785259076977027
Always Long Spread,2024,2024-12-06,2024-12-09,-0.008915077379973392,-0.008907630817844507,7.4465621288850595e-06,1,2.2742680580493926,0.1785259076977027
Always Long Spread,2024,2024-12-09,2024-12-10,-0.0010488842911445953,-0.001041529024095463,7.355267049132197e-06,1,2.2742680580493926,0.1785259076977027
Always Long Spread,2024,2024-12-10,2024-12-11,0.0024347789949790677,0.002440891023973893,6.112028994825269e-06,1,2.2742680580493926,0.1785259076977027
Always Long Spread,2024,2024-12-11,2024-12-12,0.003351598861092002,0.003358213882762127,6.6150216701249545e-06,1,2.2742680580493926,0.1785259076977027
Always Long Spread,2024,2024-12-12,2024-12-13,-0.0026918281296997274,-0.002684159475952788,7.668653746939424e-06,1,2.2742680580493926,0.1785259076977027
Always Long Spread,2024,2024-12-13,2024-12-16,-0.011893737784374766,-0.01188644415904821,7.293625326555697e-06,1,2.2742680580493926,0.1556265055269499
Always Long Spread,2024,2024-12-16,2024-12-17,-0.0059441243646588355,-0.005937676032267496,6.44833239133924e-06,1,2.2742680580493926,0.1556265055269499
Always Long Spread,2024,2024-12-17,2024-12-18,-0.011222537012160715,-0.0112171025411957,5.434470965013705e-06,1,2.2742680580493926,0.1556265055269499
Always Long Spread,2024,2024-12-18,2024-12-19,0.003064391995969824,0.003069128427505537,4.736431535712959e-06,1,2.2742680580493926,0.1556265055269499
Always Long Spread,2024,2024-12-19,2024-12-20,-0.006845936333317688,-0.006840233765176371,5.7025681413166995e-06,1,2.2742680580493926,0.1556265055269499
Always Long Spread,2024,2024-12-20,2024-12-23,0.0035566377472214823,0.003562630587834665,5.9928406131827815e-06,1,2.2742680580493926,0.1556265055269499
Always Long Spread,2024,2024-12-23,2024-12-24,0.00014864892618359139,0.000156344093744645,7.695167561053596e-06,1,2.2742680580493926,0.1556265055269499
Always Long Spread,2024,2024-12-24,2024-12-26,-0.007328632495175802,-0.007319495891144057,9.1366040317456e-06,1,2.2742680580493926,0.1556265055269499
Always Long Spread,2024,2024-12-26,2024-12-27,-0.0009048645408008721,-0.0008960155287531238,8.84901204774835e-06,1,2.2742680580493926,0.1556265055269499
Always Long Spread,2024,2024-12-27,2024-12-30,-0.0004505870770414147,-0.0004422238308861895,8.363246155225212e-06,1,2.2742680580493926,0.1556265055269499
Always Long Spread,2024,2024-12-30,2024-12-31,0.008695642472794304,0.009415827136623124,0.0007201846638288197,1,2.2742680580493926,0.1556265055269499
Always Short Spread,2024,2024-01-02,2024-01-03,0.00539441586559774,0.006128745895111105,0.000734330029513365,-1,2.2742680580493926,0.2657662687656317
Always Short Spread,2024,2024-01-03,2024-01-04,0.006168303550932069,0.006169770048293662,1.4664973615933497e-06,-1,2.2742680580493926,0.2657662687656317
Always Short Spread,2024,2024-01-04,2024-01-05,-0.005864512945886922,-0.005863979436402498,5.33509484423822e-07,-1,2.2742680580493926,0.2657662687656317
Always Short Spread,2024,2024-01-05,2024-01-08,0.007607022313858108,0.007608360826759595,1.338512901486788e-06,-1,2.2742680580493926,0.2657662687656317
Always Short Spread,2024,2024-01-08,2024-01-09,-0.004235605320476571,-0.004233709738726874,1.8955817496968397e-06,-1,2.2742680580493926,0.2657662687656317
Always Short Spread,2024,2024-01-09,2024-01-10,0.004465163893877931,0.004467748283675053,2.58438979712175e-06,-1,2.2742680580493926,0.2657662687656317
Always Short Spread,2024,2024-01-10,2024-01-11,-0.0019098621822495456,-0.001908117218980982,1.744963268563604e-06,-1,2.2742680580493926,0.2657662687656317
Always Short Spread,2024,2024-01-11,2024-01-12,0.008334056360642817,0.00833671140647703,2.6550458342116113e-06,-1,2.2742680580493926,0.2657662687656317
Always Short Spread,2024,2024-01-12,2024-01-16,0.0063900925646142165,0.006392740192639398,2.647628025182286e-06,-1,2.2742680580493926,0.2657662687656317
Always Short Spread,2024,2024-01-16,2024-01-17,0.0030137736700203747,0.003017606732389046,3.833062368671203e-06,-1,2.2742680580493926,0.2153900267928158
Always Short Spread,2024,2024-01-17,2024-01-18,-0.003379005897650538,-0.003373390898876433,5.614998774105345e-06,-1,2.2742680580493926,0.2153900267928158
Always Short Spread,2024,2024-01-18,2024-01-19,-0.0052660002737292,-0.005260344326678575,5.655947050625026e-06,-1,2.2742680580493926,0.2153900267928158
Always Short Spread,2024,2024-01-19,2024-01-22,-0.009820411049044879,-0.009817471528203704,2.939520841174631e-06,-1,2.2742680580493926,0.2153900267928158
Always Short Spread,2024,2024-01-22,2024-01-23,-0.006481875640227464,-0.006479956267671216,1.919372556247856e-06,-1,2.2742680580493926,0.2153900267928158
Always Short Spread,2024,2024-01-23,2024-01-24,0.001778463661611388,0.001781519569285124,3.0559076737362025e-06,-1,2.2742680580493926,0.2153900267928158
Always Short Spread,2024,2024-01-24,2024-01-25,0.008509007967671206,0.008511110913797833,2.102946126627092e-06,-1,2.2742680580493926,0.2153900267928158
Always Short Spread,2024,2024-01-25,2024-01-26,0.0012540737132806,0.001255267833364731,1.1941200841310008e-06,-1,2.2742680580493926,0.2153900267928158
Always Short Spread,2024,2024-01-26,2024-01-29,0.018263210307073518,0.01826452798022343,1.3176731499120186e-06,-1,2.2742680580493926,0.2153900267928158
Always Short Spread,2024,2024-01-29,2024-01-30,-0.010936590649262185,-0.01093525172573736,1.3389235248247035e-06,-1,2.2742680580493926,0.2153900267928158
Always Short Spread,2024,2024-01-30,2024-01-31,0.0027144477142486767,0.002715042788776647,5.950745279700021e-07,-1,2.2742680580493926,0.2153900267928158
Always Short Spread,2024,2024-01-31,2024-02-01,0.00871609418368666,0.008716475751166491,3.815674798317847e-07,-1,2.2742680580493926,0.2153900267928158
Always Short Spread,2024,2024-02-01,2024-02-02,0.007069128902635905,0.007069913147608657,7.842449727517853e-07,-1,2.2742680580493926,0.2153900267928158
Always Short Spread,2024,2024-02-02,2024-02-05,-0.0018390690408385535,-0.001837455592930228,1.6134479083256548e-06,-1,2.2742680580493926,0.2153900267928158
Always Short Spread,2024,2024-02-05,2024-02-06,-0.005226996069917379,-0.005225031516263191,1.9645536541887664e-06,-1,2.2742680580493926,0.2153900267928158
Always Short Spread,2024,2024-02-06,2024-02-07,0.00025415021301299973,0.0002569308394493562,2.7806264363564872e-06,-1,2.2742680580493926,0.2153900267928158
Always Short Spread,2024,2024-02-07,2024-02-08,-0.008533908548066292,-0.008530854130095925,3.0544179703680952e-06,-1,2.2742680580493926,0.2153900267928158
Always Short Spread,2024,2024-02-08,2024-02-09,0.008057254646486146,0.008059730674965468,2.4760284793225452e-06,-1,2.2742680580493926,0.2153900267928158
Always Short Spread,2024,2024-02-09,2024-02-12,-0.005490970989566845,-0.00548822331523021,2.747674336634365e-06,-1,2.2742680580493926,0.2153900267928158
Always Short Spread,2024,2024-02-12,2024-02-13,0.0007287481524086032,0.0007302497491828057,1.501596774202585e-06,-1,2.2742680580493926,0.2153900267928158
Always Short Spread,2024,2024-02-13,2024-02-14,0.011524532474653128,0.01152639605288029,1.8635782271625157e-06,-1,2.2742680580493926,0.2153900267928158
Always Short Spread,2024,2024-02-14,2024-02-15,0.0023206944218336677,0.002323094346280594,2.3999244469264936e-06,-1,2.2742680580493926,0.1450380990458977
Always Short Spread,2024,2024-02-15,2024-02-16,-0.0008897269586224834,-0.0008874813233637167,2.245635258766754e-06,-1,2.2742680580493926,0.1450380990458977
Always Short Spread,2024,2024-02-16,2024-02-20,-0.0032399885583387703,-0.003238736731893266,1.251826445504256e-06,-1,2.2742680580493926,0.1450380990458977
Always Short Spread,2024,2024-02-20,2024-02-21,0.008545207106380825,0.008545512018840453,3.049124596274377e-07,-1,2.2742680580493926,0.1450380990458977
Always Short Spread,2024,2024-02-21,2024-02-22,0.0020829055406572095,0.002084478234427756,1.5726937705466126e-06,-1,2.2742680580493926,0.1450380990458977
Always Short Spread,2024,2024-02-22,2024-02-23,0.008430890189151528,0.008432722652954451,1.8324638029234008e-06,-1,2.2742680580493926,0.1450380990458977
Always Short Spread,2024,2024-02-23,2024-02-26,0.0012483953390004894,0.001251445822781514,3.050483781024738e-06,-1,2.2742680580493926,0.1450380990458977
Always Short Spread,2024,2024-02-26,2024-02-27,-0.004841553374499699,-0.004838724494987541,2.8288795121576006e-06,-1,2.2742680580493926,0.1450380990458977
Always Short Spread,2024,2024-02-27,2024-02-28,0.002438624021443944,0.002441400141797579,2.776120353634809e-06,-1,2.2742680580493926,0.1450380990458977
Always Short Spread,2024,2024-02-28,2024-02-29,0.007868512599670962,0.007870832310685229,2.319711014267589e-06,-1,2.2742680580493926,0.1450380990458977
Always Short Spread,2024,2024-02-29,2024-03-01,-0.012007802712823572,-0.01200492820636089,2.8745064626829463e-06,-1,2.2742680580493926,0.1450380990458977
Always Short Spread,2024,2024-03-01,2024-03-04,-0.0018027892578062993,-0.001801312890470071,1.476367336228357e-06,-1,2.2742680580493926,0.1450380990458977
Always Short Spread,2024,2024-03-04,2024-03-05,-0.00022783882285568445,-0.0002267389941639063,1.0998286917781597e-06,-1,2.2742680580493926,0.1450380990458977
Always Short Spread,2024,2024-03-05,2024-03-06,0.0057357924746002835,0.005737262281762873,1.4698071625894316e-06,-1,2.2742680580493926,0.1450380990458977
Always Short Spread,2024,2024-03-06,2024-03-07,-0.007468802334698937,-0.007467204742274978,1.5975924239590712e-06,-1,2.2742680580493926,0.1450380990458977
Always Short Spread,2024,2024-03-07,2024-03-08,-0.009621260375401699,-0.009620477396928905,7.829784727929335e-07,-1,2.2742680580493926,0.1450380990458977
Always Short Spread,2024,2024-03-08,2024-03-11,-0.0012676303588689565,-0.00126713669724934,4.936616196166699e-07,-1,2.2742680580493926,0.1450380990458977
Always Short Spread,2024,2024-03-11,2024-03-12,-0.019247926641178126,-0.01924732892394952,5.977172286081301e-07,-1,2.2742680580493926,0.1450380990458977
Always Short Spread,2024,2024-03-12,2024-03-13,-0.0038552073088042537,-0.003854606087978791,6.012208254626838e-07,-1,2.2742680580493926,0.1450380990458977
Always Short Spread,2024,2024-03-13,2024-03-14,0.004029293185819473,0.004030343526920313,1.0503411008400133e-06,-1,2.2742680580493926,0.1450380990458977
Always Short Spread,2024,2024-03-14,2024-03-15,-0.01255877714738108,-0.01255825838332496,5.187640561193086e-07,-1,2.2742680580493926,0.1450380990458977
Always Short Spread,2024,2024-03-15,2024-03-18,0.004790486871092471,0.004791618372229974,1.1315011375036266e-06,-1,2.2742680580493926,0.3029973246259943
Always Short Spread,2024,2024-03-18,2024-03-19,0.004750913659107154,0.004751895736094651,9.820769874968606e-07,-1,2.2742680580493926,0.3029973246259943
Always Short Spread,2024,2024-03-19,2024-03-20,-0.007992769730301235,-0.007992031313046157,7.384172550772561e-07,-1,2.2742680580493926,0.3029973246259943
Always Short Spread,2024,2024-03-20,2024-03-21,0.0004086592530844588,0.0004095613189556741,9.020658712153295e-07,-1,2.2742680580493926,0.3029973246259943
Always Short Spread,2024,2024-03-21,2024-03-22,0.009061860795082404,0.009062739400909313,8.786058269091013e-07,-1,2.2742680580493926,0.3029973246259943
Always Short Spread,2024,2024-03-22,2024-03-25,-0.010358848475391518,-0.01035868401976778,1.644556237393735e-07,-1,2.2742680580493926,0.3029973246259943
Always Short Spread,2024,2024-03-25,2024-03-26,0.005893647957675853,0.005893819036842182,1.7107916632888575e-07,-1,2.2742680580493926,0.3029973246259943
Always Short Spread,2024,2024-03-26,2024-03-27,0.004327591696065394,0.004327831975924719,2.402798593250932e-07,-1,2.2742680580493926,0.3029973246259943
Always Short Spread,2024,2024-03-27,2024-03-28,-0.0009680834756013215,-0.0009679962665668314,8.720903449010997e-08,-1,2.2742680580493926,0.3029973246259943
Always Short Spread,2024,2024-03-28,2024-04-01,-0.0011857370950568039,-0.001185598125912124,1.3896914467986798e-07,-1,2.2742680580493926,0.3029973246259943
Always Short Spread,2024,2024-04-01,2024-04-02,0.0027169564202536643,0.002717071436548774,1.1501629510959898e-07,-1,2.2742680580493926,0.3029973246259943
Always Short Spread,2024,2024-04-02,2024-04-03,-0.004578611094889559,-0.004578412298652151,1.9879623740723384e-07,-1,2.2742680580493926,0.3029973246259943
Always Short Spread,2024,2024-04-03,2024-04-04,0.006848381080840658,0.006848772155823009,3.910749823513582e-07,-1,2.2742680580493926,0.3029973246259943
Always Short Spread,2024,2024-04-04,2024-04-05,-0.0047903904668449,-0.004790162227987592,2.2823885730791082e-07,-1,2.2742680580493926,0.3029973246259943
Always Short Spread,2024,2024-04-05,2024-04-08,0.007004332201634455,0.007004968621630987,6.364199965318284e-07,-1,2.2742680580493926,0.3029973246259943
Always Short Spread,2024,2024-04-08,2024-04-09,0.005386564301276671,0.005386852906048144,2.886047714724116e-07,-1,2.2742680580493926,0.3029973246259943
Always Short Spread,2024,2024-04-09,2024-04-10,0.0017632914541625977,0.001763427497721955,1.3604355935728507e-07,-1,2.2742680580493926,0.3029973246259943
Always Short Spread,2024,2024-04-10,2024-04-11,0.011300667883023101,0.01130084542109449,1.775380713881225e-07,-1,2.2742680580493926,0.3029973246259943
Always Short Spread,2024,2024-04-11,2024-04-12,-0.0005816706647329511,-0.0005815003858730232,1.702788599279026e-07,-1,2.2742680580493926,0.3029973246259943
Always Short Spread,2024,2024-04-12,2024-04-15,0.005448047768351931,0.005448216855900611,1.6908754868069642e-07,-1,2.2742680580493926,0.3029973246259943
Always Short Spread,2024,2024-04-15,2024-04-16,0.007060556245993452,0.007061332409559028,7.761635655757216e-07,-1,2.2742680580493926,0.3029973246259943
Always Short Spread,2024,2024-04-16,2024-04-17,0.000823498161350043,0.000824816317661954,1.3181563119109009e-06,-1,2.2742680580493926,0.1535002063270075
Always Short Spread,2024,2024-04-17,2024-04-18,0.012372894193846042,0.01237465862630678,1.7644324607376528e-06,-1,2.2742680580493926,0.1535002063270075
Always Short Spread,2024,2024-04-18,2024-04-19,-0.006228646327890177,-0.006226535387505861,2.1109403843157793e-06,-1,2.2742680580493926,0.1535002063270075
Always Short Spread,2024,2024-04-19,2024-04-22,-0.008245724597776734,-0.008243661476255052,2.0631215216814493e-06,-1,2.2742680580493926,0.1535002063270075
Always Short Spread,2024,2024-04-22,2024-04-23,-0.004314427793808515,-0.004312246114429053,2.1816793794617596e-06,-1,2.2742680580493926,0.1535002063270075
Always Short Spread,2024,2024-04-23,2024-04-24,0.0024177585691894806,0.002419232065129547,1.4734959400664606e-06,-1,2.2742680580493926,0.1535002063270075
Always Short Spread,2024,2024-04-24,2024-04-25,-0.00021283922582060496,-0.000211116500024654,1.7227257959509524e-06,-1,2.2742680580493926,0.1535002063270075
Always Short Spread,2024,2024-04-25,2024-04-26,-0.0028637965340095363,-0.002862195613931709,1.6009200778274445e-06,-1,2.2742680580493926,0.1535002063270075
Always Short Spread,2024,2024-04-26,2024-04-29,0.010936861901044218,0.01093776565385378,9.037528095636461e-07,-1,2.2742680580493926,0.1535002063270075
Always Short Spread,2024,2024-04-29,2024-04-30,0.01034169704903495,0.01034286192290743,1.1648738724799324e-06,-1,2.2742680580493926,0.1535002063270075
Always Short Spread,2024,2024-04-30,2024-05-01,-0.014298034398288532,-0.0142974370309278,5.973673607322927e-07,-1,2.2742680580493926,0.1535002063270075
Always Short Spread,2024,2024-05-01,2024-05-02,-0.008355865392640539,-0.008355237544530915,6.278481096234634e-07,-1,2.2742680580493926,0.1535002063270075
Always Short Spread,2024,2024-05-02,2024-05-03,0.003263085901956775,0.003263488520190415,4.02618233640184e-07,-1,2.2742680580493926,0.1535002063270075
Always Short Spread,2024,2024-05-03,2024-05-06,-0.0071671598978799945,-0.007165719202948891,1.4406949311031038e-06,-1,2.2742680580493926,0.1535002063270075
Always Short Spread,2024,2024-05-06,2024-05-07,-0.003070543229042496,-0.003069521321621185,1.0219074213112522e-06,-1,2.2742680580493926,0.1535002063270075
Always Short Spread,2024,2024-05-07,2024-05-08,0.012418546494893,0.01241963471955257,1.08822465956937e-06,-1,2.2742680580493926,0.1535002063270075
Always Short Spread,2024,2024-05-08,2024-05-09,0.007214827575534245,0.007216434460681164,1.6068851469185354e-06,-1,2.2742680580493926,0.1535002063270075
Always Short Spread,2024,2024-05-09,2024-05-10,-0.011617322717365139,-0.01161724857730383,7.414006130895823e-08,-1,2.2742680580493926,0.1535002063270075
Always Short Spread,2024,2024-05-10,2024-05-13,-0.008092291470038707,-0.008090496816115858,1.7946539228488323e-06,-1,2.2742680580493926,0.1535002063270075
Always Short Spread,2024,2024-05-13,2024-05-14,0.008280454322652944,0.008282228443556616,1.7741209036715167e-06,-1,2.2742680580493926,0.1535002063270075
Always Short Spread,2024,2024-05-14,2024-05-15,-0.0005042513167201428,-0.0005035632703748252,6.880463453175501e-07,-1,2.2742680580493926,0.1535002063270075
Always Short Spread,2024,2024-05-15,2024-05-16,-0.007910221048527614,-0.00790977360814027,4.4744038734539914e-07,-1,2.2742680580493926,0.09486224375029678
Always Short Spread,2024,2024-05-16,2024-05-17,-0.0080485877175521,-0.008047161905834516,1.425811717585046e-06,-1,2.2742680580493926,0.09486224375029678
Always Short Spread,2024,2024-05-17,2024-05-20,-0.008552178051907397,-0.00854794392362055,4.234128286847772e-06,-1,2.2742680580493926,0.09486224375029678
Always Short Spread,2024,2024-05-20,2024-05-21,0.006829506535161785,0.006835014111955483,5.507576793698122e-06,-1,2.2742680580493926,0.09486224375029678
Always Short Spread,2024,2024-05-21,2024-05-22,0.0005716286574357195,0.0005739895397073817,2.3608822716622013e-06,-1,2.2742680580493926,0.09486224375029678
Always Short Spread,2024,2024-05-22,2024-05-23,0.003438870290231003,0.003440263719616391,1.3934293853879454e-06,-1,2.2742680580493926,0.09486224375029678
Always Short Spread,2024,2024-05-23,2024-05-24,0.007209078903079045,0.007210591666646895,1.5127635678503504e-06,-1,2.2742680580493926,0.09486224375029678
Always Short Spread,2024,2024-05-24,2024-05-28,0.0005513093842320014,0.0005515137344067108,2.043501747093779e-07,-1,2.2742680580493926,0.09486224375029678
Always Short Spread,2024,2024-05-28,2024-05-29,0.001483171088847876,0.001484465522228249,1.2944333803729946e-06,-1,2.2742680580493926,0.09486224375029678
Always Short Spread,2024,2024-05-29,2024-05-30,-0.00499028953006427,-0.004985889688816797,4.399841247472169e-06,-1,2.2742680580493926,0.09486224375029678
Always Short Spread,2024,2024-05-30,2024-05-31,0.0056625600323005265,0.005666447408280785,3.887375980258567e-06,-1,2.2742680580493926,0.09486224375029678
Always Short Spread,2024,2024-05-31,2024-06-03,0.008857586961904643,0.008859798888771076,2.2119268664321234e-06,-1,2.2742680580493926,0.09486224375029678
Always Short Spread,2024,2024-06-03,2024-06-04,-0.0025535611010079314,-0.002550005491924042,3.5556090838891884e-06,-1,2.2742680580493926,0.09486224375029678
Always Short Spread,2024,2024-06-04,2024-06-05,0.00872605770333987,0.00872760313493027,1.5454315904005478e-06,-1,2.2742680580493926,0.09486224375029678
Always Short Spread,2024,2024-06-05,2024-06-06,-0.013716049752372114,-0.01371312142626703,2.928326105082535e-06,-1,2.2742680580493926,0.09486224375029678
Always Short Spread,2024,2024-06-06,2024-06-07,0.013954081855328105,0.01395732410279319,3.2422474650860566e-06,-1,2.2742680580493926,0.09486224375029678
Always Short Spread,2024,2024-06-07,2024-06-10,0.0045212109237249,0.004523609691526327,2.3987678014276705e-06,-1,2.2742680580493926,0.09486224375029678
Always Short Spread,2024,2024-06-10,2024-06-11,-0.005641540870096628,-0.005637801600801585,3.7392692950426464e-06,-1,2.2742680580493926,0.09486224375029678
Always Short Spread,2024,2024-06-11,2024-06-12,0.00211505749942874,0.002117928477224624,2.8709777958835224e-06,-1,2.2742680580493926,0.09486224375029678
Always Short Spread,2024,2024-06-12,2024-06-13,0.0026434048388170725,0.002647145127528176,3.7402887111036567e-06,-1,2.2742680580493926,0.09486224375029678
Always Short Spread,2024,2024-06-13,2024-06-14,0.008380588275112075,0.00838616155343248,5.573278320405106e-06,-1,2.2742680580493926,0.09486224375029678
Always Short Spread,2024,2024-06-14,2024-06-17,0.006338715037663764,0.00634474832095043,6.033283286666413e-06,-1,2.2742680580493926,0.2377568628371069
Always Short Spread,2024,2024-06-17,2024-06-18,-0.007400596753403438,-0.007395674870909536,4.921882493902186e-06,-1,2.2742680580493926,0.2377568628371069
Always Short Spread,2024,2024-06-18,2024-06-20,0.005709179872238124,0.005717121519469091,7.94164723096763e-06,-1,2.2742680580493926,0.2377568628371069
Always Short Spread,2024,2024-06-20,2024-06-21,0.0014847771487040715,0.00149442137306792,9.644224363848597e-06,-1,2.2742680580493926,0.2377568628371069
Always Short Spread,2024,2024-06-21,2024-06-24,0.002182414317082515,0.002193105480281742,1.0691163199227195e-05,-1,2.2742680580493926,0.2377568628371069
Always Short Spread,2024,2024-06-24,2024-06-25,0.0007217498678184674,0.0007347892982765523,1.3039430458084894e-05,-1,2.2742680580493926,0.2377568628371069
Always Short Spread,2024,2024-06-25,2024-06-26,-0.005039368317820153,-0.005030239679507368,9.128638312785403e-06,-1,2.2742680580493926,0.2377568628371069
Always Short Spread,2024,2024-06-26,2024-06-27,0.00930493633431864,0.009312540614784027,7.604280465385999e-06,-1,2.2742680580493926,0.2377568628371069
Always Short Spread,2024,2024-06-27,2024-06-28,0.0008136999192771969,0.0008213490278714064,7.649108594209614e-06,-1,2.2742680580493926,0.2377568628371069
Always Short Spread,2024,2024-06-28,2024-07-01,-0.001960129161451592,-0.001953924149387145,6.205012064446736e-06,-1,2.2742680580493926,0.2377568628371069
Always Short Spread,2024,2024-07-01,2024-07-02,-0.001301880445605221,-0.001295293367518719,6.587078086502052e-06,-1,2.2742680580493926,0.2377568628371069
Always Short Spread,2024,2024-07-02,2024-07-03,-0.008185569549674311,-0.00817831771298179,7.251836692520608e-06,-1,2.2742680580493926,0.2377568628371069
Always Short Spread,2024,2024-07-03,2024-07-05,0.005956348360514822,0.005961477506011267,5.129145496444804e-06,-1,2.2742680580493926,0.2377568628371069
Always Short Spread,2024,2024-07-05,2024-07-08,0.005166045724773988,0.00517494229397525,8.896569201261444e-06,-1,2.2742680580493926,0.2377568628371069
Always Short Spread,2024,2024-07-08,2024-07-09,0.007940722684723267,0.007946615893458318,5.893208735051392e-06,-1,2.2742680580493926,0.2377568628371069
Always Short Spread,2024,2024-07-09,2024-07-10,0.017665785721988802,0.01767410387354467,8.318151555868154e-06,-1,2.2742680580493926,0.2377568628371069
Always Short Spread,2024,2024-07-10,2024-07-11,0.00037851736839434355,0.0003874531379822353,8.935769587891745e-06,-1,2.2742680580493926,0.2377568628371069
Always Short Spread,2024,2024-07-11,2024-07-12,-0.00035479917261602747,-0.0003451399985382872,9.659174077740251e-06,-1,2.2742680580493926,0.2377568628371069
Always Short Spread,2024,2024-07-12,2024-07-15,0.02389281310932687,0.02389853098342333,5.717874096459658e-06,-1,2.2742680580493926,0.2377568628371069
Always Short Spread,2024,2024-07-15,2024-07-16,-0.010145310717788023,-0.01013724693064819,8.063787139832551e-06,-1,2.2742680580493926,0.2377568628371069
Always Short Spread,2024,2024-07-16,2024-07-17,-0.0028859095805231693,-0.002881514274503023,4.395306020146206e-06,-1,2.2742680580493926,0.2377568628371069
Always Short Spread,2024,2024-07-17,2024-07-18,-0.002846975598665309,-0.002845026125993374,1.9494726719351818e-06,-1,2.2742680580493926,0.3089633479301247
Always Short Spread,2024,2024-07-18,2024-07-19,0.0007654019012745753,0.0007691604659993032,3.758564724727853e-06,-1,2.2742680580493926,0.3089633479301247
Always Short Spread,2024,2024-07-19,2024-07-22,-0.012076469454154724,-0.0120709988305328,5.470623621923299e-06,-1,2.2742680580493926,0.3089633479301247
Always Short Spread,2024,2024-07-22,2024-07-23,-0.0006326180966242488,-0.0006308008050144646,1.8172916097841108e-06,-1,2.2742680580493926,0.3089633479301247
Always Short Spread,2024,2024-07-23,2024-07-24,0.006499648534376886,0.006500075407266966,4.268728900801988e-07,-1,2.2742680580493926,0.3089633479301247
Always Short Spread,2024,2024-07-24,2024-07-25,0.0039497748934647975,0.003949976861186193,2.0196772139524645e-07,-1,2.2742680580493926,0.3089633479301247
Always Short Spread,2024,2024-07-25,2024-07-26,0.03593106402584038,0.03593244132934235,1.37730350197382e-06,-1,2.2742680580493926,0.3089633479301247
Always Short Spread,2024,2024-07-26,2024-07-29,0.0233282256839379,0.02332969341511731,1.467731179409043e-06,-1,2.2742680580493926,0.3089633479301247
Always Short Spread,2024,2024-07-29,2024-07-30,0.023315354200383227,0.02331900167772504,3.6474773418129493e-06,-1,2.2742680580493926,0.3089633479301247
Always Short Spread,2024,2024-07-30,2024-07-31,0.0006254089975530399,0.0006271018853789211,1.6928878258812564e-06,-1,2.2742680580493926,0.3089633479301247
Always Short Spread,2024,2024-07-31,2024-08-01,0.007883041632950338,0.00788556438453402,2.522751583682731e-06,-1,2.2742680580493926,0.3089633479301247
Always Short Spread,2024,2024-08-01,2024-08-02,-0.002420591036420371,-0.002417152626721498,3.438409698873102e-06,-1,2.2742680580493926,0.3089633479301247
Always Short Spread,2024,2024-08-02,2024-08-05,-0.01510220983196884,-0.0150945043131842,7.705518784638766e-06,-1,2.2742680580493926,0.3089633479301247
Always Short Spread,2024,2024-08-05,2024-08-06,0.00527299772990089,0.005279166403006292,6.1686731054012015e-06,-1,2.2742680580493926,0.3089633479301247
Always Short Spread,2024,2024-08-06,2024-08-07,0.0024947619777314733,0.002498239809278652,3.4778315471788723e-06,-1,2.2742680580493926,0.3089633479301247
Always Short Spread,2024,2024-08-07,2024-08-08,0.005557533793116349,0.005565820169414112,8.286376297762439e-06,-1,2.2742680580493926,0.3089633479301247
Always Short Spread,2024,2024-08-08,2024-08-09,-0.026617811484930202,-0.0266049388201434,1.2872664786800964e-05,-1,2.2742680580493926,0.3089633479301247
Always Short Spread,2024,2024-08-09,2024-08-12,0.007001669767805761,0.007016567836636494,1.489806883073258e-05,-1,2.2742680580493926,0.3089633479301247
Always Short Spread,2024,2024-08-12,2024-08-13,0.00842476878506916,0.008444323813576638,1.9555028507478562e-05,-1,2.2742680580493926,0.3089633479301247
Always Short Spread,2024,2024-08-13,2024-08-14,0.029052145984060473,0.02907834871153253,2.6202727472056987e-05,-1,2.2742680580493926,0.3089633479301247
Always Short Spread,2024,2024-08-14,2024-08-15,0.009717211498537949,0.009738278778460535,2.10672799225865e-05,-1,2.2742680580493926,0.3089633479301247
Always Short Spread,2024,2024-08-15,2024-08-16,0.0054829473428263725,0.005512423291302979,2.9475948476606257e-05,-1,2.2742680580493926,0.1153864786383825
Always Short Spread,2024,2024-08-16,2024-08-19,-0.0022580528123569556,-0.002228090995103911,2.996181725304442e-05,-1,2.2742680580493926,0.1153864786383825
Always Short Spread,2024,2024-08-19,2024-08-20,0.00017761042517888602,0.0002006256271040896,2.3015201925203567e-05,-1,2.2742680580493926,0.1153864786383825
Always Short Spread,2024,2024-08-20,2024-08-21,-0.00556834653423659,-0.005547912878294782,2.0433655941808017e-05,-1,2.2742680580493926,0.1153864786383825
Always Short Spread,2024,2024-08-21,2024-08-22,0.008574512115187267,0.008591673634199132,1.716151901186458e-05,-1,2.2742680580493926,0.1153864786383825
Always Short Spread,2024,2024-08-22,2024-08-23,-0.01162625444204125,-0.0116056917837803,2.056265826094933e-05,-1,2.2742680580493926,0.1153864786383825
Always Short Spread,2024,2024-08-23,2024-08-26,0.006829040234851596,0.006845538588446451,1.64983535948548e-05,-1,2.2742680580493926,0.1153864786383825
Always Short Spread,2024,2024-08-26,2024-08-27,0.005614433748308675,0.005629566455458403,1.5132707149728087e-05,-1,2.2742680580493926,0.1153864786383825
Always Short Spread,2024,2024-08-27,2024-08-28,-0.008295793549190252,-0.008283625814351318,1.2167734838933408e-05,-1,2.2742680580493926,0.1153864786383825
Always Short Spread,2024,2024-08-28,2024-08-29,-0.02201465336855425,-0.02200287648437991,1.1776884174344138e-05,-1,2.2742680580493926,0.1153864786383825
Always Short Spread,2024,2024-08-29,2024-08-30,0.00018218926617297922,0.0001904149932469776,8.22572707399838e-06,-1,2.2742680580493926,0.1153864786383825
Always Short Spread,2024,2024-08-30,2024-09-03,0.008127537538511673,0.008135530322308699,7.992783797026337e-06,-1,2.2742680580493926,0.1153864786383825
Always Short Spread,2024,2024-09-03,2024-09-04,0.002795582068452518,0.002804358433550477,8.776365097958983e-06,-1,2.2742680580493926,0.1153864786383825
Always Short Spread,2024,2024-09-04,2024-09-05,-0.011322330794630672,-0.01131309003472759,9.240759903082873e-06,-1,2.2742680580493926,0.1153864786383825
Always Short Spread,2024,2024-09-05,2024-09-06,0.012115962527544082,0.01212346229818454,7.499770640457482e-06,-1,2.2742680580493926,0.1153864786383825
Always Short Spread,2024,2024-09-06,2024-09-09,-0.012658145638074367,-0.01264944651731329,8.699120761077595e-06,-1,2.2742680580493926,0.1153864786383825
Always Short Spread,2024,2024-09-09,2024-09-10,8.596368983769785e-06,1.667174389431356e-05,8.075374910543775e-06,-1,2.2742680580493926,0.1153864786383825
Always Short Spread,2024,2024-09-10,2024-09-11,0.006411149565967063,0.006418598210116784,7.44864414972124e-06,-1,2.2742680580493926,0.1153864786383825
Always Short Spread,2024,2024-09-11,2024-09-12,-0.0015930713854938195,-0.001588255272308567,4.8161131852525465e-06,-1,2.2742680580493926,0.1153864786383825
Always Short Spread,2024,2024-09-12,2024-09-13,0.0012345050358320599,0.001237958857245425,3.4538214133650326e-06,-1,2.2742680580493926,0.1153864786383825
Always Short Spread,2024,2024-09-13,2024-09-16,-0.002550179671354517,-0.00254545223785038,4.727433504136958e-06,-1,2.2742680580493926,0.1153864786383825
Always Short Spread,2024,2024-09-16,2024-09-17,-0.00833864771288628,-0.008335412625494712,3.2350873915689692e-06,-1,2.2742680580493926,0.2117014691950601
Always Short Spread,2024,2024-09-17,2024-09-18,-0.008252647431255672,-0.00824968931863724,2.9581126184320405e-06,-1,2.2742680580493926,0.2117014691950601
Always Short Spread,2024,2024-09-18,2024-09-19,0.007323365122246529,0.007325609019631569,2.243897385040494e-06,-1,2.2742680580493926,0.2117014691950601
Always Short Spread,2024,2024-09-19,2024-09-20,-0.007054613436263655,-0.007051591361764961,3.022074498693961e-06,-1,2.2742680580493926,0.2117014691950601
Always Short Spread,2024,2024-09-20,2024-09-23,0.0034959015670681403,0.003499734907869503,3.833340801362995e-06,-1,2.2742680580493926,0.2117014691950601
Always Short Spread,2024,2024-09-23,2024-09-24,-0.012480818286089504,-0.01247512159229406,5.696693795443575e-06,-1,2.2742680580493926,0.2117014691950601
Always Short Spread,2024,2024-09-24,2024-09-25,-0.0021606448777886475,-0.002156226114157889,4.418763630758438e-06,-1,2.2742680580493926,0.2117014691950601
Always Short Spread,2024,2024-09-25,2024-09-26,0.005330024720844396,0.005332730385189106,2.7056643447095354e-06,-1,2.2742680580493926,0.2117014691950601
Always Short Spread,2024,2024-09-26,2024-09-27,0.040505995694789305,0.04050919439422564,3.198699436332997e-06,-1,2.2742680580493926,0.2117014691950601
Always Short Spread,2024,2024-09-27,2024-09-30,0.01016185008579854,0.01016443775212597,2.587666327429461e-06,-1,2.2742680580493926,0.2117014691950601
Always Short Spread,2024,2024-09-30,2024-10-01,0.01792475954947562,0.01792736297973106,2.6034302554390766e-06,-1,2.2742680580493926,0.2117014691950601
Always Short Spread,2024,2024-10-01,2024-10-02,-0.026510582058007687,-0.02650717889785856,3.4031601491254503e-06,-1,2.2742680580493926,0.2117014691950601
Always Short Spread,2024,2024-10-02,2024-10-03,-0.019018197085415932,-0.01901557675726993,2.6203281460019934e-06,-1,2.2742680580493926,0.2117014691950601
Always Short Spread,2024,2024-10-03,2024-10-04,0.0001550876753716974,0.0001556357525949129,5.480772232154819e-07,-1,2.2742680580493926,0.2117014691950601
Always Short Spread,2024,2024-10-04,2024-10-07,-0.01591795210009019,-0.01591614987525392,1.8022248362700167e-06,-1,2.2742680580493926,0.2117014691950601
Always Short Spread,2024,2024-10-07,2024-10-08,0.01314517909824325,0.01314680307311871,1.6239748754595108e-06,-1,2.2742680580493926,0.2117014691950601
Always Short Spread,2024,2024-10-08,2024-10-09,-0.007774849187977372,-0.007773347915886067,1.501272091304573e-06,-1,2.2742680580493926,0.2117014691950601
Always Short Spread,2024,2024-10-09,2024-10-10,-0.012267114909523888,-0.01226624111950062,8.737900232679285e-07,-1,2.2742680580493926,0.2117014691950601
Always Short Spread,2024,2024-10-10,2024-10-11,0.005595274155978373,0.005596336075558299,1.0619195799255187e-06,-1,2.2742680580493926,0.2117014691950601
Always Short Spread,2024,2024-10-11,2024-10-14,0.009492178550640405,0.009492951628108592,7.730774681870001e-07,-1,2.2742680580493926,0.2117014691950601
Always Short Spread,2024,2024-10-14,2024-10-15,-0.01182593853295897,-0.01182569328354184,2.4524941713000013e-07,-1,2.2742680580493926,0.2117014691950601
Always Short Spread,2024,2024-10-15,2024-10-16,0.01798803016401083,0.01798950827934754,1.4781153367074972e-06,-1,2.2742680580493926,0.1309243799507289
Always Short Spread,2024,2024-10-16,2024-10-17,0.006773258641232424,0.00677357527640211,3.1663516968649665e-07,-1,2.2742680580493926,0.1309243799507289
Always Short Spread,2024,2024-10-17,2024-10-18,0.010250430761074633,0.01025177969330856,1.3489322339270694e-06,-1,2.2742680580493926,0.1309243799507289
Always Short Spread,2024,2024-10-18,2024-10-21,-0.0016611634672506045,-0.001660347533932283,8.159333183214157e-07,-1,2.2742680580493926,0.1309243799507289
Always Short Spread,2024,2024-10-21,2024-10-22,-0.013032063943308858,-0.01303130261611894,7.613271899185037e-07,-1,2.2742680580493926,0.1309243799507289
Always Short Spread,2024,2024-10-22,2024-10-23,-0.015433250751980022,-0.01543298031097452,2.7044100550255304e-07,-1,2.2742680580493926,0.1309243799507289
Always Short Spread,2024,2024-10-23,2024-10-24,-0.015312115318845075,-0.01530964994817596,2.465370669116007e-06,-1,2.2742680580493926,0.1309243799507289
Always Short Spread,2024,2024-10-24,2024-10-25,-0.008133936907036031,-0.00813018313106018,3.75377597585147e-06,-1,2.2742680580493926,0.1309243799507289
Always Short Spread,2024,2024-10-25,2024-10-28,0.010378036130275877,0.01038219930545056,4.163175174684009e-06,-1,2.2742680580493926,0.1309243799507289
Always Short Spread,2024,2024-10-28,2024-10-29,-0.0018831356428326235,-0.00187924448537731,3.891157455313543e-06,-1,2.2742680580493926,0.1309243799507289
Always Short Spread,2024,2024-10-29,2024-10-30,-0.012317243381566924,-0.01231382130255505,3.4220790118739686e-06,-1,2.2742680580493926,0.1309243799507289
Always Short Spread,2024,2024-10-30,2024-10-31,-0.013721307996869402,-0.01371678703279555,4.520964073851053e-06,-1,2.2742680580493926,0.1309243799507289
Always Short Spread,2024,2024-10-31,2024-11-01,-0.015161440852975808,-0.01515476271126313,6.678141712678443e-06,-1,2.2742680580493926,0.1309243799507289
Always Short Spread,2024,2024-11-01,2024-11-04,0.010421828694273024,0.01043079503584661,8.966341573587e-06,-1,2.2742680580493926,0.1309243799507289
Always Short Spread,2024,2024-11-04,2024-11-05,-0.006916802762750493,-0.006910208192802526,6.594569947967033e-06,-1,2.2742680580493926,0.1309243799507289
Always Short Spread,2024,2024-11-05,2024-11-06,-0.00454440931956812,-0.004537494344422438,6.914975145681956e-06,-1,2.2742680580493926,0.1309243799507289
Always Short Spread,2024,2024-11-06,2024-11-07,-0.02056503764523908,-0.02055710686240369,7.930782835389061e-06,-1,2.2742680580493926,0.1309243799507289
Always Short Spread,2024,2024-11-07,2024-11-08,-0.008913941163657206,-0.008903839949760727,1.0101213896479334e-05,-1,2.2742680580493926,0.1309243799507289
Always Short Spread,2024,2024-11-08,2024-11-11,0.0013149684386213301,0.001326816323999719,1.1847885378388823e-05,-1,2.2742680580493926,0.1309243799507289
Always Short Spread,2024,2024-11-11,2024-11-12,0.001096972738815655,0.001108122150059177,1.1149411243521868e-05,-1,2.2742680580493926,0.1309243799507289
Always Short Spread,2024,2024-11-12,2024-11-13,-0.004866452681709839,-0.004855178515589635,1.1274166120203767e-05,-1,2.2742680580493926,0.1309243799507289
Always Short Spread,2024,2024-11-13,2024-11-14,0.004262866723592959,0.004274364131027986,1.1497407435027696e-05,-1,2.2742680580493926,0.1785259076977027
Always Short Spread,2024,2024-11-14,2024-11-15,-0.004938009021828096,-0.004927082306294173,1.092671553392277e-05,-1,2.2742680580493926,0.1785259076977027
Always Short Spread,2024,2024-11-15,2024-11-18,-0.00914604343931078,-0.009135156696247725,1.0886743063055816e-05,-1,2.2742680580493926,0.1785259076977027
Always Short Spread,2024,2024-11-18,2024-11-19,0.006290488335858445,0.006301596395341224,1.1108059482779099e-05,-1,2.2742680580493926,0.1785259076977027
Always Short Spread,2024,2024-11-19,2024-11-20,0.010285952287352273,0.01029649161385297,1.0539326500696834e-05,-1,2.2742680580493926,0.1785259076977027
Always Short Spread,2024,2024-11-20,2024-11-21,0.008258681366300787,0.00826760634673879,8.92498043800416e-06,-1,2.2742680580493926,0.1785259076977027
Always Short Spread,2024,2024-11-21,2024-11-22,-0.0018076725070424332,-0.001800465103881997,7.2074031604362764e-06,-1,2.2742680580493926,0.1785259076977027
Always Short Spread,2024,2024-11-22,2024-11-25,0.009560953739584915,0.00956779582366169,6.842084076774835e-06,-1,2.2742680580493926,0.1785259076977027
Always Short Spread,2024,2024-11-25,2024-11-26,-0.012287737944895434,-0.01228225850932507,5.4794355703637884e-06,-1,2.2742680580493926,0.1785259076977027
Always Short Spread,2024,2024-11-26,2024-11-27,0.000811883339403854,0.0008199424359589128,8.059096555058765e-06,-1,2.2742680580493926,0.1785259076977027
Always Short Spread,2024,2024-11-27,2024-11-29,-0.009328203539422873,-0.009321598717734532,6.604821688340756e-06,-1,2.2742680580493926,0.1785259076977027
Always Short Spread,2024,2024-11-29,2024-12-02,-0.004934566166712953,-0.004926707008514167,7.85915819878602e-06,-1,2.2742680580493926,0.1785259076977027
Always Short Spread,2024,2024-12-02,2024-12-03,-0.0002367857800436974,-0.0002284641541237687,8.321625919928688e-06,-1,2.2742680580493926,0.1785259076977027
Always Short Spread,2024,2024-12-03,2024-12-04,0.012825127689183253,0.01283298958577119,7.861896587937679e-06,-1,2.2742680580493926,0.1785259076977027
Always Short Spread,2024,2024-12-04,2024-12-05,-0.011507898267946936,-0.01150076286701287,7.135400934065617e-06,-1,2.2742680580493926,0.1785259076977027
Always Short Spread,2024,2024-12-05,2024-12-06,-0.008201729311001292,-0.008194255460642234,7.473850359058898e-06,-1,2.2742680580493926,0.1785259076977027
Always Short Spread,2024,2024-12-06,2024-12-09,0.008900184255715623,0.008907630817844507,7.4465621288850595e-06,-1,2.2742680580493926,0.1785259076977027
Always Short Spread,2024,2024-12-09,2024-12-10,0.0010341737570463308,0.001041529024095463,7.355267049132197e-06,-1,2.2742680580493926,0.1785259076977027
Always Short Spread,2024,2024-12-10,2024-12-11,-0.002447003052968718,-0.002440891023973893,6.112028994825269e-06,-1,2.2742680580493926,0.1785259076977027
Always Short Spread,2024,2024-12-11,2024-12-12,-0.003364828904432252,-0.003358213882762127,6.6150216701249545e-06,-1,2.2742680580493926,0.1785259076977027
Always Short Spread,2024,2024-12-12,2024-12-13,0.0026764908222058482,0.002684159475952788,7.668653746939424e-06,-1,2.2742680580493926,0.1785259076977027
Always Short Spread,2024,2024-12-13,2024-12-16,0.011879150533721653,0.01188644415904821,7.293625326555697e-06,-1,2.2742680580493926,0.1556265055269499
Always Short Spread,2024,2024-12-16,2024-12-17,0.005931227699876157,0.005937676032267496,6.44833239133924e-06,-1,2.2742680580493926,0.1556265055269499
Always Short Spread,2024,2024-12-17,2024-12-18,0.011211668070230687,0.0112171025411957,5.434470965013705e-06,-1,2.2742680580493926,0.1556265055269499
Always Short Spread,2024,2024-12-18,2024-12-19,-0.00307386485904125,-0.003069128427505537,4.736431535712959e-06,-1,2.2742680580493926,0.1556265055269499
Always Short Spread,2024,2024-12-19,2024-12-20,0.0068345311970350545,0.006840233765176371,5.7025681413166995e-06,-1,2.2742680580493926,0.1556265055269499
Always Short Spread,2024,2024-12-20,2024-12-23,-0.0035686234284478474,-0.003562630587834665,5.9928406131827815e-06,-1,2.2742680580493926,0.1556265055269499
Always Short Spread,2024,2024-12-23,2024-12-24,-0.0001640392613056986,-0.000156344093744645,7.695167561053596e-06,-1,2.2742680580493926,0.1556265055269499
Always Short Spread,2024,2024-12-24,2024-12-26,0.007310359287112311,0.007319495891144057,9.1366040317456e-06,-1,2.2742680580493926,0.1556265055269499
Always Short Spread,2024,2024-12-26,2024-12-27,0.0008871665167053754,0.0008960155287531238,8.84901204774835e-06,-1,2.2742680580493926,0.1556265055269499
Always Short Spread,2024,2024-12-27,2024-12-30,0.0004338605847309643,0.0004422238308861895,8.363246155225212e-06,-1,2.2742680580493926,0.1556265055269499
Always Short Spread,2024,2024-12-30,2024-12-31,-0.010136011800451945,-0.009415827136623124,0.0007201846638288197,-1,2.2742680580493926,0.1556265055269499
Cash / No Trade,2024,2024-01-02,2024-01-03,-0.0,-0.0,0.0,0,2.2742680580493926,0.2657662687656317
Cash / No Trade,2024,2024-01-03,2024-01-04,-0.0,-0.0,0.0,0,2.2742680580493926,0.2657662687656317
Cash / No Trade,2024,2024-01-04,2024-01-05,0.0,0.0,0.0,0,2.2742680580493926,0.2657662687656317
Cash / No Trade,2024,2024-01-05,2024-01-08,-0.0,-0.0,0.0,0,2.2742680580493926,0.2657662687656317
Cash / No Trade,2024,2024-01-08,2024-01-09,0.0,0.0,0.0,0,2.2742680580493926,0.2657662687656317
Cash / No Trade,2024,2024-01-09,2024-01-10,-0.0,-0.0,0.0,0,2.2742680580493926,0.2657662687656317
Cash / No Trade,2024,2024-01-10,2024-01-11,0.0,0.0,0.0,0,2.2742680580493926,0.2657662687656317
Cash / No Trade,2024,2024-01-11,2024-01-12,-0.0,-0.0,0.0,0,2.2742680580493926,0.2657662687656317
Cash / No Trade,2024,2024-01-12,2024-01-16,-0.0,-0.0,0.0,0,2.2742680580493926,0.2657662687656317
Cash / No Trade,2024,2024-01-16,2024-01-17,-0.0,-0.0,0.0,0,2.2742680580493926,0.2153900267928158
Cash / No Trade,2024,2024-01-17,2024-01-18,0.0,0.0,0.0,0,2.2742680580493926,0.2153900267928158
Cash / No Trade,2024,2024-01-18,2024-01-19,0.0,0.0,0.0,0,2.2742680580493926,0.2153900267928158
Cash / No Trade,2024,2024-01-19,2024-01-22,0.0,0.0,0.0,0,2.2742680580493926,0.2153900267928158
Cash / No Trade,2024,2024-01-22,2024-01-23,0.0,0.0,0.0,0,2.2742680580493926,0.2153900267928158
Cash / No Trade,2024,2024-01-23,2024-01-24,-0.0,-0.0,0.0,0,2.2742680580493926,0.2153900267928158
Cash / No Trade,2024,2024-01-24,2024-01-25,-0.0,-0.0,0.0,0,2.2742680580493926,0.2153900267928158
Cash / No Trade,2024,2024-01-25,2024-01-26,-0.0,-0.0,0.0,0,2.2742680580493926,0.2153900267928158
Cash / No Trade,2024,2024-01-26,2024-01-29,-0.0,-0.0,0.0,0,2.2742680580493926,0.2153900267928158
Cash / No Trade,2024,2024-01-29,2024-01-30,0.0,0.0,0.0,0,2.2742680580493926,0.2153900267928158
Cash / No Trade,2024,2024-01-30,2024-01-31,-0.0,-0.0,0.0,0,2.2742680580493926,0.2153900267928158
Cash / No Trade,2024,2024-01-31,2024-02-01,-0.0,-0.0,0.0,0,2.2742680580493926,0.2153900267928158
Cash / No Trade,2024,2024-02-01,2024-02-02,-0.0,-0.0,0.0,0,2.2742680580493926,0.2153900267928158
Cash / No Trade,2024,2024-02-02,2024-02-05,0.0,0.0,0.0,0,2.2742680580493926,0.2153900267928158
Cash / No Trade,2024,2024-02-05,2024-02-06,0.0,0.0,0.0,0,2.2742680580493926,0.2153900267928158
Cash / No Trade,2024,2024-02-06,2024-02-07,-0.0,-0.0,0.0,0,2.2742680580493926,0.2153900267928158
Cash / No Trade,2024,2024-02-07,2024-02-08,0.0,0.0,0.0,0,2.2742680580493926,0.2153900267928158
Cash / No Trade,2024,2024-02-08,2024-02-09,-0.0,-0.0,0.0,0,2.2742680580493926,0.2153900267928158
Cash / No Trade,2024,2024-02-09,2024-02-12,0.0,0.0,0.0,0,2.2742680580493926,0.2153900267928158
Cash / No Trade,2024,2024-02-12,2024-02-13,-0.0,-0.0,0.0,0,2.2742680580493926,0.2153900267928158
Cash / No Trade,2024,2024-02-13,2024-02-14,-0.0,-0.0,0.0,0,2.2742680580493926,0.2153900267928158
Cash / No Trade,2024,2024-02-14,2024-02-15,-0.0,-0.0,0.0,0,2.2742680580493926,0.1450380990458977
Cash / No Trade,2024,2024-02-15,2024-02-16,0.0,0.0,0.0,0,2.2742680580493926,0.1450380990458977
Cash / No Trade,2024,2024-02-16,2024-02-20,0.0,0.0,0.0,0,2.2742680580493926,0.1450380990458977
Cash / No Trade,2024,2024-02-20,2024-02-21,-0.0,-0.0,0.0,0,2.2742680580493926,0.1450380990458977
Cash / No Trade,2024,2024-02-21,2024-02-22,-0.0,-0.0,0.0,0,2.2742680580493926,0.1450380990458977
Cash / No Trade,2024,2024-02-22,2024-02-23,-0.0,-0.0,0.0,0,2.2742680580493926,0.1450380990458977
Cash / No Trade,2024,2024-02-23,2024-02-26,-0.0,-0.0,0.0,0,2.2742680580493926,0.1450380990458977
Cash / No Trade,2024,2024-02-26,2024-02-27,0.0,0.0,0.0,0,2.2742680580493926,0.1450380990458977
Cash / No Trade,2024,2024-02-27,2024-02-28,-0.0,-0.0,0.0,0,2.2742680580493926,0.1450380990458977
Cash / No Trade,2024,2024-02-28,2024-02-29,-0.0,-0.0,0.0,0,2.2742680580493926,0.1450380990458977
Cash / No Trade,2024,2024-02-29,2024-03-01,0.0,0.0,0.0,0,2.2742680580493926,0.1450380990458977
Cash / No Trade,2024,2024-03-01,2024-03-04,0.0,0.0,0.0,0,2.2742680580493926,0.1450380990458977
Cash / No Trade,2024,2024-03-04,2024-03-05,0.0,0.0,0.0,0,2.2742680580493926,0.1450380990458977
Cash / No Trade,2024,2024-03-05,2024-03-06,-0.0,-0.0,0.0,0,2.2742680580493926,0.1450380990458977
Cash / No Trade,2024,2024-03-06,2024-03-07,0.0,0.0,0.0,0,2.2742680580493926,0.1450380990458977
Cash / No Trade,2024,2024-03-07,2024-03-08,0.0,0.0,0.0,0,2.2742680580493926,0.1450380990458977
Cash / No Trade,2024,2024-03-08,2024-03-11,0.0,0.0,0.0,0,2.2742680580493926,0.1450380990458977
Cash / No Trade,2024,2024-03-11,2024-03-12,0.0,0.0,0.0,0,2.2742680580493926,0.1450380990458977
Cash / No Trade,2024,2024-03-12,2024-03-13,0.0,0.0,0.0,0,2.2742680580493926,0.1450380990458977
Cash / No Trade,2024,2024-03-13,2024-03-14,-0.0,-0.0,0.0,0,2.2742680580493926,0.1450380990458977
Cash / No Trade,2024,2024-03-14,2024-03-15,0.0,0.0,0.0,0,2.2742680580493926,0.1450380990458977
Cash / No Trade,2024,2024-03-15,2024-03-18,-0.0,-0.0,0.0,0,2.2742680580493926,0.3029973246259943
Cash / No Trade,2024,2024-03-18,2024-03-19,-0.0,-0.0,0.0,0,2.2742680580493926,0.3029973246259943
Cash / No Trade,2024,2024-03-19,2024-03-20,0.0,0.0,0.0,0,2.2742680580493926,0.3029973246259943
Cash / No Trade,2024,2024-03-20,2024-03-21,-0.0,-0.0,0.0,0,2.2742680580493926,0.3029973246259943
Cash / No Trade,2024,2024-03-21,2024-03-22,-0.0,-0.0,0.0,0,2.2742680580493926,0.3029973246259943
Cash / No Trade,2024,2024-03-22,2024-03-25,0.0,0.0,0.0,0,2.2742680580493926,0.3029973246259943
Cash / No Trade,2024,2024-03-25,2024-03-26,-0.0,-0.0,0.0,0,2.2742680580493926,0.3029973246259943
Cash / No Trade,2024,2024-03-26,2024-03-27,-0.0,-0.0,0.0,0,2.2742680580493926,0.3029973246259943
Cash / No Trade,2024,2024-03-27,2024-03-28,0.0,0.0,0.0,0,2.2742680580493926,0.3029973246259943
Cash / No Trade,2024,2024-03-28,2024-04-01,0.0,0.0,0.0,0,2.2742680580493926,0.3029973246259943
Cash / No Trade,2024,2024-04-01,2024-04-02,-0.0,-0.0,0.0,0,2.2742680580493926,0.3029973246259943
Cash / No Trade,2024,2024-04-02,2024-04-03,0.0,0.0,0.0,0,2.2742680580493926,0.3029973246259943
Cash / No Trade,2024,2024-04-03,2024-04-04,-0.0,-0.0,0.0,0,2.2742680580493926,0.3029973246259943
Cash / No Trade,2024,2024-04-04,2024-04-05,0.0,0.0,0.0,0,2.2742680580493926,0.3029973246259943
Cash / No Trade,2024,2024-04-05,2024-04-08,-0.0,-0.0,0.0,0,2.2742680580493926,0.3029973246259943
Cash / No Trade,2024,2024-04-08,2024-04-09,-0.0,-0.0,0.0,0,2.2742680580493926,0.3029973246259943
Cash / No Trade,2024,2024-04-09,2024-04-10,-0.0,-0.0,0.0,0,2.2742680580493926,0.3029973246259943
Cash / No Trade,2024,2024-04-10,2024-04-11,-0.0,-0.0,0.0,0,2.2742680580493926,0.3029973246259943
Cash / No Trade,2024,2024-04-11,2024-04-12,0.0,0.0,0.0,0,2.2742680580493926,0.3029973246259943
Cash / No Trade,2024,2024-04-12,2024-04-15,-0.0,-0.0,0.0,0,2.2742680580493926,0.3029973246259943
Cash / No Trade,2024,2024-04-15,2024-04-16,-0.0,-0.0,0.0,0,2.2742680580493926,0.3029973246259943
Cash / No Trade,2024,2024-04-16,2024-04-17,-0.0,-0.0,0.0,0,2.2742680580493926,0.1535002063270075
Cash / No Trade,2024,2024-04-17,2024-04-18,-0.0,-0.0,0.0,0,2.2742680580493926,0.1535002063270075
Cash / No Trade,2024,2024-04-18,2024-04-19,0.0,0.0,0.0,0,2.2742680580493926,0.1535002063270075
Cash / No Trade,2024,2024-04-19,2024-04-22,0.0,0.0,0.0,0,2.2742680580493926,0.1535002063270075
Cash / No Trade,2024,2024-04-22,2024-04-23,0.0,0.0,0.0,0,2.2742680580493926,0.1535002063270075
Cash / No Trade,2024,2024-04-23,2024-04-24,-0.0,-0.0,0.0,0,2.2742680580493926,0.1535002063270075
Cash / No Trade,2024,2024-04-24,2024-04-25,0.0,0.0,0.0,0,2.2742680580493926,0.1535002063270075
Cash / No Trade,2024,2024-04-25,2024-04-26,0.0,0.0,0.0,0,2.2742680580493926,0.1535002063270075
Cash / No Trade,2024,2024-04-26,2024-04-29,-0.0,-0.0,0.0,0,2.2742680580493926,0.1535002063270075
Cash / No Trade,2024,2024-04-29,2024-04-30,-0.0,-0.0,0.0,0,2.2742680580493926,0.1535002063270075
Cash / No Trade,2024,2024-04-30,2024-05-01,0.0,0.0,0.0,0,2.2742680580493926,0.1535002063270075
Cash / No Trade,2024,2024-05-01,2024-05-02,0.0,0.0,0.0,0,2.2742680580493926,0.1535002063270075
Cash / No Trade,2024,2024-05-02,2024-05-03,-0.0,-0.0,0.0,0,2.2742680580493926,0.1535002063270075
Cash / No Trade,2024,2024-05-03,2024-05-06,0.0,0.0,0.0,0,2.2742680580493926,0.1535002063270075
Cash / No Trade,2024,2024-05-06,2024-05-07,0.0,0.0,0.0,0,2.2742680580493926,0.1535002063270075
Cash / No Trade,2024,2024-05-07,2024-05-08,-0.0,-0.0,0.0,0,2.2742680580493926,0.1535002063270075
Cash / No Trade,2024,2024-05-08,2024-05-09,-0.0,-0.0,0.0,0,2.2742680580493926,0.1535002063270075
Cash / No Trade,2024,2024-05-09,2024-05-10,0.0,0.0,0.0,0,2.2742680580493926,0.1535002063270075
Cash / No Trade,2024,2024-05-10,2024-05-13,0.0,0.0,0.0,0,2.2742680580493926,0.1535002063270075
Cash / No Trade,2024,2024-05-13,2024-05-14,-0.0,-0.0,0.0,0,2.2742680580493926,0.1535002063270075
Cash / No Trade,2024,2024-05-14,2024-05-15,0.0,0.0,0.0,0,2.2742680580493926,0.1535002063270075
Cash / No Trade,2024,2024-05-15,2024-05-16,0.0,0.0,0.0,0,2.2742680580493926,0.09486224375029678
Cash / No Trade,2024,2024-05-16,2024-05-17,0.0,0.0,0.0,0,2.2742680580493926,0.09486224375029678
Cash / No Trade,2024,2024-05-17,2024-05-20,0.0,0.0,0.0,0,2.2742680580493926,0.09486224375029678
Cash / No Trade,2024,2024-05-20,2024-05-21,-0.0,-0.0,0.0,0,2.2742680580493926,0.09486224375029678
Cash / No Trade,2024,2024-05-21,2024-05-22,-0.0,-0.0,0.0,0,2.2742680580493926,0.09486224375029678
Cash / No Trade,2024,2024-05-22,2024-05-23,-0.0,-0.0,0.0,0,2.2742680580493926,0.09486224375029678
Cash / No Trade,2024,2024-05-23,2024-05-24,-0.0,-0.0,0.0,0,2.2742680580493926,0.09486224375029678
Cash / No Trade,2024,2024-05-24,2024-05-28,-0.0,-0.0,0.0,0,2.2742680580493926,0.09486224375029678
Cash / No Trade,2024,2024-05-28,2024-05-29,-0.0,-0.0,0.0,0,2.2742680580493926,0.09486224375029678
Cash / No Trade,2024,2024-05-29,2024-05-30,0.0,0.0,0.0,0,2.2742680580493926,0.09486224375029678
Cash / No Trade,2024,2024-05-30,2024-05-31,-0.0,-0.0,0.0,0,2.2742680580493926,0.09486224375029678
Cash / No Trade,2024,2024-05-31,2024-06-03,-0.0,-0.0,0.0,0,2.2742680580493926,0.09486224375029678
Cash / No Trade,2024,2024-06-03,2024-06-04,0.0,0.0,0.0,0,2.2742680580493926,0.09486224375029678
Cash / No Trade,2024,2024-06-04,2024-06-05,-0.0,-0.0,0.0,0,2.2742680580493926,0.09486224375029678
Cash / No Trade,2024,2024-06-05,2024-06-06,0.0,0.0,0.0,0,2.2742680580493926,0.09486224375029678
Cash / No Trade,2024,2024-06-06,2024-06-07,-0.0,-0.0,0.0,0,2.2742680580493926,0.09486224375029678
Cash / No Trade,2024,2024-06-07,2024-06-10,-0.0,-0.0,0.0,0,2.2742680580493926,0.09486224375029678
Cash / No Trade,2024,2024-06-10,2024-06-11,0.0,0.0,0.0,0,2.2742680580493926,0.09486224375029678
Cash / No Trade,2024,2024-06-11,2024-06-12,-0.0,-0.0,0.0,0,2.2742680580493926,0.09486224375029678
Cash / No Trade,2024,2024-06-12,2024-06-13,-0.0,-0.0,0.0,0,2.2742680580493926,0.09486224375029678
Cash / No Trade,2024,2024-06-13,2024-06-14,-0.0,-0.0,0.0,0,2.2742680580493926,0.09486224375029678
Cash / No Trade,2024,2024-06-14,2024-06-17,-0.0,-0.0,0.0,0,2.2742680580493926,0.2377568628371069
Cash / No Trade,2024,2024-06-17,2024-06-18,0.0,0.0,0.0,0,2.2742680580493926,0.2377568628371069
Cash / No Trade,2024,2024-06-18,2024-06-20,-0.0,-0.0,0.0,0,2.2742680580493926,0.2377568628371069
Cash / No Trade,2024,2024-06-20,2024-06-21,-0.0,-0.0,0.0,0,2.2742680580493926,0.2377568628371069
Cash / No Trade,2024,2024-06-21,2024-06-24,-0.0,-0.0,0.0,0,2.2742680580493926,0.2377568628371069
Cash / No Trade,2024,2024-06-24,2024-06-25,-0.0,-0.0,0.0,0,2.2742680580493926,0.2377568628371069
Cash / No Trade,2024,2024-06-25,2024-06-26,0.0,0.0,0.0,0,2.2742680580493926,0.2377568628371069
Cash / No Trade,2024,2024-06-26,2024-06-27,-0.0,-0.0,0.0,0,2.2742680580493926,0.2377568628371069
Cash / No Trade,2024,2024-06-27,2024-06-28,-0.0,-0.0,0.0,0,2.2742680580493926,0.2377568628371069
Cash / No Trade,2024,2024-06-28,2024-07-01,0.0,0.0,0.0,0,2.2742680580493926,0.2377568628371069
Cash / No Trade,2024,2024-07-01,2024-07-02,0.0,0.0,0.0,0,2.2742680580493926,0.2377568628371069
Cash / No Trade,2024,2024-07-02,2024-07-03,0.0,0.0,0.0,0,2.2742680580493926,0.2377568628371069
Cash / No Trade,2024,2024-07-03,2024-07-05,-0.0,-0.0,0.0,0,2.2742680580493926,0.2377568628371069
Cash / No Trade,2024,2024-07-05,2024-07-08,-0.0,-0.0,0.0,0,2.2742680580493926,0.2377568628371069
Cash / No Trade,2024,2024-07-08,2024-07-09,-0.0,-0.0,0.0,0,2.2742680580493926,0.2377568628371069
Cash / No Trade,2024,2024-07-09,2024-07-10,-0.0,-0.0,0.0,0,2.2742680580493926,0.2377568628371069
Cash / No Trade,2024,2024-07-10,2024-07-11,-0.0,-0.0,0.0,0,2.2742680580493926,0.2377568628371069
Cash / No Trade,2024,2024-07-11,2024-07-12,0.0,0.0,0.0,0,2.2742680580493926,0.2377568628371069
Cash / No Trade,2024,2024-07-12,2024-07-15,-0.0,-0.0,0.0,0,2.2742680580493926,0.2377568628371069
Cash / No Trade,2024,2024-07-15,2024-07-16,0.0,0.0,0.0,0,2.2742680580493926,0.2377568628371069
Cash / No Trade,2024,2024-07-16,2024-07-17,0.0,0.0,0.0,0,2.2742680580493926,0.2377568628371069
Cash / No Trade,2024,2024-07-17,2024-07-18,0.0,0.0,0.0,0,2.2742680580493926,0.3089633479301247
Cash / No Trade,2024,2024-07-18,2024-07-19,-0.0,-0.0,0.0,0,2.2742680580493926,0.3089633479301247
Cash / No Trade,2024,2024-07-19,2024-07-22,0.0,0.0,0.0,0,2.2742680580493926,0.3089633479301247
Cash / No Trade,2024,2024-07-22,2024-07-23,0.0,0.0,0.0,0,2.2742680580493926,0.3089633479301247
Cash / No Trade,2024,2024-07-23,2024-07-24,-0.0,-0.0,0.0,0,2.2742680580493926,0.3089633479301247
Cash / No Trade,2024,2024-07-24,2024-07-25,-0.0,-0.0,0.0,0,2.2742680580493926,0.3089633479301247
Cash / No Trade,2024,2024-07-25,2024-07-26,-0.0,-0.0,0.0,0,2.2742680580493926,0.3089633479301247
Cash / No Trade,2024,2024-07-26,2024-07-29,-0.0,-0.0,0.0,0,2.2742680580493926,0.3089633479301247
Cash / No Trade,2024,2024-07-29,2024-07-30,-0.0,-0.0,0.0,0,2.2742680580493926,0.3089633479301247
Cash / No Trade,2024,2024-07-30,2024-07-31,-0.0,-0.0,0.0,0,2.2742680580493926,0.3089633479301247
Cash / No Trade,2024,2024-07-31,2024-08-01,-0.0,-0.0,0.0,0,2.2742680580493926,0.3089633479301247
Cash / No Trade,2024,2024-08-01,2024-08-02,0.0,0.0,0.0,0,2.2742680580493926,0.3089633479301247
Cash / No Trade,2024,2024-08-02,2024-08-05,0.0,0.0,0.0,0,2.2742680580493926,0.3089633479301247
Cash / No Trade,2024,2024-08-05,2024-08-06,-0.0,-0.0,0.0,0,2.2742680580493926,0.3089633479301247
Cash / No Trade,2024,2024-08-06,2024-08-07,-0.0,-0.0,0.0,0,2.2742680580493926,0.3089633479301247
Cash / No Trade,2024,2024-08-07,2024-08-08,-0.0,-0.0,0.0,0,2.2742680580493926,0.3089633479301247
Cash / No Trade,2024,2024-08-08,2024-08-09,0.0,0.0,0.0,0,2.2742680580493926,0.3089633479301247
Cash / No Trade,2024,2024-08-09,2024-08-12,-0.0,-0.0,0.0,0,2.2742680580493926,0.3089633479301247
Cash / No Trade,2024,2024-08-12,2024-08-13,-0.0,-0.0,0.0,0,2.2742680580493926,0.3089633479301247
Cash / No Trade,2024,2024-08-13,2024-08-14,-0.0,-0.0,0.0,0,2.2742680580493926,0.3089633479301247
Cash / No Trade,2024,2024-08-14,2024-08-15,-0.0,-0.0,0.0,0,2.2742680580493926,0.3089633479301247
Cash / No Trade,2024,2024-08-15,2024-08-16,-0.0,-0.0,0.0,0,2.2742680580493926,0.1153864786383825
Cash / No Trade,2024,2024-08-16,2024-08-19,0.0,0.0,0.0,0,2.2742680580493926,0.1153864786383825
Cash / No Trade,2024,2024-08-19,2024-08-20,-0.0,-0.0,0.0,0,2.2742680580493926,0.1153864786383825
Cash / No Trade,2024,2024-08-20,2024-08-21,0.0,0.0,0.0,0,2.2742680580493926,0.1153864786383825
Cash / No Trade,2024,2024-08-21,2024-08-22,-0.0,-0.0,0.0,0,2.2742680580493926,0.1153864786383825
Cash / No Trade,2024,2024-08-22,2024-08-23,0.0,0.0,0.0,0,2.2742680580493926,0.1153864786383825
Cash / No Trade,2024,2024-08-23,2024-08-26,-0.0,-0.0,0.0,0,2.2742680580493926,0.1153864786383825
Cash / No Trade,2024,2024-08-26,2024-08-27,-0.0,-0.0,0.0,0,2.2742680580493926,0.1153864786383825
Cash / No Trade,2024,2024-08-27,2024-08-28,0.0,0.0,0.0,0,2.2742680580493926,0.1153864786383825
Cash / No Trade,2024,2024-08-28,2024-08-29,0.0,0.0,0.0,0,2.2742680580493926,0.1153864786383825
Cash / No Trade,2024,2024-08-29,2024-08-30,-0.0,-0.0,0.0,0,2.2742680580493926,0.1153864786383825
Cash / No Trade,2024,2024-08-30,2024-09-03,-0.0,-0.0,0.0,0,2.2742680580493926,0.1153864786383825
Cash / No Trade,2024,2024-09-03,2024-09-04,-0.0,-0.0,0.0,0,2.2742680580493926,0.1153864786383825
Cash / No Trade,2024,2024-09-04,2024-09-05,0.0,0.0,0.0,0,2.2742680580493926,0.1153864786383825
Cash / No Trade,2024,2024-09-05,2024-09-06,-0.0,-0.0,0.0,0,2.2742680580493926,0.1153864786383825
Cash / No Trade,2024,2024-09-06,2024-09-09,0.0,0.0,0.0,0,2.2742680580493926,0.1153864786383825
Cash / No Trade,2024,2024-09-09,2024-09-10,-0.0,-0.0,0.0,0,2.2742680580493926,0.1153864786383825
Cash / No Trade,2024,2024-09-10,2024-09-11,-0.0,-0.0,0.0,0,2.2742680580493926,0.1153864786383825
Cash / No Trade,2024,2024-09-11,2024-09-12,0.0,0.0,0.0,0,2.2742680580493926,0.1153864786383825
Cash / No Trade,2024,2024-09-12,2024-09-13,-0.0,-0.0,0.0,0,2.2742680580493926,0.1153864786383825
Cash / No Trade,2024,2024-09-13,2024-09-16,0.0,0.0,0.0,0,2.2742680580493926,0.1153864786383825
Cash / No Trade,2024,2024-09-16,2024-09-17,0.0,0.0,0.0,0,2.2742680580493926,0.2117014691950601
Cash / No Trade,2024,2024-09-17,2024-09-18,0.0,0.0,0.0,0,2.2742680580493926,0.2117014691950601
Cash / No Trade,2024,2024-09-18,2024-09-19,-0.0,-0.0,0.0,0,2.2742680580493926,0.2117014691950601
Cash / No Trade,2024,2024-09-19,2024-09-20,0.0,0.0,0.0,0,2.2742680580493926,0.2117014691950601
Cash / No Trade,2024,2024-09-20,2024-09-23,-0.0,-0.0,0.0,0,2.2742680580493926,0.2117014691950601
Cash / No Trade,2024,2024-09-23,2024-09-24,0.0,0.0,0.0,0,2.2742680580493926,0.2117014691950601
Cash / No Trade,2024,2024-09-24,2024-09-25,0.0,0.0,0.0,0,2.2742680580493926,0.2117014691950601
Cash / No Trade,2024,2024-09-25,2024-09-26,-0.0,-0.0,0.0,0,2.2742680580493926,0.2117014691950601
Cash / No Trade,2024,2024-09-26,2024-09-27,-0.0,-0.0,0.0,0,2.2742680580493926,0.2117014691950601
Cash / No Trade,2024,2024-09-27,2024-09-30,-0.0,-0.0,0.0,0,2.2742680580493926,0.2117014691950601
Cash / No Trade,2024,2024-09-30,2024-10-01,-0.0,-0.0,0.0,0,2.2742680580493926,0.2117014691950601
Cash / No Trade,2024,2024-10-01,2024-10-02,0.0,0.0,0.0,0,2.2742680580493926,0.2117014691950601
Cash / No Trade,2024,2024-10-02,2024-10-03,0.0,0.0,0.0,0,2.2742680580493926,0.2117014691950601
Cash / No Trade,2024,2024-10-03,2024-10-04,-0.0,-0.0,0.0,0,2.2742680580493926,0.2117014691950601
Cash / No Trade,2024,2024-10-04,2024-10-07,0.0,0.0,0.0,0,2.2742680580493926,0.2117014691950601
Cash / No Trade,2024,2024-10-07,2024-10-08,-0.0,-0.0,0.0,0,2.2742680580493926,0.2117014691950601
Cash / No Trade,2024,2024-10-08,2024-10-09,0.0,0.0,0.0,0,2.2742680580493926,0.2117014691950601
Cash / No Trade,2024,2024-10-09,2024-10-10,0.0,0.0,0.0,0,2.2742680580493926,0.2117014691950601
Cash / No Trade,2024,2024-10-10,2024-10-11,-0.0,-0.0,0.0,0,2.2742680580493926,0.2117014691950601
Cash / No Trade,2024,2024-10-11,2024-10-14,-0.0,-0.0,0.0,0,2.2742680580493926,0.2117014691950601
Cash / No Trade,2024,2024-10-14,2024-10-15,0.0,0.0,0.0,0,2.2742680580493926,0.2117014691950601
Cash / No Trade,2024,2024-10-15,2024-10-16,-0.0,-0.0,0.0,0,2.2742680580493926,0.1309243799507289
Cash / No Trade,2024,2024-10-16,2024-10-17,-0.0,-0.0,0.0,0,2.2742680580493926,0.1309243799507289
Cash / No Trade,2024,2024-10-17,2024-10-18,-0.0,-0.0,0.0,0,2.2742680580493926,0.1309243799507289
Cash / No Trade,2024,2024-10-18,2024-10-21,0.0,0.0,0.0,0,2.2742680580493926,0.1309243799507289
Cash / No Trade,2024,2024-10-21,2024-10-22,0.0,0.0,0.0,0,2.2742680580493926,0.1309243799507289
Cash / No Trade,2024,2024-10-22,2024-10-23,0.0,0.0,0.0,0,2.2742680580493926,0.1309243799507289
Cash / No Trade,2024,2024-10-23,2024-10-24,0.0,0.0,0.0,0,2.2742680580493926,0.1309243799507289
Cash / No Trade,2024,2024-10-24,2024-10-25,0.0,0.0,0.0,0,2.2742680580493926,0.1309243799507289
Cash / No Trade,2024,2024-10-25,2024-10-28,-0.0,-0.0,0.0,0,2.2742680580493926,0.1309243799507289
Cash / No Trade,2024,2024-10-28,2024-10-29,0.0,0.0,0.0,0,2.2742680580493926,0.1309243799507289
Cash / No Trade,2024,2024-10-29,2024-10-30,0.0,0.0,0.0,0,2.2742680580493926,0.1309243799507289
Cash / No Trade,2024,2024-10-30,2024-10-31,0.0,0.0,0.0,0,2.2742680580493926,0.1309243799507289
Cash / No Trade,2024,2024-10-31,2024-11-01,0.0,0.0,0.0,0,2.2742680580493926,0.1309243799507289
Cash / No Trade,2024,2024-11-01,2024-11-04,-0.0,-0.0,0.0,0,2.2742680580493926,0.1309243799507289
Cash / No Trade,2024,2024-11-04,2024-11-05,0.0,0.0,0.0,0,2.2742680580493926,0.1309243799507289
Cash / No Trade,2024,2024-11-05,2024-11-06,0.0,0.0,0.0,0,2.2742680580493926,0.1309243799507289
Cash / No Trade,2024,2024-11-06,2024-11-07,0.0,0.0,0.0,0,2.2742680580493926,0.1309243799507289
Cash / No Trade,2024,2024-11-07,2024-11-08,0.0,0.0,0.0,0,2.2742680580493926,0.1309243799507289
Cash / No Trade,2024,2024-11-08,2024-11-11,-0.0,-0.0,0.0,0,2.2742680580493926,0.1309243799507289
Cash / No Trade,2024,2024-11-11,2024-11-12,-0.0,-0.0,0.0,0,2.2742680580493926,0.1309243799507289
Cash / No Trade,2024,2024-11-12,2024-11-13,0.0,0.0,0.0,0,2.2742680580493926,0.1309243799507289
Cash / No Trade,2024,2024-11-13,2024-11-14,-0.0,-0.0,0.0,0,2.2742680580493926,0.1785259076977027
Cash / No Trade,2024,2024-11-14,2024-11-15,0.0,0.0,0.0,0,2.2742680580493926,0.1785259076977027
Cash / No Trade,2024,2024-11-15,2024-11-18,0.0,0.0,0.0,0,2.2742680580493926,0.1785259076977027
Cash / No Trade,2024,2024-11-18,2024-11-19,-0.0,-0.0,0.0,0,2.2742680580493926,0.1785259076977027
Cash / No Trade,2024,2024-11-19,2024-11-20,-0.0,-0.0,0.0,0,2.2742680580493926,0.1785259076977027
Cash / No Trade,2024,2024-11-20,2024-11-21,-0.0,-0.0,0.0,0,2.2742680580493926,0.1785259076977027
Cash / No Trade,2024,2024-11-21,2024-11-22,0.0,0.0,0.0,0,2.2742680580493926,0.1785259076977027
Cash / No Trade,2024,2024-11-22,2024-11-25,-0.0,-0.0,0.0,0,2.2742680580493926,0.1785259076977027
Cash / No Trade,2024,2024-11-25,2024-11-26,0.0,0.0,0.0,0,2.2742680580493926,0.1785259076977027
Cash / No Trade,2024,2024-11-26,2024-11-27,-0.0,-0.0,0.0,0,2.2742680580493926,0.1785259076977027
Cash / No Trade,2024,2024-11-27,2024-11-29,0.0,0.0,0.0,0,2.2742680580493926,0.1785259076977027
Cash / No Trade,2024,2024-11-29,2024-12-02,0.0,0.0,0.0,0,2.2742680580493926,0.1785259076977027
Cash / No Trade,2024,2024-12-02,2024-12-03,0.0,0.0,0.0,0,2.2742680580493926,0.1785259076977027
Cash / No Trade,2024,2024-12-03,2024-12-04,-0.0,-0.0,0.0,0,2.2742680580493926,0.1785259076977027
Cash / No Trade,2024,2024-12-04,2024-12-05,0.0,0.0,0.0,0,2.2742680580493926,0.1785259076977027
Cash / No Trade,2024,2024-12-05,2024-12-06,0.0,0.0,0.0,0,2.2742680580493926,0.1785259076977027
Cash / No Trade,2024,2024-12-06,2024-12-09,-0.0,-0.0,0.0,0,2.2742680580493926,0.1785259076977027
Cash / No Trade,2024,2024-12-09,2024-12-10,-0.0,-0.0,0.0,0,2.2742680580493926,0.1785259076977027
Cash / No Trade,2024,2024-12-10,2024-12-11,0.0,0.0,0.0,0,2.2742680580493926,0.1785259076977027
Cash / No Trade,2024,2024-12-11,2024-12-12,0.0,0.0,0.0,0,2.2742680580493926,0.1785259076977027
Cash / No Trade,2024,2024-12-12,2024-12-13,-0.0,-0.0,0.0,0,2.2742680580493926,0.1785259076977027
Cash / No Trade,2024,2024-12-13,2024-12-16,-0.0,-0.0,0.0,0,2.2742680580493926,0.1556265055269499
Cash / No Trade,2024,2024-12-16,2024-12-17,-0.0,-0.0,0.0,0,2.2742680580493926,0.1556265055269499
Cash / No Trade,2024,2024-12-17,2024-12-18,-0.0,-0.0,0.0,0,2.2742680580493926,0.1556265055269499
Cash / No Trade,2024,2024-12-18,2024-12-19,0.0,0.0,0.0,0,2.2742680580493926,0.1556265055269499
Cash / No Trade,2024,2024-12-19,2024-12-20,-0.0,-0.0,0.0,0,2.2742680580493926,0.1556265055269499
Cash / No Trade,2024,2024-12-20,2024-12-23,0.0,0.0,0.0,0,2.2742680580493926,0.1556265055269499
Cash / No Trade,2024,2024-12-23,2024-12-24,0.0,0.0,0.0,0,2.2742680580493926,0.1556265055269499
Cash / No Trade,2024,2024-12-24,2024-12-26,-0.0,-0.0,0.0,0,2.2742680580493926,0.1556265055269499
Cash / No Trade,2024,2024-12-26,2024-12-27,-0.0,-0.0,0.0,0,2.2742680580493926,0.1556265055269499
Cash / No Trade,2024,2024-12-27,2024-12-30,-0.0,-0.0,0.0,0,2.2742680580493926,0.1556265055269499
Cash / No Trade,2024,2024-12-30,2024-12-31,0.0,0.0,0.0,0,2.2742680580493926,0.1556265055269499
Z-score Rule,2025,2025-01-02,2025-01-03,-0.0,-0.0,0.0,0,2.274877885914116,0.1556265055269499
Z-score Rule,2025,2025-01-03,2025-01-06,0.0,0.0,0.0,0,2.274877885914116,0.1556265055269499
Z-score Rule,2025,2025-01-06,2025-01-07,0.0,0.0,0.0,0,2.274877885914116,0.1556265055269499
Z-score Rule,2025,2025-01-07,2025-01-08,-0.0,-0.0,0.0,0,2.274877885914116,0.1556265055269499
Z-score Rule,2025,2025-01-08,2025-01-09,0.0,0.0,0.0,0,2.274877885914116,0.1556265055269499
Z-score Rule,2025,2025-01-09,2025-01-10,0.0,0.0,0.0,0,2.274877885914116,0.1556265055269499
Z-score Rule,2025,2025-01-10,2025-01-13,0.0,0.0,0.0,0,2.274877885914116,0.1556265055269499
Z-score Rule,2025,2025-01-13,2025-01-14,-0.003930289243775979,-0.003277458464293212,0.0006528307794827667,-1,2.274877885914116,0.1556265055269499
Z-score Rule,2025,2025-01-14,2025-01-15,0.003647052401087962,0.003657387231957187,1.0334830869225348e-05,-1,2.274877885914116,0.1556265055269499
Z-score Rule,2025,2025-01-15,2025-01-16,0.01637299296086646,0.01638494009774714,1.1947136880683413e-05,-1,2.274877885914116,0.07723706941064773
Z-score Rule,2025,2025-01-16,2025-01-17,-0.012304749469273367,-0.01229655863967031,8.190829603056698e-06,-1,2.274877885914116,0.07723706941064773
Z-score Rule,2025,2025-01-17,2025-01-21,-0.021049711037070516,-0.021044194180539,5.516856531516096e-06,-1,2.274877885914116,0.07723706941064773
Z-score Rule,2025,2025-01-21,2025-01-22,0.014208305565363089,0.01420938959975067,1.0840343875822418e-06,-1,2.274877885914116,0.07723706941064773
Z-score Rule,2025,2025-01-22,2025-01-23,-0.009338991955784068,-0.009336763273715104,2.2286820689643992e-06,-1,2.274877885914116,0.07723706941064773
Z-score Rule,2025,2025-01-23,2025-01-24,0.0008337888521618801,0.0008381788588934357,4.39000673155561e-06,-1,2.274877885914116,0.07723706941064773
Z-score Rule,2025,2025-01-24,2025-01-27,0.0068092568003238155,0.006811146568612206,1.889768288390492e-06,-1,2.274877885914116,0.07723706941064773
Z-score Rule,2025,2025-01-27,2025-01-28,0.0006558907565333753,0.0006583837125777274,2.4929560443520543e-06,-1,2.274877885914116,0.07723706941064773
Z-score Rule,2025,2025-01-28,2025-01-29,-0.008118877201621926,-0.008118058245977581,8.189556443447404e-07,-1,2.274877885914116,0.07723706941064773
Z-score Rule,2025,2025-01-29,2025-01-30,0.011515191881726785,0.01151748320307147,2.291321344685654e-06,-1,2.274877885914116,0.07723706941064773
Z-score Rule,2025,2025-01-30,2025-01-31,-0.0006254130267307667,0.0,0.0006254130267307667,0,2.274877885914116,0.07723706941064773
Z-score Rule,2025,2025-01-31,2025-02-03,0.0,0.0,0.0,0,2.274877885914116,0.07723706941064773
Z-score Rule,2025,2025-02-03,2025-02-04,0.0,0.0,0.0,0,2.274877885914116,0.07723706941064773
Z-score Rule,2025,2025-02-04,2025-02-05,-0.0,-0.0,0.0,0,2.274877885914116,0.07723706941064773
Z-score Rule,2025,2025-02-05,2025-02-06,0.0,0.0,0.0,0,2.274877885914116,0.07723706941064773
Z-score Rule,2025,2025-02-06,2025-02-07,-0.0,-0.0,0.0,0,2.274877885914116,0.07723706941064773
Z-score Rule,2025,2025-02-07,2025-02-10,0.0,0.0,0.0,0,2.274877885914116,0.07723706941064773
Z-score Rule,2025,2025-02-10,2025-02-11,-0.0,-0.0,0.0,0,2.274877885914116,0.07723706941064773
Z-score Rule,2025,2025-02-11,2025-02-12,-0.0,-0.0,0.0,0,2.274877885914116,0.07723706941064773
Z-score Rule,2025,2025-02-12,2025-02-13,0.0,0.0,0.0,0,2.274877885914116,0.07723706941064773
Z-score Rule,2025,2025-02-13,2025-02-14,0.0,0.0,0.0,0,2.274877885914116,0.07723706941064773
Z-score Rule,2025,2025-02-14,2025-02-18,0.0,0.0,0.0,0,2.274877885914116,0.2228256548982187
Z-score Rule,2025,2025-02-18,2025-02-19,-0.0,-0.0,0.0,0,2.274877885914116,0.2228256548982187
Z-score Rule,2025,2025-02-19,2025-02-20,0.0,0.0,0.0,0,2.274877885914116,0.2228256548982187
Z-score Rule,2025,2025-02-20,2025-02-21,-0.0,-0.0,0.0,0,2.274877885914116,0.2228256548982187
Z-score Rule,2025,2025-02-21,2025-02-24,-0.0,-0.0,0.0,0,2.274877885914116,0.2228256548982187
Z-score Rule,2025,2025-02-24,2025-02-25,0.0,0.0,0.0,0,2.274877885914116,0.2228256548982187
Z-score Rule,2025,2025-02-25,2025-02-26,-0.0,-0.0,0.0,0,2.274877885914116,0.2228256548982187
Z-score Rule,2025,2025-02-26,2025-02-27,0.0,0.0,0.0,0,2.274877885914116,0.2228256548982187
Z-score Rule,2025,2025-02-27,2025-02-28,-0.0,-0.0,0.0,0,2.274877885914116,0.2228256548982187
Z-score Rule,2025,2025-02-28,2025-03-03,-0.0,-0.0,0.0,0,2.274877885914116,0.2228256548982187
Z-score Rule,2025,2025-03-03,2025-03-04,-0.01110263864588013,-0.01046860997268894,0.0006340286731911907,1,2.274877885914116,0.2228256548982187
Z-score Rule,2025,2025-03-04,2025-03-05,0.007145277483894312,0.007148393402468234,3.1159185739222105e-06,1,2.274877885914116,0.2228256548982187
Z-score Rule,2025,2025-03-05,2025-03-06,0.012260569048348529,0.0122634622165926,2.8931682440712093e-06,1,2.274877885914116,0.2228256548982187
Z-score Rule,2025,2025-03-06,2025-03-07,-0.0031313172646896133,-0.0031288289268572,2.4883378324132843e-06,1,2.274877885914116,0.2228256548982187
Z-score Rule,2025,2025-03-07,2025-03-10,-0.00838506201906444,-0.008382285676112003,2.7763429524368665e-06,1,2.274877885914116,0.2228256548982187
Z-score Rule,2025,2025-03-10,2025-03-11,-0.0017033385640562086,-0.001700565390088777,2.7731739674316803e-06,1,2.274877885914116,0.2228256548982187
Z-score Rule,2025,2025-03-11,2025-03-12,-0.008584873076023798,-0.008582555726372258,2.3173496515394575e-06,1,2.274877885914116,0.2228256548982187
Z-score Rule,2025,2025-03-12,2025-03-13,0.001189571253140289,0.001191691927319513,2.1206741792240414e-06,1,2.274877885914116,0.2228256548982187
Z-score Rule,2025,2025-03-13,2025-03-14,0.00394626330348176,0.0039481670454583,1.9037419765402242e-06,1,2.274877885914116,0.2228256548982187
Z-score Rule,2025,2025-03-14,2025-03-17,0.010541088691762469,0.01054273531510927,1.6466233468001857e-06,1,2.274877885914116,0.2228256548982187
Z-score Rule,2025,2025-03-17,2025-03-18,-0.0006560640039155698,0.0,0.0006560640039155698,0,2.274877885914116,0.2228256548982187
Z-score Rule,2025,2025-03-18,2025-03-19,-0.0,-0.0,0.0,0,2.274877885914116,0.1273559657549407
Z-score Rule,2025,2025-03-19,2025-03-20,0.0,0.0,0.0,0,2.274877885914116,0.1273559657549407
Z-score Rule,2025,2025-03-20,2025-03-21,-0.0,-0.0,0.0,0,2.274877885914116,0.1273559657549407
Z-score Rule,2025,2025-03-21,2025-03-24,0.0,0.0,0.0,0,2.274877885914116,0.1273559657549407
Z-score Rule,2025,2025-03-24,2025-03-25,-0.0,-0.0,0.0,0,2.274877885914116,0.1273559657549407
Z-score Rule,2025,2025-03-25,2025-03-26,0.0,0.0,0.0,0,2.274877885914116,0.1273559657549407
Z-score Rule,2025,2025-03-26,2025-03-27,0.0,0.0,0.0,0,2.274877885914116,0.1273559657549407
Z-score Rule,2025,2025-03-27,2025-03-28,0.0,0.0,0.0,0,2.274877885914116,0.1273559657549407
Z-score Rule,2025,2025-03-28,2025-03-31,0.006748864464164223,0.007380209883987049,0.0006313454198228261,-1,2.274877885914116,0.1273559657549407
Z-score Rule,2025,2025-03-31,2025-04-01,-0.019389469233452056,-0.01938715471966774,2.3145137843177954e-06,-1,2.274877885914116,0.1273559657549407
Z-score Rule,2025,2025-04-01,2025-04-02,-8.306332986742012e-06,-6.394267564212817e-06,1.9120654225291966e-06,-1,2.274877885914116,0.1273559657549407
Z-score Rule,2025,2025-04-02,2025-04-03,0.01835378720821496,0.01835585261294212,2.065404727160408e-06,-1,2.274877885914116,0.1273559657549407
Z-score Rule,2025,2025-04-03,2025-04-04,0.030241461976623023,0.03024254888584859,1.0869092255665903e-06,-1,2.274877885914116,0.1273559657549407
Z-score Rule,2025,2025-04-04,2025-04-07,-0.0009510852871737538,-0.0009413844605510755,9.700826622678266e-06,-1,2.274877885914116,0.1273559657549407
Z-score Rule,2025,2025-04-07,2025-04-08,-0.0071664800334199676,-0.007154897764031016,1.1582269388951904e-05,-1,2.274877885914116,0.1273559657549407
Z-score Rule,2025,2025-04-08,2025-04-09,-0.016128919813851256,-0.0161201757139137,8.744099937555095e-06,-1,2.274877885914116,0.1273559657549407
Z-score Rule,2025,2025-04-09,2025-04-10,-0.000659991671908629,0.0,0.000659991671908629,0,2.274877885914116,0.1273559657549407
Z-score Rule,2025,2025-04-10,2025-04-11,0.0,0.0,0.0,0,2.274877885914116,0.1273559657549407
Z-score Rule,2025,2025-04-11,2025-04-14,0.0,0.0,0.0,0,2.274877885914116,0.1273559657549407
Z-score Rule,2025,2025-04-14,2025-04-15,-0.0,-0.0,0.0,0,2.274877885914116,0.1273559657549407
Z-score Rule,2025,2025-04-15,2025-04-16,-0.0,-0.0,0.0,0,2.274877885914116,0.1273559657549407
Z-score Rule,2025,2025-04-16,2025-04-17,-0.0,-0.0,0.0,0,2.274877885914116,0.1218473219337726
Z-score Rule,2025,2025-04-17,2025-04-21,-0.0,-0.0,0.0,0,2.274877885914116,0.1218473219337726
Z-score Rule,2025,2025-04-21,2025-04-22,0.0,0.0,0.0,0,2.274877885914116,0.1218473219337726
Z-score Rule,2025,2025-04-22,2025-04-23,0.0,0.0,0.0,0,2.274877885914116,0.1218473219337726
Z-score Rule,2025,2025-04-23,2025-04-24,0.0,0.0,0.0,0,2.274877885914116,0.1218473219337726
Z-score Rule,2025,2025-04-24,2025-04-25,-0.0,-0.0,0.0,0,2.274877885914116,0.1218473219337726
Z-score Rule,2025,2025-04-25,2025-04-28,0.0,0.0,0.0,0,2.274877885914116,0.1218473219337726
Z-score Rule,2025,2025-04-28,2025-04-29,-0.0,-0.0,0.0,0,2.274877885914116,0.1218473219337726
Z-score Rule,2025,2025-04-29,2025-04-30,-0.0,-0.0,0.0,0,2.274877885914116,0.1218473219337726
Z-score Rule,2025,2025-04-30,2025-05-01,0.0,0.0,0.0,0,2.274877885914116,0.1218473219337726
Z-score Rule,2025,2025-05-01,2025-05-02,0.0,0.0,0.0,0,2.274877885914116,0.1218473219337726
Z-score Rule,2025,2025-05-02,2025-05-05,-0.0,-0.0,0.0,0,2.274877885914116,0.1218473219337726
Z-score Rule,2025,2025-05-05,2025-05-06,0.0,0.0,0.0,0,2.274877885914116,0.1218473219337726
Z-score Rule,2025,2025-05-06,2025-05-07,-0.0,-0.0,0.0,0,2.274877885914116,0.1218473219337726
Z-score Rule,2025,2025-05-07,2025-05-08,0.0,0.0,0.0,0,2.274877885914116,0.1218473219337726
Z-score Rule,2025,2025-05-08,2025-05-09,0.0,0.0,0.0,0,2.274877885914116,0.1218473219337726
Z-score Rule,2025,2025-05-09,2025-05-12,0.0,0.0,0.0,0,2.274877885914116,0.1218473219337726
Z-score Rule,2025,2025-05-12,2025-05-13,0.0,0.0,0.0,0,2.274877885914116,0.1218473219337726
Z-score Rule,2025,2025-05-13,2025-05-14,0.0,0.0,0.0,0,2.274877885914116,0.1218473219337726
Z-score Rule,2025,2025-05-14,2025-05-15,-0.0,-0.0,0.0,0,2.274877885914116,0.1218473219337726
Z-score Rule,2025,2025-05-15,2025-05-16,0.0,0.0,0.0,0,2.274877885914116,0.1218473219337726
Z-score Rule,2025,2025-05-16,2025-05-19,0.0,0.0,0.0,0,2.274877885914116,0.1446016102443144
Z-score Rule,2025,2025-05-19,2025-05-20,-0.0,-0.0,0.0,0,2.274877885914116,0.1446016102443144
Z-score Rule,2025,2025-05-20,2025-05-21,0.0,0.0,0.0,0,2.274877885914116,0.1446016102443144
Z-score Rule,2025,2025-05-21,2025-05-22,-0.0,-0.0,0.0,0,2.274877885914116,0.1446016102443144
Z-score Rule,2025,2025-05-22,2025-05-23,-0.0,-0.0,0.0,0,2.274877885914116,0.1446016102443144
Z-score Rule,2025,2025-05-23,2025-05-27,0.0,0.0,0.0,0,2.274877885914116,0.1446016102443144
Z-score Rule,2025,2025-05-27,2025-05-28,-0.0,-0.0,0.0,0,2.274877885914116,0.1446016102443144
Z-score Rule,2025,2025-05-28,2025-05-29,-0.0,-0.0,0.0,0,2.274877885914116,0.1446016102443144
Z-score Rule,2025,2025-05-29,2025-05-30,-0.0,-0.0,0.0,0,2.274877885914116,0.1446016102443144
Z-score Rule,2025,2025-05-30,2025-06-02,-0.0,-0.0,0.0,0,2.274877885914116,0.1446016102443144
Z-score Rule,2025,2025-06-02,2025-06-03,0.0,0.0,0.0,0,2.274877885914116,0.1446016102443144
Z-score Rule,2025,2025-06-03,2025-06-04,0.0,0.0,0.0,0,2.274877885914116,0.1446016102443144
Z-score Rule,2025,2025-06-04,2025-06-05,0.0,0.0,0.0,0,2.274877885914116,0.1446016102443144
Z-score Rule,2025,2025-06-05,2025-06-06,0.0,0.0,0.0,0,2.274877885914116,0.1446016102443144
Z-score Rule,2025,2025-06-06,2025-06-09,-0.0,-0.0,0.0,0,2.274877885914116,0.1446016102443144
Z-score Rule,2025,2025-06-09,2025-06-10,0.0,0.0,0.0,0,2.274877885914116,0.1446016102443144
Z-score Rule,2025,2025-06-10,2025-06-11,-0.0,-0.0,0.0,0,2.274877885914116,0.1446016102443144
Z-score Rule,2025,2025-06-11,2025-06-12,-0.0,-0.0,0.0,0,2.274877885914116,0.1446016102443144
Z-score Rule,2025,2025-06-12,2025-06-13,0.0,0.0,0.0,0,2.274877885914116,0.1446016102443144
Z-score Rule,2025,2025-06-13,2025-06-16,0.0,0.0,0.0,0,2.274877885914116,0.1446016102443144
Z-score Rule,2025,2025-06-16,2025-06-17,0.0,0.0,0.0,0,2.274877885914116,0.1446016102443144
Z-score Rule,2025,2025-06-17,2025-06-18,0.0,0.0,0.0,0,2.274877885914116,0.1077690951672691
Z-score Rule,2025,2025-06-18,2025-06-20,-0.0,-0.0,0.0,0,2.274877885914116,0.1077690951672691
Z-score Rule,2025,2025-06-20,2025-06-23,-0.0,-0.0,0.0,0,2.274877885914116,0.1077690951672691
Z-score Rule,2025,2025-06-23,2025-06-24,-0.0,-0.0,0.0,0,2.274877885914116,0.1077690951672691
Z-score Rule,2025,2025-06-24,2025-06-25,-0.0,-0.0,0.0,0,2.274877885914116,0.1077690951672691
Z-score Rule,2025,2025-06-25,2025-06-26,-0.0,-0.0,0.0,0,2.274877885914116,0.1077690951672691
Z-score Rule,2025,2025-06-26,2025-06-27,0.0,0.0,0.0,0,2.274877885914116,0.1077690951672691
Z-score Rule,2025,2025-06-27,2025-06-30,-0.0,-0.0,0.0,0,2.274877885914116,0.1077690951672691
Z-score Rule,2025,2025-06-30,2025-07-01,0.0,0.0,0.0,0,2.274877885914116,0.1077690951672691
Z-score Rule,2025,2025-07-01,2025-07-02,0.0,0.0,0.0,0,2.274877885914116,0.1077690951672691
Z-score Rule,2025,2025-07-02,2025-07-03,0.0,0.0,0.0,0,2.274877885914116,0.1077690951672691
Z-score Rule,2025,2025-07-03,2025-07-07,-0.0,-0.0,0.0,0,2.274877885914116,0.1077690951672691
Z-score Rule,2025,2025-07-07,2025-07-08,-0.0,-0.0,0.0,0,2.274877885914116,0.1077690951672691
Z-score Rule,2025,2025-07-08,2025-07-09,-0.0,-0.0,0.0,0,2.274877885914116,0.1077690951672691
Z-score Rule,2025,2025-07-09,2025-07-10,-0.0,-0.0,0.0,0,2.274877885914116,0.1077690951672691
Z-score Rule,2025,2025-07-10,2025-07-11,-0.0,-0.0,0.0,0,2.274877885914116,0.1077690951672691
Z-score Rule,2025,2025-07-11,2025-07-14,-0.0,-0.0,0.0,0,2.274877885914116,0.1077690951672691
Z-score Rule,2025,2025-07-14,2025-07-15,-0.0,-0.0,0.0,0,2.274877885914116,0.1077690951672691
Z-score Rule,2025,2025-07-15,2025-07-16,0.0,0.0,0.0,0,2.274877885914116,0.1077690951672691
Z-score Rule,2025,2025-07-16,2025-07-17,0.0,0.0,0.0,0,2.274877885914116,0.1077690951672691
Z-score Rule,2025,2025-07-17,2025-07-18,0.0,0.0,0.0,0,2.274877885914116,0.1077690951672691
Z-score Rule,2025,2025-07-18,2025-07-21,-0.0,-0.0,0.0,0,2.274877885914116,0.1835886963316851
Z-score Rule,2025,2025-07-21,2025-07-22,-0.0,-0.0,0.0,0,2.274877885914116,0.1835886963316851
Z-score Rule,2025,2025-07-22,2025-07-23,-0.0,-0.0,0.0,0,2.274877885914116,0.1835886963316851
Z-score Rule,2025,2025-07-23,2025-07-24,-0.0,-0.0,0.0,0,2.274877885914116,0.1835886963316851
Z-score Rule,2025,2025-07-24,2025-07-25,-0.0,-0.0,0.0,0,2.274877885914116,0.1835886963316851
Z-score Rule,2025,2025-07-25,2025-07-28,-0.0,-0.0,0.0,0,2.274877885914116,0.1835886963316851
Z-score Rule,2025,2025-07-28,2025-07-29,-0.0,-0.0,0.0,0,2.274877885914116,0.1835886963316851
Z-score Rule,2025,2025-07-29,2025-07-30,-0.0,-0.0,0.0,0,2.274877885914116,0.1835886963316851
Z-score Rule,2025,2025-07-30,2025-07-31,-0.0,-0.0,0.0,0,2.274877885914116,0.1835886963316851
Z-score Rule,2025,2025-07-31,2025-08-01,-0.0,-0.0,0.0,0,2.274877885914116,0.1835886963316851
Z-score Rule,2025,2025-08-01,2025-08-04,0.0,0.0,0.0,0,2.274877885914116,0.1835886963316851
Z-score Rule,2025,2025-08-04,2025-08-05,0.0,0.0,0.0,0,2.274877885914116,0.1835886963316851
Z-score Rule,2025,2025-08-05,2025-08-06,-0.0,-0.0,0.0,0,2.274877885914116,0.1835886963316851
Z-score Rule,2025,2025-08-06,2025-08-07,0.0,0.0,0.0,0,2.274877885914116,0.1835886963316851
Z-score Rule,2025,2025-08-07,2025-08-08,-0.0,-0.0,0.0,0,2.274877885914116,0.1835886963316851
Z-score Rule,2025,2025-08-08,2025-08-11,0.0,0.0,0.0,0,2.274877885914116,0.1835886963316851
Z-score Rule,2025,2025-08-11,2025-08-12,0.0,0.0,0.0,0,2.274877885914116,0.1835886963316851
Z-score Rule,2025,2025-08-12,2025-08-13,0.0,0.0,0.0,0,2.274877885914116,0.1835886963316851
Z-score Rule,2025,2025-08-13,2025-08-14,-0.0,-0.0,0.0,0,2.274877885914116,0.1835886963316851
Z-score Rule,2025,2025-08-14,2025-08-15,0.0,0.0,0.0,0,2.274877885914116,0.1835886963316851
Z-score Rule,2025,2025-08-15,2025-08-18,0.0,0.0,0.0,0,2.274877885914116,0.1835886963316851
Z-score Rule,2025,2025-08-18,2025-08-19,-0.0,-0.0,0.0,0,2.274877885914116,0.2175390475261111
Z-score Rule,2025,2025-08-19,2025-08-20,-0.0,-0.0,0.0,0,2.274877885914116,0.2175390475261111
Z-score Rule,2025,2025-08-20,2025-08-21,0.0,0.0,0.0,0,2.274877885914116,0.2175390475261111
Z-score Rule,2025,2025-08-21,2025-08-22,0.0,0.0,0.0,0,2.274877885914116,0.2175390475261111
Z-score Rule,2025,2025-08-22,2025-08-25,-0.0,-0.0,0.0,0,2.274877885914116,0.2175390475261111
Z-score Rule,2025,2025-08-25,2025-08-26,0.0,0.0,0.0,0,2.274877885914116,0.2175390475261111
Z-score Rule,2025,2025-08-26,2025-08-27,0.0,0.0,0.0,0,2.274877885914116,0.2175390475261111
Z-score Rule,2025,2025-08-27,2025-08-28,0.0,0.0,0.0,0,2.274877885914116,0.2175390475261111
Z-score Rule,2025,2025-08-28,2025-08-29,0.0,0.0,0.0,0,2.274877885914116,0.2175390475261111
Z-score Rule,2025,2025-08-29,2025-09-02,-0.0,-0.0,0.0,0,2.274877885914116,0.2175390475261111
Z-score Rule,2025,2025-09-02,2025-09-03,-0.0,-0.0,0.0,0,2.274877885914116,0.2175390475261111
Z-score Rule,2025,2025-09-03,2025-09-04,-0.0,-0.0,0.0,0,2.274877885914116,0.2175390475261111
Z-score Rule,2025,2025-09-04,2025-09-05,-0.0,-0.0,0.0,0,2.274877885914116,0.2175390475261111
Z-score Rule,2025,2025-09-05,2025-09-08,0.0,0.0,0.0,0,2.274877885914116,0.2175390475261111
Z-score Rule,2025,2025-09-08,2025-09-09,-0.0,-0.0,0.0,0,2.274877885914116,0.2175390475261111
Z-score Rule,2025,2025-09-09,2025-09-10,0.0,0.0,0.0,0,2.274877885914116,0.2175390475261111
Z-score Rule,2025,2025-09-10,2025-09-11,0.0,0.0,0.0,0,2.274877885914116,0.2175390475261111
Z-score Rule,2025,2025-09-11,2025-09-12,0.0,0.0,0.0,0,2.274877885914116,0.2175390475261111
Z-score Rule,2025,2025-09-12,2025-09-15,0.0,0.0,0.0,0,2.274877885914116,0.2175390475261111
Z-score Rule,2025,2025-09-15,2025-09-16,0.0,0.0,0.0,0,2.274877885914116,0.2175390475261111
Z-score Rule,2025,2025-09-16,2025-09-17,-0.0,-0.0,0.0,0,2.274877885914116,0.2175390475261111
Z-score Rule,2025,2025-09-17,2025-09-18,-0.0,-0.0,0.0,0,2.274877885914116,0.230397850270053
Z-score Rule,2025,2025-09-18,2025-09-19,-0.0,-0.0,0.0,0,2.274877885914116,0.230397850270053
Z-score Rule,2025,2025-09-19,2025-09-22,-0.0,-0.0,0.0,0,2.274877885914116,0.230397850270053
Z-score Rule,2025,2025-09-22,2025-09-23,0.0,0.0,0.0,0,2.274877885914116,0.230397850270053
Z-score Rule,2025,2025-09-23,2025-09-24,0.0,0.0,0.0,0,2.274877885914116,0.230397850270053
Z-score Rule,2025,2025-09-24,2025-09-25,0.0,0.0,0.0,0,2.274877885914116,0.230397850270053
Z-score Rule,2025,2025-09-25,2025-09-26,0.0,0.0,0.0,0,2.274877885914116,0.230397850270053
Z-score Rule,2025,2025-09-26,2025-09-29,-0.0,-0.0,0.0,0,2.274877885914116,0.230397850270053
Z-score Rule,2025,2025-09-29,2025-09-30,-0.0,-0.0,0.0,0,2.274877885914116,0.230397850270053
Z-score Rule,2025,2025-09-30,2025-10-01,0.0,0.0,0.0,0,2.274877885914116,0.230397850270053
Z-score Rule,2025,2025-10-01,2025-10-02,-0.0,-0.0,0.0,0,2.274877885914116,0.230397850270053
Z-score Rule,2025,2025-10-02,2025-10-03,-0.0,-0.0,0.0,0,2.274877885914116,0.230397850270053
Z-score Rule,2025,2025-10-03,2025-10-06,0.0,0.0,0.0,0,2.274877885914116,0.230397850270053
Z-score Rule,2025,2025-10-06,2025-10-07,0.0,0.0,0.0,0,2.274877885914116,0.230397850270053
Z-score Rule,2025,2025-10-07,2025-10-08,0.0,0.0,0.0,0,2.274877885914116,0.230397850270053
Z-score Rule,2025,2025-10-08,2025-10-09,-0.0,-0.0,0.0,0,2.274877885914116,0.230397850270053
Z-score Rule,2025,2025-10-09,2025-10-10,-0.0,-0.0,0.0,0,2.274877885914116,0.230397850270053
Z-score Rule,2025,2025-10-10,2025-10-13,0.0,0.0,0.0,0,2.274877885914116,0.230397850270053
Z-score Rule,2025,2025-10-13,2025-10-14,-0.0,-0.0,0.0,0,2.274877885914116,0.230397850270053
Z-score Rule,2025,2025-10-14,2025-10-15,-0.0,-0.0,0.0,0,2.274877885914116,0.230397850270053
Z-score Rule,2025,2025-10-15,2025-10-16,0.0,0.0,0.0,0,2.274877885914116,0.230397850270053
Z-score Rule,2025,2025-10-16,2025-10-17,0.0,0.0,0.0,0,2.274877885914116,0.2150436352989264
Z-score Rule,2025,2025-10-17,2025-10-20,0.0,0.0,0.0,0,2.274877885914116,0.2150436352989264
Z-score Rule,2025,2025-10-20,2025-10-21,-0.0,-0.0,0.0,0,2.274877885914116,0.2150436352989264
Z-score Rule,2025,2025-10-21,2025-10-22,-0.0,-0.0,0.0,0,2.274877885914116,0.2150436352989264
Z-score Rule,2025,2025-10-22,2025-10-23,0.0,0.0,0.0,0,2.274877885914116,0.2150436352989264
Z-score Rule,2025,2025-10-23,2025-10-24,-0.0,-0.0,0.0,0,2.274877885914116,0.2150436352989264
Z-score Rule,2025,2025-10-24,2025-10-27,0.0,0.0,0.0,0,2.274877885914116,0.2150436352989264
Z-score Rule,2025,2025-10-27,2025-10-28,-0.0,-0.0,0.0,0,2.274877885914116,0.2150436352989264
Z-score Rule,2025,2025-10-28,2025-10-29,-0.0,-0.0,0.0,0,2.274877885914116,0.2150436352989264
Z-score Rule,2025,2025-10-29,2025-10-30,-0.0,-0.0,0.0,0,2.274877885914116,0.2150436352989264
Z-score Rule,2025,2025-10-30,2025-10-31,-0.0,-0.0,0.0,0,2.274877885914116,0.2150436352989264
Z-score Rule,2025,2025-10-31,2025-11-03,0.0,0.0,0.0,0,2.274877885914116,0.2150436352989264
Z-score Rule,2025,2025-11-03,2025-11-04,-0.0,-0.0,0.0,0,2.274877885914116,0.2150436352989264
Z-score Rule,2025,2025-11-04,2025-11-05,-0.0,-0.0,0.0,0,2.274877885914116,0.2150436352989264
Z-score Rule,2025,2025-11-05,2025-11-06,-0.0,-0.0,0.0,0,2.274877885914116,0.2150436352989264
Z-score Rule,2025,2025-11-06,2025-11-07,0.0,0.0,0.0,0,2.274877885914116,0.2150436352989264
Z-score Rule,2025,2025-11-07,2025-11-10,0.0,0.0,0.0,0,2.274877885914116,0.2150436352989264
Z-score Rule,2025,2025-11-10,2025-11-11,0.0,0.0,0.0,0,2.274877885914116,0.2150436352989264
Z-score Rule,2025,2025-11-11,2025-11-12,-0.0,-0.0,0.0,0,2.274877885914116,0.2150436352989264
Z-score Rule,2025,2025-11-12,2025-11-13,-0.0,-0.0,0.0,0,2.274877885914116,0.2150436352989264
Z-score Rule,2025,2025-11-13,2025-11-14,-0.0,-0.0,0.0,0,2.274877885914116,0.2150436352989264
Z-score Rule,2025,2025-11-14,2025-11-17,0.0,0.0,0.0,0,2.274877885914116,0.1611325014894863
Z-score Rule,2025,2025-11-17,2025-11-18,0.0,0.0,0.0,0,2.274877885914116,0.1611325014894863
Z-score Rule,2025,2025-11-18,2025-11-19,-0.0,-0.0,0.0,0,2.274877885914116,0.1611325014894863
Z-score Rule,2025,2025-11-19,2025-11-20,-0.0,-0.0,0.0,0,2.274877885914116,0.1611325014894863
Z-score Rule,2025,2025-11-20,2025-11-21,0.0,0.0,0.0,0,2.274877885914116,0.1611325014894863
Z-score Rule,2025,2025-11-21,2025-11-24,0.0,0.0,0.0,0,2.274877885914116,0.1611325014894863
Z-score Rule,2025,2025-11-24,2025-11-25,-0.0,-0.0,0.0,0,2.274877885914116,0.1611325014894863
Z-score Rule,2025,2025-11-25,2025-11-26,0.0,0.0,0.0,0,2.274877885914116,0.1611325014894863
Z-score Rule,2025,2025-11-26,2025-11-28,0.0,0.0,0.0,0,2.274877885914116,0.1611325014894863
Z-score Rule,2025,2025-11-28,2025-12-01,-0.0,-0.0,0.0,0,2.274877885914116,0.1611325014894863
Z-score Rule,2025,2025-12-01,2025-12-02,0.0,0.0,0.0,0,2.274877885914116,0.1611325014894863
Z-score Rule,2025,2025-12-02,2025-12-03,-0.0,-0.0,0.0,0,2.274877885914116,0.1611325014894863
Z-score Rule,2025,2025-12-03,2025-12-04,0.0,0.0,0.0,0,2.274877885914116,0.1611325014894863
Z-score Rule,2025,2025-12-04,2025-12-05,-0.0,-0.0,0.0,0,2.274877885914116,0.1611325014894863
Z-score Rule,2025,2025-12-05,2025-12-08,-0.0,-0.0,0.0,0,2.274877885914116,0.1611325014894863
Z-score Rule,2025,2025-12-08,2025-12-09,0.0,0.0,0.0,0,2.274877885914116,0.1611325014894863
Z-score Rule,2025,2025-12-09,2025-12-10,0.0,0.0,0.0,0,2.274877885914116,0.1611325014894863
Z-score Rule,2025,2025-12-10,2025-12-11,0.0,0.0,0.0,0,2.274877885914116,0.1611325014894863
Z-score Rule,2025,2025-12-11,2025-12-12,-0.0,-0.0,0.0,0,2.274877885914116,0.1611325014894863
Z-score Rule,2025,2025-12-12,2025-12-15,-0.011554494090406306,-0.01073769420668064,0.0008167998837256655,1,2.274877885914116,0.1611325014894863
Z-score Rule,2025,2025-12-15,2025-12-16,-0.00613336551013234,-0.006133243673357294,1.2183677504551406e-07,1,2.274877885914116,0.1611325014894863
Z-score Rule,2025,2025-12-16,2025-12-17,0.004622653613905952,0.004622937972821791,2.843589158390003e-07,1,2.274877885914116,0.2239839898219493
Z-score Rule,2025,2025-12-17,2025-12-18,-0.006113054121842977,-0.006112132549014933,9.215728280447256e-07,1,2.274877885914116,0.2239839898219493
Z-score Rule,2025,2025-12-18,2025-12-19,-0.00114611090169288,-0.001145599611637298,5.1129005558187e-07,1,2.274877885914116,0.2239839898219493
Z-score Rule,2025,2025-12-19,2025-12-22,0.0016606151769827258,0.001661681090250861,1.0659132681350436e-06,1,2.274877885914116,0.2239839898219493
Z-score Rule,2025,2025-12-22,2025-12-23,-0.007021499674308074,-0.007019714872193886,1.7848021141879112e-06,1,2.274877885914116,0.2239839898219493
Z-score Rule,2025,2025-12-23,2025-12-24,0.003442922366612308,0.003444272304376811,1.3499377645029287e-06,1,2.274877885914116,0.2239839898219493
Z-score Rule,2025,2025-12-24,2025-12-26,-0.002111648845922822,-0.002110089785893913,1.5590600289088764e-06,1,2.274877885914116,0.2239839898219493
Z-score Rule,2025,2025-12-26,2025-12-29,0.0018170728706466965,0.001818557793666657,1.4849230199606155e-06,1,2.274877885914116,0.2239839898219493
Z-score Rule,2025,2025-12-29,2025-12-30,0.0015096599208306442,0.00151101420884639,1.354288015745886e-06,1,2.274877885914116,0.2239839898219493
Z-score Rule,2025,2025-12-30,2025-12-31,-0.011115372441621108,-0.01028643509221903,0.0008289373494020793,1,2.274877885914116,0.2239839898219493
Always Long Spread,2025,2025-01-02,2025-01-03,-0.005202427001082251,-0.004505645058358761,0.00069678194272349,1,2.274877885914116,0.1556265055269499
Always Long Spread,2025,2025-01-03,2025-01-06,0.01333906966565702,0.01334167110798698,2.6014423299600965e-06,1,2.274877885914116,0.1556265055269499
Always Long Spread,2025,2025-01-06,2025-01-07,0.003966776364843523,0.003970961121275672,4.1847564321483016e-06,1,2.274877885914116,0.1556265055269499
Always Long Spread,2025,2025-01-07,2025-01-08,-0.00141305083314315,-0.001407640994534514,5.40983860863617e-06,1,2.274877885914116,0.1556265055269499
Always Long Spread,2025,2025-01-08,2025-01-09,0.005773548629702435,0.005779074548828088,5.525919125653339e-06,1,2.274877885914116,0.1556265055269499
Always Long Spread,2025,2025-01-09,2025-01-10,0.02261047667245172,0.02261644617425414,5.969501802422256e-06,1,2.274877885914116,0.1556265055269499
Always Long Spread,2025,2025-01-10,2025-01-13,0.016660242396958486,0.01667054254343332,1.0300146474834348e-05,1,2.274877885914116,0.1556265055269499
Always Long Spread,2025,2025-01-13,2025-01-14,0.003267498905826143,0.003277458464293212,9.959558467068835e-06,1,2.274877885914116,0.1556265055269499
Always Long Spread,2025,2025-01-14,2025-01-15,-0.0036677220628264125,-0.003657387231957187,1.0334830869225348e-05,1,2.274877885914116,0.1556265055269499
Always Long Spread,2025,2025-01-15,2025-01-16,-0.016396887234627823,-0.01638494009774714,1.1947136880683413e-05,1,2.274877885914116,0.07723706941064773
Always Long Spread,2025,2025-01-16,2025-01-17,0.012288367810067254,0.01229655863967031,8.190829603056698e-06,1,2.274877885914116,0.07723706941064773
Always Long Spread,2025,2025-01-17,2025-01-21,0.021038677324007483,0.021044194180539,5.516856531516096e-06,1,2.274877885914116,0.07723706941064773
Always Long Spread,2025,2025-01-21,2025-01-22,-0.014210473634138252,-0.01420938959975067,1.0840343875822418e-06,1,2.274877885914116,0.07723706941064773
Always Long Spread,2025,2025-01-22,2025-01-23,0.00933453459164614,0.009336763273715104,2.2286820689643992e-06,1,2.274877885914116,0.07723706941064773
Always Long Spread,2025,2025-01-23,2025-01-24,-0.0008425688656249913,-0.0008381788588934357,4.39000673155561e-06,1,2.274877885914116,0.07723706941064773
Always Long Spread,2025,2025-01-24,2025-01-27,-0.006813036336900596,-0.006811146568612206,1.889768288390492e-06,1,2.274877885914116,0.07723706941064773
Always Long Spread,2025,2025-01-27,2025-01-28,-0.0006608766686220795,-0.0006583837125777274,2.4929560443520543e-06,1,2.274877885914116,0.07723706941064773
Always Long Spread,2025,2025-01-28,2025-01-29,0.008117239290333237,0.008118058245977581,8.189556443447404e-07,1,2.274877885914116,0.07723706941064773
Always Long Spread,2025,2025-01-29,2025-01-30,-0.011519774524416155,-0.01151748320307147,2.291321344685654e-06,1,2.274877885914116,0.07723706941064773
Always Long Spread,2025,2025-01-30,2025-01-31,0.001106196552245666,0.001108067929743628,1.8713774979620956e-06,1,2.274877885914116,0.07723706941064773
Always Long Spread,2025,2025-01-31,2025-02-03,0.013327944700209158,0.01333054129246756,2.5965922584025028e-06,1,2.274877885914116,0.07723706941064773
Always Long Spread,2025,2025-02-03,2025-02-04,0.007434685630485066,0.007435415456131415,7.298256463486446e-07,1,2.274877885914116,0.07723706941064773
Always Long Spread,2025,2025-02-04,2025-02-05,-0.012220619899532041,-0.01221715179873586,3.468100796182497e-06,1,2.274877885914116,0.07723706941064773
Always Long Spread,2025,2025-02-05,2025-02-06,0.004927187082122893,0.004931228782411937,4.041700289043437e-06,1,2.274877885914116,0.07723706941064773
Always Long Spread,2025,2025-02-06,2025-02-07,-0.006060543266946264,-0.006059290455435043,1.2528115112211968e-06,1,2.274877885914116,0.07723706941064773
Always Long Spread,2025,2025-02-07,2025-02-10,0.0007805838586411624,0.0007824784974001705,1.8946387590081382e-06,1,2.274877885914116,0.07723706941064773
Always Long Spread,2025,2025-02-10,2025-02-11,-0.002297609912028485,-0.002296903134522771,7.067775057138515e-07,1,2.274877885914116,0.07723706941064773
Always Long Spread,2025,2025-02-11,2025-02-12,-0.01298253704828689,-0.01298249375791647,4.32903704204457e-08,1,2.274877885914116,0.07723706941064773
Always Long Spread,2025,2025-02-12,2025-02-13,0.0034424102608773192,0.003442493493678679,8.323280135993927e-08,1,2.274877885914116,0.07723706941064773
Always Long Spread,2025,2025-02-13,2025-02-14,0.002987530430756453,0.002989480837789642,1.9504070331891056e-06,1,2.274877885914116,0.07723706941064773
Always Long Spread,2025,2025-02-14,2025-02-18,0.004234717597875215,0.00423615543283056,1.4378349553441917e-06,1,2.274877885914116,0.2228256548982187
Always Long Spread,2025,2025-02-18,2025-02-19,-0.00730399057308441,-0.007303771584108138,2.1898897627145587e-07,1,2.274877885914116,0.2228256548982187
Always Long Spread,2025,2025-02-19,2025-02-20,0.012092653480406047,0.01209466308146556,2.009601059514421e-06,1,2.274877885914116,0.2228256548982187
Always Long Spread,2025,2025-02-20,2025-02-21,-0.004699434413617187,-0.004699432596724196,1.8168929912243392e-09,1,2.274877885914116,0.2228256548982187
Always Long Spread,2025,2025-02-21,2025-02-24,-0.007517732534329172,-0.007516603310914775,1.129223414396724e-06,1,2.274877885914116,0.2228256548982187
Always Long Spread,2025,2025-02-24,2025-02-25,0.00043297215913272143,0.0004336783495758529,7.061904431314714e-07,1,2.274877885914116,0.2228256548982187
Always Long Spread,2025,2025-02-25,2025-02-26,-0.006216813175093411,-0.006216229123979908,5.840511135030979e-07,1,2.274877885914116,0.2228256548982187
Always Long Spread,2025,2025-02-26,2025-02-27,0.0005094400126768751,0.0005104346077905628,9.94595113687713e-07,1,2.274877885914116,0.2228256548982187
Always Long Spread,2025,2025-02-27,2025-02-28,-0.011772575265008266,-0.01177243981040283,1.3545460543426536e-07,1,2.274877885914116,0.2228256548982187
Always Long Spread,2025,2025-02-28,2025-03-03,-0.011737297058098317,-0.01173497970955852,2.3173485397956496e-06,1,2.274877885914116,0.2228256548982187
Always Long Spread,2025,2025-03-03,2025-03-04,-0.010470740286276318,-0.01046860997268894,2.130313587378252e-06,1,2.274877885914116,0.2228256548982187
Always Long Spread,2025,2025-03-04,2025-03-05,0.007145277483894312,0.007148393402468234,3.1159185739222105e-06,1,2.274877885914116,0.2228256548982187
Always Long Spread,2025,2025-03-05,2025-03-06,0.012260569048348529,0.0122634622165926,2.8931682440712093e-06,1,2.274877885914116,0.2228256548982187
Always Long Spread,2025,2025-03-06,2025-03-07,-0.0031313172646896133,-0.0031288289268572,2.4883378324132843e-06,1,2.274877885914116,0.2228256548982187
Always Long Spread,2025,2025-03-07,2025-03-10,-0.00838506201906444,-0.008382285676112003,2.7763429524368665e-06,1,2.274877885914116,0.2228256548982187
Always Long Spread,2025,2025-03-10,2025-03-11,-0.0017033385640562086,-0.001700565390088777,2.7731739674316803e-06,1,2.274877885914116,0.2228256548982187
Always Long Spread,2025,2025-03-11,2025-03-12,-0.008584873076023798,-0.008582555726372258,2.3173496515394575e-06,1,2.274877885914116,0.2228256548982187
Always Long Spread,2025,2025-03-12,2025-03-13,0.001189571253140289,0.001191691927319513,2.1206741792240414e-06,1,2.274877885914116,0.2228256548982187
Always Long Spread,2025,2025-03-13,2025-03-14,0.00394626330348176,0.0039481670454583,1.9037419765402242e-06,1,2.274877885914116,0.2228256548982187
Always Long Spread,2025,2025-03-14,2025-03-17,0.010541088691762469,0.01054273531510927,1.6466233468001857e-06,1,2.274877885914116,0.2228256548982187
Always Long Spread,2025,2025-03-17,2025-03-18,0.0018206659379846318,0.001821122976792476,4.5703880784431215e-07,1,2.274877885914116,0.2228256548982187
Always Long Spread,2025,2025-03-18,2025-03-19,-0.00218317218719152,-0.002181815466050797,1.3567211407227443e-06,1,2.274877885914116,0.1273559657549407
Always Long Spread,2025,2025-03-19,2025-03-20,0.005307233237217293,0.005310258584378017,3.0253471607238346e-06,1,2.274877885914116,0.1273559657549407
Always Long Spread,2025,2025-03-20,2025-03-21,-0.006423507152555377,-0.006422031339807869,1.4758127475077155e-06,1,2.274877885914116,0.1273559657549407
Always Long Spread,2025,2025-03-21,2025-03-24,0.00013905764972937257,0.0001436203962262798,4.562746496907244e-06,1,2.274877885914116,0.1273559657549407
Always Long Spread,2025,2025-03-24,2025-03-25,-0.0030694247494891165,-0.00306698293661046,2.4418128786566072e-06,1,2.274877885914116,0.1273559657549407
Always Long Spread,2025,2025-03-25,2025-03-26,0.0006914985347181719,0.0006927833162608298,1.284781542657848e-06,1,2.274877885914116,0.1273559657549407
Always Long Spread,2025,2025-03-26,2025-03-27,0.014766503070181467,0.01477053927421929,4.0362040378238985e-06,1,2.274877885914116,0.1273559657549407
Always Long Spread,2025,2025-03-27,2025-03-28,0.007033649898082202,0.007037421165815946,3.771267733744782e-06,1,2.274877885914116,0.1273559657549407
Always Long Spread,2025,2025-03-28,2025-03-31,-0.007382516735533203,-0.007380209883987049,2.306851546154759e-06,1,2.274877885914116,0.1273559657549407
Always Long Spread,2025,2025-03-31,2025-04-01,0.019384840205883422,0.01938715471966774,2.3145137843177954e-06,1,2.274877885914116,0.1273559657549407
Always Long Spread,2025,2025-04-01,2025-04-02,4.48220214168362e-06,6.394267564212817e-06,1.9120654225291966e-06,1,2.274877885914116,0.1273559657549407
Always Long Spread,2025,2025-04-02,2025-04-03,-0.01835791801766928,-0.01835585261294212,2.065404727160408e-06,1,2.274877885914116,0.1273559657549407
Always Long Spread,2025,2025-04-03,2025-04-04,-0.030243635795074157,-0.03024254888584859,1.0869092255665903e-06,1,2.274877885914116,0.1273559657549407
Always Long Spread,2025,2025-04-04,2025-04-07,0.0009316836339283973,0.0009413844605510755,9.700826622678266e-06,1,2.274877885914116,0.1273559657549407
Always Long Spread,2025,2025-04-07,2025-04-08,0.007143315494642064,0.007154897764031016,1.1582269388951904e-05,1,2.274877885914116,0.1273559657549407
Always Long Spread,2025,2025-04-08,2025-04-09,0.016111431613976143,0.0161201757139137,8.744099937555095e-06,1,2.274877885914116,0.1273559657549407
Always Long Spread,2025,2025-04-09,2025-04-10,0.011926389733940427,0.01193968904539886,1.3299311458433994e-05,1,2.274877885914116,0.1273559657549407
Always Long Spread,2025,2025-04-10,2025-04-11,0.011081878044707161,0.01109964202286526,1.7763978158098965e-05,1,2.274877885914116,0.1273559657549407
Always Long Spread,2025,2025-04-11,2025-04-14,0.002641038653353245,0.002666333701632858,2.5295048279613154e-05,1,2.274877885914116,0.1273559657549407
Always Long Spread,2025,2025-04-14,2025-04-15,-0.0007800495906228303,-0.0007526322563653131,2.7417334257517134e-05,1,2.274877885914116,0.1273559657549407
Always Long Spread,2025,2025-04-15,2025-04-16,-0.0018967965373213687,-0.00187323307339874,2.356346392262873e-05,1,2.274877885914116,0.1273559657549407
Always Long Spread,2025,2025-04-16,2025-04-17,-4.766006882554898e-05,-2.668527724615901e-05,2.0974791579389974e-05,1,2.274877885914116,0.1218473219337726
Always Long Spread,2025,2025-04-17,2025-04-21,-0.001226272447013059,-0.001211335386527549,1.4937060485510134e-05,1,2.274877885914116,0.1218473219337726
Always Long Spread,2025,2025-04-21,2025-04-22,0.007457994798837106,0.007467524045759297,9.529246922191371e-06,1,2.274877885914116,0.1218473219337726
Always Long Spread,2025,2025-04-22,2025-04-23,0.007491590367858681,0.007502304259140992,1.0713891282310928e-05,1,2.274877885914116,0.1218473219337726
Always Long Spread,2025,2025-04-23,2025-04-24,0.016949455893100752,0.01695525509800043,5.799204899678445e-06,1,2.274877885914116,0.1218473219337726
Always Long Spread,2025,2025-04-24,2025-04-25,-0.006043604118296199,-0.006042798213800563,8.059044956367779e-07,1,2.274877885914116,0.1218473219337726
Always Long Spread,2025,2025-04-25,2025-04-28,0.00893829055169075,0.008939864092993955,1.573541303205417e-06,1,2.274877885914116,0.1218473219337726
Always Long Spread,2025,2025-04-28,2025-04-29,-0.018181543163510838,-0.01817057793444303,1.0965229067807948e-05,1,2.274877885914116,0.1218473219337726
Always Long Spread,2025,2025-04-29,2025-04-30,-0.004932731843912292,-0.004932447692746663,2.8415116562852116e-07,1,2.274877885914116,0.1218473219337726
Always Long Spread,2025,2025-04-30,2025-05-01,0.012975427556509439,0.01297563438392006,2.068274106211687e-07,1,2.274877885914116,0.1218473219337726
Always Long Spread,2025,2025-05-01,2025-05-02,0.00018686151140486407,0.0001933125107460958,6.450999341231723e-06,1,2.274877885914116,0.1218473219337726
Always Long Spread,2025,2025-05-02,2025-05-05,-0.0071405675924045816,-0.007136530510326269,4.037082078312215e-06,1,2.274877885914116,0.1218473219337726
Always Long Spread,2025,2025-05-05,2025-05-06,0.002295227176138108,0.002300302250011923,5.075073873814839e-06,1,2.274877885914116,0.1218473219337726
Always Long Spread,2025,2025-05-06,2025-05-07,-0.008000118044437872,-0.007992512570954995,7.6054734828767126e-06,1,2.274877885914116,0.1218473219337726
Always Long Spread,2025,2025-05-07,2025-05-08,0.006442260893461919,0.006446996009140506,4.735115678586976e-06,1,2.274877885914116,0.1218473219337726
Always Long Spread,2025,2025-05-08,2025-05-09,0.008141070507552674,0.008146900066884665,5.829559331991696e-06,1,2.274877885914116,0.1218473219337726
Always Long Spread,2025,2025-05-09,2025-05-12,0.013500287363711908,0.01351034899950111,1.0061635789203271e-05,1,2.274877885914116,0.1218473219337726
Always Long Spread,2025,2025-05-12,2025-05-13,0.010790273968191596,0.01079554098602093,5.267017829332698e-06,1,2.274877885914116,0.1218473219337726
Always Long Spread,2025,2025-05-13,2025-05-14,0.0006410483836974741,0.0006542089051958674,1.3160521498393252e-05,1,2.274877885914116,0.1218473219337726
Always Long Spread,2025,2025-05-14,2025-05-15,-0.032956593670174845,-0.03294171361131307,1.4880058861775292e-05,1,2.274877885914116,0.1218473219337726
Always Long Spread,2025,2025-05-15,2025-05-16,0.0060958513169268955,0.006096627382331745,7.760654048488691e-07,1,2.274877885914116,0.1218473219337726
Always Long Spread,2025,2025-05-16,2025-05-19,0.0019765854394380947,0.001983451954751683,6.866515313587951e-06,1,2.274877885914116,0.1446016102443144
Always Long Spread,2025,2025-05-19,2025-05-20,-0.00017990298756272925,-0.000173612314361386,6.290673201343244e-06,1,2.274877885914116,0.1446016102443144
Always Long Spread,2025,2025-05-20,2025-05-21,0.006934881437603692,0.006936946253107293,2.064815503600409e-06,1,2.274877885914116,0.1446016102443144
Always Long Spread,2025,2025-05-21,2025-05-22,-0.0020337828979658822,-0.002029346883848673,4.4360141172091475e-06,1,2.274877885914116,0.1446016102443144
Always Long Spread,2025,2025-05-22,2025-05-23,-0.003415644442144958,-0.003414319139248635,1.325302896323155e-06,1,2.274877885914116,0.1446016102443144
Always Long Spread,2025,2025-05-23,2025-05-27,0.0019707535426593857,0.001973051021564604,2.2974789052182533e-06,1,2.274877885914116,0.1446016102443144
Always Long Spread,2025,2025-05-27,2025-05-28,-0.009505262226238004,-0.00950122024221961,4.04198401839459e-06,1,2.274877885914116,0.1446016102443144
Always Long Spread,2025,2025-05-28,2025-05-29,-0.0007320592130251773,-0.0007274376438536397,4.621569171537609e-06,1,2.274877885914116,0.1446016102443144
Always Long Spread,2025,2025-05-29,2025-05-30,-0.009419318974296778,-0.00941525190726306,4.067067033718258e-06,1,2.274877885914116,0.1446016102443144
Always Long Spread,2025,2025-05-30,2025-06-02,-0.004673055232468587,-0.004669983364610515,3.071867858071231e-06,1,2.274877885914116,0.1446016102443144
Always Long Spread,2025,2025-06-02,2025-06-03,0.006181725537426438,0.006186256592235996,4.531054809557067e-06,1,2.274877885914116,0.1446016102443144
Always Long Spread,2025,2025-06-03,2025-06-04,0.0007001052090070508,0.0007055988331596658,5.493624152614979e-06,1,2.274877885914116,0.1446016102443144
Always Long Spread,2025,2025-06-04,2025-06-05,0.006435867822375133,0.006438558071718781,2.6902493436476995e-06,1,2.274877885914116,0.1446016102443144
Always Long Spread,2025,2025-06-05,2025-06-06,0.00697316913067153,0.006975842918795377,2.6737881238474704e-06,1,2.274877885914116,0.1446016102443144
Always Long Spread,2025,2025-06-06,2025-06-09,-0.0009404241693961899,-0.0009363728833066484,4.051286089541528e-06,1,2.274877885914116,0.1446016102443144
Always Long Spread,2025,2025-06-09,2025-06-10,0.0011753173053943883,0.001182707526660555,7.390221266166869e-06,1,2.274877885914116,0.1446016102443144
Always Long Spread,2025,2025-06-10,2025-06-11,-0.004963203154546376,-0.004955168700515896,8.0344540304792e-06,1,2.274877885914116,0.1446016102443144
Always Long Spread,2025,2025-06-11,2025-06-12,-0.008213223578787539,-0.008202371825747299,1.0851753040240192e-05,1,2.274877885914116,0.1446016102443144
Always Long Spread,2025,2025-06-12,2025-06-13,0.02823517090458262,0.0282658357349539,3.066483037127876e-05,1,2.274877885914116,0.1446016102443144
Always Long Spread,2025,2025-06-13,2025-06-16,0.00564170856334401,0.005667581258096827,2.587269475281759e-05,1,2.274877885914116,0.1446016102443144
Always Long Spread,2025,2025-06-16,2025-06-17,0.0031562364031370075,0.00317549590910881,1.925950597180251e-05,1,2.274877885914116,0.1446016102443144
Always Long Spread,2025,2025-06-17,2025-06-18,0.0007485282337618855,0.0007743669254525702,2.5838691690684742e-05,1,2.274877885914116,0.1077690951672691
Always Long Spread,2025,2025-06-18,2025-06-20,-0.00611865833786387,-0.006099937444050643,1.8720893813226405e-05,1,2.274877885914116,0.1077690951672691
Always Long Spread,2025,2025-06-20,2025-06-23,-0.008259054337923009,-0.008257964482183942,1.0898557390672802e-06,1,2.274877885914116,0.1077690951672691
Always Long Spread,2025,2025-06-23,2025-06-24,-0.01093182418996357,-0.01092983796791284,1.986222050731623e-06,1,2.274877885914116,0.1077690951672691
Always Long Spread,2025,2025-06-24,2025-06-25,-0.019504911481304225,-0.01950091931099302,3.9921703112053564e-06,1,2.274877885914116,0.1077690951672691
Always Long Spread,2025,2025-06-25,2025-06-26,-0.00048168465012141305,-0.0004674970925102385,1.4187557611174538e-05,1,2.274877885914116,0.1077690951672691
Always Long Spread,2025,2025-06-26,2025-06-27,0.004756944474607487,0.004773833989140986,1.6889514533498704e-05,1,2.274877885914116,0.1077690951672691
Always Long Spread,2025,2025-06-27,2025-06-30,-0.0035246769109273236,-0.003520471304885903,4.205606041420854e-06,1,2.274877885914116,0.1077690951672691
Always Long Spread,2025,2025-06-30,2025-07-01,0.0016852689939554353,0.001688500532382423,3.231538426987743e-06,1,2.274877885914116,0.1077690951672691
Always Long Spread,2025,2025-07-01,2025-07-02,0.023005887273323863,0.02300650103424758,6.137609237158032e-07,1,2.274877885914116,0.1077690951672691
Always Long Spread,2025,2025-07-02,2025-07-03,0.004777279818975086,0.004788550045295627,1.1270226320541296e-05,1,2.274877885914116,0.1077690951672691
Always Long Spread,2025,2025-07-03,2025-07-07,-0.021364030477638695,-0.02135278992171066,1.1240555928035302e-05,1,2.274877885914116,0.1077690951672691
Always Long Spread,2025,2025-07-07,2025-07-08,-0.0068038402850436035,-0.006800719297693446,3.1209873501582e-06,1,2.274877885914116,0.1077690951672691
Always Long Spread,2025,2025-07-08,2025-07-09,-0.011360364784224015,-0.01135982166375217,5.431204718448977e-07,1,2.274877885914116,0.1077690951672691
Always Long Spread,2025,2025-07-09,2025-07-10,-0.0007686775961396364,-0.0007639260730672726,4.7515230723638515e-06,1,2.274877885914116,0.1077690951672691
Always Long Spread,2025,2025-07-10,2025-07-11,-0.008030323152104406,-0.008026445384187321,3.877767917085051e-06,1,2.274877885914116,0.1077690951672691
Always Long Spread,2025,2025-07-11,2025-07-14,-0.005793812495886951,-0.005786845674569108,6.966821317843194e-06,1,2.274877885914116,0.1077690951672691
Always Long Spread,2025,2025-07-14,2025-07-15,-0.0020733134220134574,-0.00206495603235721,8.357389656247313e-06,1,2.274877885914116,0.1077690951672691
Always Long Spread,2025,2025-07-15,2025-07-16,0.01658880405361262,0.01659207897211872,3.274918506097388e-06,1,2.274877885914116,0.1077690951672691
Always Long Spread,2025,2025-07-16,2025-07-17,0.007686644300861381,0.007686793443860537,1.4914299915588791e-07,1,2.274877885914116,0.1077690951672691
Always Long Spread,2025,2025-07-17,2025-07-18,0.003210239309724485,0.003215013763685055,4.7744539605699545e-06,1,2.274877885914116,0.1077690951672691
Always Long Spread,2025,2025-07-18,2025-07-21,-0.010659846789661555,-0.01065703024105733,2.8165486042247002e-06,1,2.274877885914116,0.1835886963316851
Always Long Spread,2025,2025-07-21,2025-07-22,-0.006441000433058995,-0.006439905890348287,1.0945427107073996e-06,1,2.274877885914116,0.1835886963316851
Always Long Spread,2025,2025-07-22,2025-07-23,-0.0034902844736841546,-0.003488432859385948,1.8516142982067525e-06,1,2.274877885914116,0.1835886963316851
Always Long Spread,2025,2025-07-23,2025-07-24,-0.00023814316774323086,-0.0002380331302566678,1.1003748656304712e-07,1,2.274877885914116,0.1835886963316851
Always Long Spread,2025,2025-07-24,2025-07-25,-0.004405006913583844,-0.004401784320258925,3.2225933249190877e-06,1,2.274877885914116,0.1835886963316851
Always Long Spread,2025,2025-07-25,2025-07-28,-0.008290922306689617,-0.008286427545106587,4.494761583029555e-06,1,2.274877885914116,0.1835886963316851
Always Long Spread,2025,2025-07-28,2025-07-29,-0.005013086652044326,-0.00500842308192447,4.663570119855049e-06,1,2.274877885914116,0.1835886963316851
Always Long Spread,2025,2025-07-29,2025-07-30,-0.013687027546742486,-0.0136847005310445,2.3270156979855046e-06,1,2.274877885914116,0.1835886963316851
Always Long Spread,2025,2025-07-30,2025-07-31,-0.007059719510763915,-0.007049679196084989,1.0040314678926104e-05,1,2.274877885914116,0.1835886963316851
Always Long Spread,2025,2025-07-31,2025-08-01,-0.004680228494340979,-0.004670422809510486,9.8056848304936e-06,1,2.274877885914116,0.1835886963316851
Always Long Spread,2025,2025-08-01,2025-08-04,0.002045295603851564,0.002054066866427987,8.77126257642255e-06,1,2.274877885914116,0.1835886963316851
Always Long Spread,2025,2025-08-04,2025-08-05,0.0001735222650698509,0.0001784061208123861,4.883855742535192e-06,1,2.274877885914116,0.1835886963316851
Always Long Spread,2025,2025-08-05,2025-08-06,-0.003834828888763414,-0.003829543100600122,5.285788163292254e-06,1,2.274877885914116,0.1835886963316851
Always Long Spread,2025,2025-08-06,2025-08-07,0.0072854577996809165,0.007294030569221879,8.572769540961895e-06,1,2.274877885914116,0.1835886963316851
Always Long Spread,2025,2025-08-07,2025-08-08,-0.005888826608094292,-0.005883404514005952,5.422094088339907e-06,1,2.274877885914116,0.1835886963316851
Always Long Spread,2025,2025-08-08,2025-08-11,0.018672015755285307,0.01867747959123349,5.463835948184059e-06,1,2.274877885914116,0.1835886963316851
Always Long Spread,2025,2025-08-11,2025-08-12,0.02148758071381881,0.02148927000036852,1.6892865497105947e-06,1,2.274877885914116,0.1835886963316851
Always Long Spread,2025,2025-08-12,2025-08-13,0.005506637223605556,0.005507124705883087,4.874822775307874e-07,1,2.274877885914116,0.1835886963316851
Always Long Spread,2025,2025-08-13,2025-08-14,-0.012672953848767987,-0.01267202079813522,9.330506327665522e-07,1,2.274877885914116,0.1835886963316851
Always Long Spread,2025,2025-08-14,2025-08-15,0.012181031005094066,0.01218109526309501,6.425800094370105e-08,1,2.274877885914116,0.1835886963316851
Always Long Spread,2025,2025-08-15,2025-08-18,0.0016830843209970842,0.001683156591326466,7.227032938170175e-08,1,2.274877885914116,0.1835886963316851
Always Long Spread,2025,2025-08-18,2025-08-19,-0.014923329727263415,-0.01492332367894583,6.048317584383955e-09,1,2.274877885914116,0.2175390475261111
Always Long Spread,2025,2025-08-19,2025-08-20,-0.002740375369154212,-0.002740052413154106,3.2295600010584515e-07,1,2.274877885914116,0.2175390475261111
Always Long Spread,2025,2025-08-20,2025-08-21,0.014209607737093085,0.01421020351937816,5.957822850738426e-07,1,2.274877885914116,0.2175390475261111
Always Long Spread,2025,2025-08-21,2025-08-22,0.002030734913613448,0.002031675526259024,9.406126455758779e-07,1,2.274877885914116,0.2175390475261111
Always Long Spread,2025,2025-08-22,2025-08-25,-0.009657426343429157,-0.009656095132980873,1.3312104482846588e-06,1,2.274877885914116,0.2175390475261111
Always Long Spread,2025,2025-08-25,2025-08-26,0.0016523969843355352,0.001653146060891647,7.490765561118385e-07,1,2.274877885914116,0.2175390475261111
Always Long Spread,2025,2025-08-26,2025-08-27,0.002728123931860308,0.002729575400087234,1.451468226925795e-06,1,2.274877885914116,0.2175390475261111
Always Long Spread,2025,2025-08-27,2025-08-28,0.00814097346509519,0.00814293059082822,1.957125733028281e-06,1,2.274877885914116,0.2175390475261111
Always Long Spread,2025,2025-08-28,2025-08-29,0.011173281144004487,0.0111758748675506,2.5937235461125088e-06,1,2.274877885914116,0.2175390475261111
Always Long Spread,2025,2025-08-29,2025-09-02,-0.001517561591025973,-0.001514964328461836,2.597262564136893e-06,1,2.274877885914116,0.2175390475261111
Always Long Spread,2025,2025-09-02,2025-09-03,-0.010016317410646144,-0.0100144222935186,1.8951171275430058e-06,1,2.274877885914116,0.2175390475261111
Always Long Spread,2025,2025-09-03,2025-09-04,-0.00805058672298359,-0.00804766016907791,2.926553905679502e-06,1,2.274877885914116,0.2175390475261111
Always Long Spread,2025,2025-09-04,2025-09-05,-0.006788485866338488,-0.006781711257608936,6.7746087295526e-06,1,2.274877885914116,0.2175390475261111
Always Long Spread,2025,2025-09-05,2025-09-08,0.0017035103383004223,0.001709648560244302,6.138221943879696e-06,1,2.274877885914116,0.2175390475261111
Always Long Spread,2025,2025-09-08,2025-09-09,-0.010816359814154288,-0.01081014588823324,6.213925921048496e-06,1,2.274877885914116,0.2175390475261111
Always Long Spread,2025,2025-09-09,2025-09-10,0.0008307236100003856,0.000833828192957512,3.1045829571263174e-06,1,2.274877885914116,0.2175390475261111
Always Long Spread,2025,2025-09-10,2025-09-11,0.0071474162874865035,0.007151386517078696,3.970229592192148e-06,1,2.274877885914116,0.2175390475261111
Always Long Spread,2025,2025-09-11,2025-09-12,0.010286128708069744,0.01028916475588826,3.0360478185164354e-06,1,2.274877885914116,0.2175390475261111
Always Long Spread,2025,2025-09-12,2025-09-15,0.020704436679090762,0.02071007243228637,5.635753195608356e-06,1,2.274877885914116,0.2175390475261111
Always Long Spread,2025,2025-09-15,2025-09-16,0.005833486170295815,0.005838582863617438,5.0966933216230474e-06,1,2.274877885914116,0.2175390475261111
Always Long Spread,2025,2025-09-16,2025-09-17,-0.0029689719705001077,-0.00296419949115907,4.7724793410379996e-06,1,2.274877885914116,0.2175390475261111
Always Long Spread,2025,2025-09-17,2025-09-18,-0.0046681131319322835,-0.004664308672622752,3.8044593095317993e-06,1,2.274877885914116,0.230397850270053
Always Long Spread,2025,2025-09-18,2025-09-19,-0.011485111811382353,-0.01148245109065233,2.6607207300221036e-06,1,2.274877885914116,0.230397850270053
Always Long Spread,2025,2025-09-19,2025-09-22,-0.008096192438387736,-0.008094337365142534,1.8550732452020102e-06,1,2.274877885914116,0.230397850270053
Always Long Spread,2025,2025-09-22,2025-09-23,0.006985040280461096,0.006987895750000033,2.8554695389372e-06,1,2.274877885914116,0.230397850270053
Always Long Spread,2025,2025-09-23,2025-09-24,0.0024867209053251386,0.002487438143055058,7.172377299193011e-07,1,2.274877885914116,0.230397850270053
Always Long Spread,2025,2025-09-24,2025-09-25,0.00825054622592732,0.00825054805091761,1.8249902914990735e-09,1,2.274877885914116,0.230397850270053
Always Long Spread,2025,2025-09-25,2025-09-26,0.0011543746592789226,0.001154770942142929,3.962828640064475e-07,1,2.274877885914116,0.230397850270053
Always Long Spread,2025,2025-09-26,2025-09-29,-0.002079117432194156,-0.002077501943236779,1.6154889573769537e-06,1,2.274877885914116,0.230397850270053
Always Long Spread,2025,2025-09-29,2025-09-30,-0.004759792428953113,-0.004758150570570573,1.6418583825407451e-06,1,2.274877885914116,0.230397850270053
Always Long Spread,2025,2025-09-30,2025-10-01,0.012841205865444525,0.01284454482996867,3.338964524145394e-06,1,2.274877885914116,0.230397850270053
Always Long Spread,2025,2025-10-01,2025-10-02,-0.0004453135154825253,-0.0004443243309273839,9.891845551413537e-07,1,2.274877885914116,0.230397850270053
Always Long Spread,2025,2025-10-02,2025-10-03,-0.004637606298633477,-0.004635882132329037,1.7241663044401112e-06,1,2.274877885914116,0.230397850270053
Always Long Spread,2025,2025-10-03,2025-10-06,0.0029369332730941086,0.002937861450291071,9.281771969622543e-07,1,2.274877885914116,0.230397850270053
Always Long Spread,2025,2025-10-06,2025-10-07,0.003999006556237282,0.003999262364380348,2.558081430656667e-07,1,2.274877885914116,0.230397850270053
Always Long Spread,2025,2025-10-07,2025-10-08,0.004143597577202887,0.004144402582480281,8.050052773940497e-07,1,2.274877885914116,0.230397850270053
Always Long Spread,2025,2025-10-08,2025-10-09,-0.00523976837060256,-0.005239373130462997,3.9524013956290793e-07,1,2.274877885914116,0.230397850270053
Always Long Spread,2025,2025-10-09,2025-10-10,-0.011431496811490808,-0.01143141618623733,8.062525347815598e-08,1,2.274877885914116,0.230397850270053
Always Long Spread,2025,2025-10-10,2025-10-13,0.002515581852870384,0.002517023984280079,1.442131409695069e-06,1,2.274877885914116,0.230397850270053
Always Long Spread,2025,2025-10-13,2025-10-14,-0.002089544739451217,-0.002089341818089598,2.029213616188963e-07,1,2.274877885914116,0.230397850270053
Always Long Spread,2025,2025-10-14,2025-10-15,-0.014825226624403998,-0.01482503489633419,1.9172806980774504e-07,1,2.274877885914116,0.230397850270053
Always Long Spread,2025,2025-10-15,2025-10-16,0.0025809452686670594,0.00258143276294843,4.874942813707095e-07,1,2.274877885914116,0.230397850270053
Always Long Spread,2025,2025-10-16,2025-10-17,0.0020010432282630596,0.002001481448911231,4.382206481712003e-07,1,2.274877885914116,0.2150436352989264
Always Long Spread,2025,2025-10-17,2025-10-20,0.005607877485734256,0.005608910456014179,1.0329702799226903e-06,1,2.274877885914116,0.2150436352989264
Always Long Spread,2025,2025-10-20,2025-10-21,-0.00394810993760765,-0.00394808956764322,2.0369964430638765e-08,1,2.274877885914116,0.2150436352989264
Always Long Spread,2025,2025-10-21,2025-10-22,-0.000949741503099218,-0.000949496705945946,2.447971532719973e-07,1,2.274877885914116,0.2150436352989264
Always Long Spread,2025,2025-10-22,2025-10-23,0.006085740812519427,0.006086610578321943,8.697658025163535e-07,1,2.274877885914116,0.2150436352989264
Always Long Spread,2025,2025-10-23,2025-10-24,-0.005612112955830629,-0.005611429607608335,6.833482222938503e-07,1,2.274877885914116,0.2150436352989264
Always Long Spread,2025,2025-10-24,2025-10-27,0.01803115544739968,0.01803180916191746,6.537145177804571e-07,1,2.274877885914116,0.2150436352989264
Always Long Spread,2025,2025-10-27,2025-10-28,-0.0020648733838256185,-0.00206271184372687,2.1615400987484713e-06,1,2.274877885914116,0.2150436352989264
Always Long Spread,2025,2025-10-28,2025-10-29,-0.0014004709709399285,-0.001397542455797726,2.9285151422024926e-06,1,2.274877885914116,0.2150436352989264
Always Long Spread,2025,2025-10-29,2025-10-30,-9.841029121767792e-06,-7.759749588300696e-06,2.081279533467095e-06,1,2.274877885914116,0.2150436352989264
Always Long Spread,2025,2025-10-30,2025-10-31,-0.0009501687960151397,-0.0009483271985249522,1.8415974901874466e-06,1,2.274877885914116,0.2150436352989264
Always Long Spread,2025,2025-10-31,2025-11-03,0.019175372114075415,0.0191756871885885,3.150745130853505e-07,1,2.274877885914116,0.2150436352989264
Always Long Spread,2025,2025-11-03,2025-11-04,-0.005269616905164724,-0.005263680533098608,5.936372066115664e-06,1,2.274877885914116,0.2150436352989264
Always Long Spread,2025,2025-11-04,2025-11-05,-0.0007908449403360633,-0.0007872287905985008,3.6161497375625517e-06,1,2.274877885914116,0.2150436352989264
Always Long Spread,2025,2025-11-05,2025-11-06,-0.00667423798964178,-0.006669609285972662,4.62870366911794e-06,1,2.274877885914116,0.2150436352989264
Always Long Spread,2025,2025-11-06,2025-11-07,0.0022108258402775602,0.002212263728730801,1.4378884532405546e-06,1,2.274877885914116,0.2150436352989264
Always Long Spread,2025,2025-11-07,2025-11-10,0.00831573765803382,0.008317614276960608,1.8766189267877542e-06,1,2.274877885914116,0.2150436352989264
Always Long Spread,2025,2025-11-10,2025-11-11,0.002444975722555775,0.0024484719243565,3.4962018007251295e-06,1,2.274877885914116,0.2150436352989264
Always Long Spread,2025,2025-11-11,2025-11-12,-7.743729452783071e-05,-7.45331388588245e-05,2.9041556690062033e-06,1,2.274877885914116,0.2150436352989264
Always Long Spread,2025,2025-11-12,2025-11-13,-0.0015715583136694448,-0.001568522364891632,3.035948777812825e-06,1,2.274877885914116,0.2150436352989264
Always Long Spread,2025,2025-11-13,2025-11-14,-0.007666222351534255,-0.007662950318375571,3.2720331586845733e-06,1,2.274877885914116,0.2150436352989264
Always Long Spread,2025,2025-11-14,2025-11-17,0.025855998597005717,0.02585708673542432,1.0881384186037236e-06,1,2.274877885914116,0.1611325014894863
Always Long Spread,2025,2025-11-17,2025-11-18,0.002975957636996459,0.002982716247666739,6.75861067027983e-06,1,2.274877885914116,0.1611325014894863
Always Long Spread,2025,2025-11-18,2025-11-19,-0.0012406833469380278,-0.001234475256374662,6.208090563365798e-06,1,2.274877885914116,0.1611325014894863
Always Long Spread,2025,2025-11-19,2025-11-20,-0.0034844577697788915,-0.00347942337695265,5.03439282624174e-06,1,2.274877885914116,0.1611325014894863
Always Long Spread,2025,2025-11-20,2025-11-21,0.00023064013870362346,0.0002344212690709412,3.7811303673177532e-06,1,2.274877885914116,0.1611325014894863
Always Long Spread,2025,2025-11-21,2025-11-24,8.769190191338587e-05,9.120219923846305e-05,3.510297325077183e-06,1,2.274877885914116,0.1611325014894863
Always Long Spread,2025,2025-11-24,2025-11-25,-0.0038417942730799757,-0.00383834237489609,3.4518981838856934e-06,1,2.274877885914116,0.1611325014894863
Always Long Spread,2025,2025-11-25,2025-11-26,0.005795010430900984,0.005797762406930074,2.7519760290907747e-06,1,2.274877885914116,0.1611325014894863
Always Long Spread,2025,2025-11-26,2025-11-28,0.010587942981519001,0.01059084264630828,2.8996647892793324e-06,1,2.274877885914116,0.1611325014894863
Always Long Spread,2025,2025-11-28,2025-12-01,-0.00226143810336706,-0.00225777663226525,3.6614711018097547e-06,1,2.274877885914116,0.1611325014894863
Always Long Spread,2025,2025-12-01,2025-12-02,0.0020134664397303235,0.002016387417421166,2.9209776908424855e-06,1,2.274877885914116,0.1611325014894863
Always Long Spread,2025,2025-12-02,2025-12-03,-0.0076392729954225585,-0.007636450343329782,2.8226520927771006e-06,1,2.274877885914116,0.1611325014894863
Always Long Spread,2025,2025-12-03,2025-12-04,0.0031526013838451767,0.003154992787591175,2.3914037459986104e-06,1,2.274877885914116,0.1611325014894863
Always Long Spread,2025,2025-12-04,2025-12-05,-0.00511100839325293,-0.005109299525682958,1.7088675699713508e-06,1,2.274877885914116,0.1611325014894863
Always Long Spread,2025,2025-12-05,2025-12-08,-0.008202438273526801,-0.008200882021538215,1.5562519885854443e-06,1,2.274877885914116,0.1611325014894863
Always Long Spread,2025,2025-12-08,2025-12-09,0.005275521073305096,0.005276347032091558,8.259587864620777e-07,1,2.274877885914116,0.1611325014894863
Always Long Spread,2025,2025-12-09,2025-12-10,0.0036713966034826475,0.003672255676064218,8.590725815706968e-07,1,2.274877885914116,0.1611325014894863
Always Long Spread,2025,2025-12-10,2025-12-11,0.0007922875605018612,0.0007933709020373303,1.0833415354690734e-06,1,2.274877885914116,0.1611325014894863
Always Long Spread,2025,2025-12-11,2025-12-12,-0.01923680154166222,-0.01923552575234331,1.2757893189107029e-06,1,2.274877885914116,0.1611325014894863
Always Long Spread,2025,2025-12-12,2025-12-15,-0.010738210844480815,-0.01073769420668064,5.166378001744131e-07,1,2.274877885914116,0.1611325014894863
Always Long Spread,2025,2025-12-15,2025-12-16,-0.00613336551013234,-0.006133243673357294,1.2183677504551406e-07,1,2.274877885914116,0.1611325014894863
Always Long Spread,2025,2025-12-16,2025-12-17,0.004622653613905952,0.004622937972821791,2.843589158390003e-07,1,2.274877885914116,0.2239839898219493
Always Long Spread,2025,2025-12-17,2025-12-18,-0.006113054121842977,-0.006112132549014933,9.215728280447256e-07,1,2.274877885914116,0.2239839898219493
Always Long Spread,2025,2025-12-18,2025-12-19,-0.00114611090169288,-0.001145599611637298,5.1129005558187e-07,1,2.274877885914116,0.2239839898219493
Always Long Spread,2025,2025-12-19,2025-12-22,0.0016606151769827258,0.001661681090250861,1.0659132681350436e-06,1,2.274877885914116,0.2239839898219493
Always Long Spread,2025,2025-12-22,2025-12-23,-0.007021499674308074,-0.007019714872193886,1.7848021141879112e-06,1,2.274877885914116,0.2239839898219493
Always Long Spread,2025,2025-12-23,2025-12-24,0.003442922366612308,0.003444272304376811,1.3499377645029287e-06,1,2.274877885914116,0.2239839898219493
Always Long Spread,2025,2025-12-24,2025-12-26,-0.002111648845922822,-0.002110089785893913,1.5590600289088764e-06,1,2.274877885914116,0.2239839898219493
Always Long Spread,2025,2025-12-26,2025-12-29,0.0018170728706466965,0.001818557793666657,1.4849230199606155e-06,1,2.274877885914116,0.2239839898219493
Always Long Spread,2025,2025-12-29,2025-12-30,0.0015096599208306442,0.00151101420884639,1.354288015745886e-06,1,2.274877885914116,0.2239839898219493
Always Long Spread,2025,2025-12-30,2025-12-31,-0.011115372441621108,-0.01028643509221903,0.0008289373494020793,1,2.274877885914116,0.2239839898219493
Always Short Spread,2025,2025-01-02,2025-01-03,0.0038088631156352713,0.004505645058358761,0.00069678194272349,-1,2.274877885914116,0.1556265055269499
Always Short Spread,2025,2025-01-03,2025-01-06,-0.01334427255031694,-0.01334167110798698,2.6014423299600965e-06,-1,2.274877885914116,0.1556265055269499
Always Short Spread,2025,2025-01-06,2025-01-07,-0.003975145877707821,-0.003970961121275672,4.1847564321483016e-06,-1,2.274877885914116,0.1556265055269499
Always Short Spread,2025,2025-01-07,2025-01-08,0.0014022311559258778,0.001407640994534514,5.40983860863617e-06,-1,2.274877885914116,0.1556265055269499
Always Short Spread,2025,2025-01-08,2025-01-09,-0.005784600467953742,-0.005779074548828088,5.525919125653339e-06,-1,2.274877885914116,0.1556265055269499
Always Short Spread,2025,2025-01-09,2025-01-10,-0.02262241567605656,-0.02261644617425414,5.969501802422256e-06,-1,2.274877885914116,0.1556265055269499
Always Short Spread,2025,2025-01-10,2025-01-13,-0.016680842689908153,-0.01667054254343332,1.0300146474834348e-05,-1,2.274877885914116,0.1556265055269499
Always Short Spread,2025,2025-01-13,2025-01-14,-0.003287418022760281,-0.003277458464293212,9.959558467068835e-06,-1,2.274877885914116,0.1556265055269499
Always Short Spread,2025,2025-01-14,2025-01-15,0.003647052401087962,0.003657387231957187,1.0334830869225348e-05,-1,2.274877885914116,0.1556265055269499
Always Short Spread,2025,2025-01-15,2025-01-16,0.01637299296086646,0.01638494009774714,1.1947136880683413e-05,-1,2.274877885914116,0.07723706941064773
Always Short Spread,2025,2025-01-16,2025-01-17,-0.012304749469273367,-0.01229655863967031,8.190829603056698e-06,-1,2.274877885914116,0.07723706941064773
Always Short Spread,2025,2025-01-17,2025-01-21,-0.021049711037070516,-0.021044194180539,5.516856531516096e-06,-1,2.274877885914116,0.07723706941064773
Always Short Spread,2025,2025-01-21,2025-01-22,0.014208305565363089,0.01420938959975067,1.0840343875822418e-06,-1,2.274877885914116,0.07723706941064773
Always Short Spread,2025,2025-01-22,2025-01-23,-0.009338991955784068,-0.009336763273715104,2.2286820689643992e-06,-1,2.274877885914116,0.07723706941064773
Always Short Spread,2025,2025-01-23,2025-01-24,0.0008337888521618801,0.0008381788588934357,4.39000673155561e-06,-1,2.274877885914116,0.07723706941064773
Always Short Spread,2025,2025-01-24,2025-01-27,0.0068092568003238155,0.006811146568612206,1.889768288390492e-06,-1,2.274877885914116,0.07723706941064773
Always Short Spread,2025,2025-01-27,2025-01-28,0.0006558907565333753,0.0006583837125777274,2.4929560443520543e-06,-1,2.274877885914116,0.07723706941064773
Always Short Spread,2025,2025-01-28,2025-01-29,-0.008118877201621926,-0.008118058245977581,8.189556443447404e-07,-1,2.274877885914116,0.07723706941064773
Always Short Spread,2025,2025-01-29,2025-01-30,0.011515191881726785,0.01151748320307147,2.291321344685654e-06,-1,2.274877885914116,0.07723706941064773
Always Short Spread,2025,2025-01-30,2025-01-31,-0.00110993930724159,-0.001108067929743628,1.8713774979620956e-06,-1,2.274877885914116,0.07723706941064773
Always Short Spread,2025,2025-01-31,2025-02-03,-0.013333137884725963,-0.01333054129246756,2.5965922584025028e-06,-1,2.274877885914116,0.07723706941064773
Always Short Spread,2025,2025-02-03,2025-02-04,-0.007436145281777763,-0.007435415456131415,7.298256463486446e-07,-1,2.274877885914116,0.07723706941064773
Always Short Spread,2025,2025-02-04,2025-02-05,0.012213683697939678,0.01221715179873586,3.468100796182497e-06,-1,2.274877885914116,0.07723706941064773
Always Short Spread,2025,2025-02-05,2025-02-06,-0.00493527048270098,-0.004931228782411937,4.041700289043437e-06,-1,2.274877885914116,0.07723706941064773
Always Short Spread,2025,2025-02-06,2025-02-07,0.006058037643923822,0.006059290455435043,1.2528115112211968e-06,-1,2.274877885914116,0.07723706941064773
Always Short Spread,2025,2025-02-07,2025-02-10,-0.0007843731361591787,-0.0007824784974001705,1.8946387590081382e-06,-1,2.274877885914116,0.07723706941064773
Always Short Spread,2025,2025-02-10,2025-02-11,0.002296196357017057,0.002296903134522771,7.067775057138515e-07,-1,2.274877885914116,0.07723706941064773
Always Short Spread,2025,2025-02-11,2025-02-12,0.01298245046754605,0.01298249375791647,4.32903704204457e-08,-1,2.274877885914116,0.07723706941064773
Always Short Spread,2025,2025-02-12,2025-02-13,-0.003442576726480039,-0.003442493493678679,8.323280135993927e-08,-1,2.274877885914116,0.07723706941064773
Always Short Spread,2025,2025-02-13,2025-02-14,-0.002991431244822831,-0.002989480837789642,1.9504070331891056e-06,-1,2.274877885914116,0.07723706941064773
Always Short Spread,2025,2025-02-14,2025-02-18,-0.004237593267785904,-0.00423615543283056,1.4378349553441917e-06,-1,2.274877885914116,0.2228256548982187
Always Short Spread,2025,2025-02-18,2025-02-19,0.007303552595131867,0.007303771584108138,2.1898897627145587e-07,-1,2.274877885914116,0.2228256548982187
Always Short Spread,2025,2025-02-19,2025-02-20,-0.012096672682525074,-0.01209466308146556,2.009601059514421e-06,-1,2.274877885914116,0.2228256548982187
Always Short Spread,2025,2025-02-20,2025-02-21,0.004699430779831205,0.004699432596724196,1.8168929912243392e-09,-1,2.274877885914116,0.2228256548982187
Always Short Spread,2025,2025-02-21,2025-02-24,0.007515474087500378,0.007516603310914775,1.129223414396724e-06,-1,2.274877885914116,0.2228256548982187
Always Short Spread,2025,2025-02-24,2025-02-25,-0.0004343845400189844,-0.0004336783495758529,7.061904431314714e-07,-1,2.274877885914116,0.2228256548982187
Always Short Spread,2025,2025-02-25,2025-02-26,0.006215645072866405,0.006216229123979908,5.840511135030979e-07,-1,2.274877885914116,0.2228256548982187
Always Short Spread,2025,2025-02-26,2025-02-27,-0.0005114292029042506,-0.0005104346077905628,9.94595113687713e-07,-1,2.274877885914116,0.2228256548982187
Always Short Spread,2025,2025-02-27,2025-02-28,0.011772304355797396,0.01177243981040283,1.3545460543426536e-07,-1,2.274877885914116,0.2228256548982187
Always Short Spread,2025,2025-02-28,2025-03-03,0.011732662361018725,0.01173497970955852,2.3173485397956496e-06,-1,2.274877885914116,0.2228256548982187
Always Short Spread,2025,2025-03-03,2025-03-04,0.010466479659101562,0.01046860997268894,2.130313587378252e-06,-1,2.274877885914116,0.2228256548982187
Always Short Spread,2025,2025-03-04,2025-03-05,-0.007151509321042157,-0.007148393402468234,3.1159185739222105e-06,-1,2.274877885914116,0.2228256548982187
Always Short Spread,2025,2025-03-05,2025-03-06,-0.012266355384836673,-0.0122634622165926,2.8931682440712093e-06,-1,2.274877885914116,0.2228256548982187
Always Short Spread,2025,2025-03-06,2025-03-07,0.003126340589024787,0.0031288289268572,2.4883378324132843e-06,-1,2.274877885914116,0.2228256548982187
Always Short Spread,2025,2025-03-07,2025-03-10,0.008379509333159566,0.008382285676112003,2.7763429524368665e-06,-1,2.274877885914116,0.2228256548982187
Always Short Spread,2025,2025-03-10,2025-03-11,0.0016977922161213455,0.001700565390088777,2.7731739674316803e-06,-1,2.274877885914116,0.2228256548982187
Always Short Spread,2025,2025-03-11,2025-03-12,0.008580238376720718,0.008582555726372258,2.3173496515394575e-06,-1,2.274877885914116,0.2228256548982187
Always Short Spread,2025,2025-03-12,2025-03-13,-0.001193812601498737,-0.001191691927319513,2.1206741792240414e-06,-1,2.274877885914116,0.2228256548982187
Always Short Spread,2025,2025-03-13,2025-03-14,-0.00395007078743484,-0.0039481670454583,1.9037419765402242e-06,-1,2.274877885914116,0.2228256548982187
Always Short Spread,2025,2025-03-14,2025-03-17,-0.01054438193845607,-0.01054273531510927,1.6466233468001857e-06,-1,2.274877885914116,0.2228256548982187
Always Short Spread,2025,2025-03-17,2025-03-18,-0.0018215800156003202,-0.001821122976792476,4.5703880784431215e-07,-1,2.274877885914116,0.2228256548982187
Always Short Spread,2025,2025-03-18,2025-03-19,0.0021804587449100743,0.002181815466050797,1.3567211407227443e-06,-1,2.274877885914116,0.1273559657549407
Always Short Spread,2025,2025-03-19,2025-03-20,-0.005313283931538741,-0.005310258584378017,3.0253471607238346e-06,-1,2.274877885914116,0.1273559657549407
Always Short Spread,2025,2025-03-20,2025-03-21,0.006420555527060361,0.006422031339807869,1.4758127475077155e-06,-1,2.274877885914116,0.1273559657549407
Always Short Spread,2025,2025-03-21,2025-03-24,-0.00014818314272318703,-0.0001436203962262798,4.562746496907244e-06,-1,2.274877885914116,0.1273559657549407
Always Short Spread,2025,2025-03-24,2025-03-25,0.0030645411237318035,0.00306698293661046,2.4418128786566072e-06,-1,2.274877885914116,0.1273559657549407
Always Short Spread,2025,2025-03-25,2025-03-26,-0.0006940680978034877,-0.0006927833162608298,1.284781542657848e-06,-1,2.274877885914116,0.1273559657549407
Always Short Spread,2025,2025-03-26,2025-03-27,-0.014774575478257114,-0.01477053927421929,4.0362040378238985e-06,-1,2.274877885914116,0.1273559657549407
Always Short Spread,2025,2025-03-27,2025-03-28,-0.007041192433549691,-0.007037421165815946,3.771267733744782e-06,-1,2.274877885914116,0.1273559657549407
Always Short Spread,2025,2025-03-28,2025-03-31,0.0073779030324408945,0.007380209883987049,2.306851546154759e-06,-1,2.274877885914116,0.1273559657549407
Always Short Spread,2025,2025-03-31,2025-04-01,-0.019389469233452056,-0.01938715471966774,2.3145137843177954e-06,-1,2.274877885914116,0.1273559657549407
Always Short Spread,2025,2025-04-01,2025-04-02,-8.306332986742012e-06,-6.394267564212817e-06,1.9120654225291966e-06,-1,2.274877885914116,0.1273559657549407
Always Short Spread,2025,2025-04-02,2025-04-03,0.01835378720821496,0.01835585261294212,2.065404727160408e-06,-1,2.274877885914116,0.1273559657549407
Always Short Spread,2025,2025-04-03,2025-04-04,0.030241461976623023,0.03024254888584859,1.0869092255665903e-06,-1,2.274877885914116,0.1273559657549407
Always Short Spread,2025,2025-04-04,2025-04-07,-0.0009510852871737538,-0.0009413844605510755,9.700826622678266e-06,-1,2.274877885914116,0.1273559657549407
Always Short Spread,2025,2025-04-07,2025-04-08,-0.0071664800334199676,-0.007154897764031016,1.1582269388951904e-05,-1,2.274877885914116,0.1273559657549407
Always Short Spread,2025,2025-04-08,2025-04-09,-0.016128919813851256,-0.0161201757139137,8.744099937555095e-06,-1,2.274877885914116,0.1273559657549407
Always Short Spread,2025,2025-04-09,2025-04-10,-0.011952988356857293,-0.01193968904539886,1.3299311458433994e-05,-1,2.274877885914116,0.1273559657549407
Always Short Spread,2025,2025-04-10,2025-04-11,-0.011117406001023358,-0.01109964202286526,1.7763978158098965e-05,-1,2.274877885914116,0.1273559657549407
Always Short Spread,2025,2025-04-11,2025-04-14,-0.0026916287499124713,-0.002666333701632858,2.5295048279613154e-05,-1,2.274877885914116,0.1273559657549407
Always Short Spread,2025,2025-04-14,2025-04-15,0.000725214922107796,0.0007526322563653131,2.7417334257517134e-05,-1,2.274877885914116,0.1273559657549407
Always Short Spread,2025,2025-04-15,2025-04-16,0.0018496696094761113,0.00187323307339874,2.356346392262873e-05,-1,2.274877885914116,0.1273559657549407
Always Short Spread,2025,2025-04-16,2025-04-17,5.7104856667690366e-06,2.668527724615901e-05,2.0974791579389974e-05,-1,2.274877885914116,0.1218473219337726
Always Short Spread,2025,2025-04-17,2025-04-21,0.0011963983260420388,0.001211335386527549,1.4937060485510134e-05,-1,2.274877885914116,0.1218473219337726
Always Short Spread,2025,2025-04-21,2025-04-22,-0.007477053292681488,-0.007467524045759297,9.529246922191371e-06,-1,2.274877885914116,0.1218473219337726
Always Short Spread,2025,2025-04-22,2025-04-23,-0.007513018150423303,-0.007502304259140992,1.0713891282310928e-05,-1,2.274877885914116,0.1218473219337726
Always Short Spread,2025,2025-04-23,2025-04-24,-0.016961054302900107,-0.01695525509800043,5.799204899678445e-06,-1,2.274877885914116,0.1218473219337726
Always Short Spread,2025,2025-04-24,2025-04-25,0.006041992309304926,0.006042798213800563,8.059044956367779e-07,-1,2.274877885914116,0.1218473219337726
Always Short Spread,2025,2025-04-25,2025-04-28,-0.00894143763429716,-0.008939864092993955,1.573541303205417e-06,-1,2.274877885914116,0.1218473219337726
Always Short Spread,2025,2025-04-28,2025-04-29,0.018159612705375222,0.01817057793444303,1.0965229067807948e-05,-1,2.274877885914116,0.1218473219337726
Always Short Spread,2025,2025-04-29,2025-04-30,0.004932163541581035,0.004932447692746663,2.8415116562852116e-07,-1,2.274877885914116,0.1218473219337726
Always Short Spread,2025,2025-04-30,2025-05-01,-0.012975841211330682,-0.01297563438392006,2.068274106211687e-07,-1,2.274877885914116,0.1218473219337726
Always Short Spread,2025,2025-05-01,2025-05-02,-0.0001997635100873275,-0.0001933125107460958,6.450999341231723e-06,-1,2.274877885914116,0.1218473219337726
Always Short Spread,2025,2025-05-02,2025-05-05,0.007132493428247957,0.007136530510326269,4.037082078312215e-06,-1,2.274877885914116,0.1218473219337726
Always Short Spread,2025,2025-05-05,2025-05-06,-0.0023053773238857376,-0.002300302250011923,5.075073873814839e-06,-1,2.274877885914116,0.1218473219337726
Always Short Spread,2025,2025-05-06,2025-05-07,0.007984907097472118,0.007992512570954995,7.6054734828767126e-06,-1,2.274877885914116,0.1218473219337726
Always Short Spread,2025,2025-05-07,2025-05-08,-0.006451731124819093,-0.006446996009140506,4.735115678586976e-06,-1,2.274877885914116,0.1218473219337726
Always Short Spread,2025,2025-05-08,2025-05-09,-0.008152729626216656,-0.008146900066884665,5.829559331991696e-06,-1,2.274877885914116,0.1218473219337726
Always Short Spread,2025,2025-05-09,2025-05-12,-0.013520410635290313,-0.01351034899950111,1.0061635789203271e-05,-1,2.274877885914116,0.1218473219337726
Always Short Spread,2025,2025-05-12,2025-05-13,-0.010800808003850262,-0.01079554098602093,5.267017829332698e-06,-1,2.274877885914116,0.1218473219337726
Always Short Spread,2025,2025-05-13,2025-05-14,-0.0006673694266942606,-0.0006542089051958674,1.3160521498393252e-05,-1,2.274877885914116,0.1218473219337726
Always Short Spread,2025,2025-05-14,2025-05-15,0.03292683355245129,0.03294171361131307,1.4880058861775292e-05,-1,2.274877885914116,0.1218473219337726
Always Short Spread,2025,2025-05-15,2025-05-16,-0.006097403447736594,-0.006096627382331745,7.760654048488691e-07,-1,2.274877885914116,0.1218473219337726
Always Short Spread,2025,2025-05-16,2025-05-19,-0.001990318470065271,-0.001983451954751683,6.866515313587951e-06,-1,2.274877885914116,0.1446016102443144
Always Short Spread,2025,2025-05-19,2025-05-20,0.00016732164116004276,0.000173612314361386,6.290673201343244e-06,-1,2.274877885914116,0.1446016102443144
Always Short Spread,2025,2025-05-20,2025-05-21,-0.006939011068610894,-0.006936946253107293,2.064815503600409e-06,-1,2.274877885914116,0.1446016102443144
Always Short Spread,2025,2025-05-21,2025-05-22,0.002024910869731464,0.002029346883848673,4.4360141172091475e-06,-1,2.274877885914116,0.1446016102443144
Always Short Spread,2025,2025-05-22,2025-05-23,0.003412993836352312,0.003414319139248635,1.325302896323155e-06,-1,2.274877885914116,0.1446016102443144
Always Short Spread,2025,2025-05-23,2025-05-27,-0.001975348500469822,-0.001973051021564604,2.2974789052182533e-06,-1,2.274877885914116,0.1446016102443144
Always Short Spread,2025,2025-05-27,2025-05-28,0.009497178258201216,0.00950122024221961,4.04198401839459e-06,-1,2.274877885914116,0.1446016102443144
Always Short Spread,2025,2025-05-28,2025-05-29,0.0007228160746821021,0.0007274376438536397,4.621569171537609e-06,-1,2.274877885914116,0.1446016102443144
Always Short Spread,2025,2025-05-29,2025-05-30,0.00941118484022934,0.00941525190726306,4.067067033718258e-06,-1,2.274877885914116,0.1446016102443144
Always Short Spread,2025,2025-05-30,2025-06-02,0.004666911496752444,0.004669983364610515,3.071867858071231e-06,-1,2.274877885914116,0.1446016102443144
Always Short Spread,2025,2025-06-02,2025-06-03,-0.006190787647045553,-0.006186256592235996,4.531054809557067e-06,-1,2.274877885914116,0.1446016102443144
Always Short Spread,2025,2025-06-03,2025-06-04,-0.0007110924573122808,-0.0007055988331596658,5.493624152614979e-06,-1,2.274877885914116,0.1446016102443144
Always Short Spread,2025,2025-06-04,2025-06-05,-0.0064412483210624285,-0.006438558071718781,2.6902493436476995e-06,-1,2.274877885914116,0.1446016102443144
Always Short Spread,2025,2025-06-05,2025-06-06,-0.006978516706919224,-0.006975842918795377,2.6737881238474704e-06,-1,2.274877885914116,0.1446016102443144
Always Short Spread,2025,2025-06-06,2025-06-09,0.0009323215972171069,0.0009363728833066484,4.051286089541528e-06,-1,2.274877885914116,0.1446016102443144
Always Short Spread,2025,2025-06-09,2025-06-10,-0.0011900977479267218,-0.001182707526660555,7.390221266166869e-06,-1,2.274877885914116,0.1446016102443144
Always Short Spread,2025,2025-06-10,2025-06-11,0.004947134246485417,0.004955168700515896,8.0344540304792e-06,-1,2.274877885914116,0.1446016102443144
Always Short Spread,2025,2025-06-11,2025-06-12,0.008191520072707058,0.008202371825747299,1.0851753040240192e-05,-1,2.274877885914116,0.1446016102443144
Always Short Spread,2025,2025-06-12,2025-06-13,-0.028296500565325178,-0.0282658357349539,3.066483037127876e-05,-1,2.274877885914116,0.1446016102443144
Always Short Spread,2025,2025-06-13,2025-06-16,-0.005693453952849645,-0.005667581258096827,2.587269475281759e-05,-1,2.274877885914116,0.1446016102443144
Always Short Spread,2025,2025-06-16,2025-06-17,-0.0031947554150806123,-0.00317549590910881,1.925950597180251e-05,-1,2.274877885914116,0.1446016102443144
Always Short Spread,2025,2025-06-17,2025-06-18,-0.0008002056171432549,-0.0007743669254525702,2.5838691690684742e-05,-1,2.274877885914116,0.1077690951672691
Always Short Spread,2025,2025-06-18,2025-06-20,0.006081216550237417,0.006099937444050643,1.8720893813226405e-05,-1,2.274877885914116,0.1077690951672691
Always Short Spread,2025,2025-06-20,2025-06-23,0.008256874626444874,0.008257964482183942,1.0898557390672802e-06,-1,2.274877885914116,0.1077690951672691
Always Short Spread,2025,2025-06-23,2025-06-24,0.010927851745862109,0.01092983796791284,1.986222050731623e-06,-1,2.274877885914116,0.1077690951672691
Always Short Spread,2025,2025-06-24,2025-06-25,0.019496927140681818,0.01950091931099302,3.9921703112053564e-06,-1,2.274877885914116,0.1077690951672691
Always Short Spread,2025,2025-06-25,2025-06-26,0.00045330953489906395,0.0004674970925102385,1.4187557611174538e-05,-1,2.274877885914116,0.1077690951672691
Always Short Spread,2025,2025-06-26,2025-06-27,-0.004790723503674485,-0.004773833989140986,1.6889514533498704e-05,-1,2.274877885914116,0.1077690951672691
Always Short Spread,2025,2025-06-27,2025-06-30,0.003516265698844482,0.003520471304885903,4.205606041420854e-06,-1,2.274877885914116,0.1077690951672691
Always Short Spread,2025,2025-06-30,2025-07-01,-0.0016917320708094107,-0.001688500532382423,3.231538426987743e-06,-1,2.274877885914116,0.1077690951672691
Always Short Spread,2025,2025-07-01,2025-07-02,-0.023007114795171296,-0.02300650103424758,6.137609237158032e-07,-1,2.274877885914116,0.1077690951672691
Always Short Spread,2025,2025-07-02,2025-07-03,-0.004799820271616169,-0.004788550045295627,1.1270226320541296e-05,-1,2.274877885914116,0.1077690951672691
Always Short Spread,2025,2025-07-03,2025-07-07,0.021341549365782624,0.02135278992171066,1.1240555928035302e-05,-1,2.274877885914116,0.1077690951672691
Always Short Spread,2025,2025-07-07,2025-07-08,0.006797598310343288,0.006800719297693446,3.1209873501582e-06,-1,2.274877885914116,0.1077690951672691
Always Short Spread,2025,2025-07-08,2025-07-09,0.011359278543280326,0.01135982166375217,5.431204718448977e-07,-1,2.274877885914116,0.1077690951672691
Always Short Spread,2025,2025-07-09,2025-07-10,0.0007591745499949087,0.0007639260730672726,4.7515230723638515e-06,-1,2.274877885914116,0.1077690951672691
Always Short Spread,2025,2025-07-10,2025-07-11,0.008022567616270236,0.008026445384187321,3.877767917085051e-06,-1,2.274877885914116,0.1077690951672691
Always Short Spread,2025,2025-07-11,2025-07-14,0.005779878853251264,0.005786845674569108,6.966821317843194e-06,-1,2.274877885914116,0.1077690951672691
Always Short Spread,2025,2025-07-14,2025-07-15,0.0020565986427009625,0.00206495603235721,8.357389656247313e-06,-1,2.274877885914116,0.1077690951672691
Always Short Spread,2025,2025-07-15,2025-07-16,-0.016595353890624817,-0.01659207897211872,3.274918506097388e-06,-1,2.274877885914116,0.1077690951672691
Always Short Spread,2025,2025-07-16,2025-07-17,-0.007686942586859692,-0.007686793443860537,1.4914299915588791e-07,-1,2.274877885914116,0.1077690951672691
Always Short Spread,2025,2025-07-17,2025-07-18,-0.003219788217645625,-0.003215013763685055,4.7744539605699545e-06,-1,2.274877885914116,0.1077690951672691
Always Short Spread,2025,2025-07-18,2025-07-21,0.010654213692453104,0.01065703024105733,2.8165486042247002e-06,-1,2.274877885914116,0.1835886963316851
Always Short Spread,2025,2025-07-21,2025-07-22,0.00643881134763758,0.006439905890348287,1.0945427107073996e-06,-1,2.274877885914116,0.1835886963316851
Always Short Spread,2025,2025-07-22,2025-07-23,0.003486581245087741,0.003488432859385948,1.8516142982067525e-06,-1,2.274877885914116,0.1835886963316851
Always Short Spread,2025,2025-07-23,2025-07-24,0.00023792309277010474,0.0002380331302566678,1.1003748656304712e-07,-1,2.274877885914116,0.1835886963316851
Always Short Spread,2025,2025-07-24,2025-07-25,0.004398561726934006,0.004401784320258925,3.2225933249190877e-06,-1,2.274877885914116,0.1835886963316851
Always Short Spread,2025,2025-07-25,2025-07-28,0.008281932783523557,0.008286427545106587,4.494761583029555e-06,-1,2.274877885914116,0.1835886963316851
Always Short Spread,2025,2025-07-28,2025-07-29,0.005003759511804615,0.00500842308192447,4.663570119855049e-06,-1,2.274877885914116,0.1835886963316851
Always Short Spread,2025,2025-07-29,2025-07-30,0.013682373515346513,0.0136847005310445,2.3270156979855046e-06,-1,2.274877885914116,0.1835886963316851
Always Short Spread,2025,2025-07-30,2025-07-31,0.007039638881406063,0.007049679196084989,1.0040314678926104e-05,-1,2.274877885914116,0.1835886963316851
Always Short Spread,2025,2025-07-31,2025-08-01,0.004660617124679993,0.004670422809510486,9.8056848304936e-06,-1,2.274877885914116,0.1835886963316851
Always Short Spread,2025,2025-08-01,2025-08-04,-0.0020628381290044096,-0.002054066866427987,8.77126257642255e-06,-1,2.274877885914116,0.1835886963316851
Always Short Spread,2025,2025-08-04,2025-08-05,-0.0001832899765549213,-0.0001784061208123861,4.883855742535192e-06,-1,2.274877885914116,0.1835886963316851
Always Short Spread,2025,2025-08-05,2025-08-06,0.0038242573124368296,0.003829543100600122,5.285788163292254e-06,-1,2.274877885914116,0.1835886963316851
Always Short Spread,2025,2025-08-06,2025-08-07,-0.007302603338762841,-0.007294030569221879,8.572769540961895e-06,-1,2.274877885914116,0.1835886963316851
Always Short Spread,2025,2025-08-07,2025-08-08,0.0058779824199176114,0.005883404514005952,5.422094088339907e-06,-1,2.274877885914116,0.1835886963316851
Always Short Spread,2025,2025-08-08,2025-08-11,-0.018682943427181672,-0.01867747959123349,5.463835948184059e-06,-1,2.274877885914116,0.1835886963316851
Always Short Spread,2025,2025-08-11,2025-08-12,-0.02149095928691823,-0.02148927000036852,1.6892865497105947e-06,-1,2.274877885914116,0.1835886963316851
Always Short Spread,2025,2025-08-12,2025-08-13,-0.005507612188160618,-0.005507124705883087,4.874822775307874e-07,-1,2.274877885914116,0.1835886963316851
Always Short Spread,2025,2025-08-13,2025-08-14,0.012671087747502453,0.01267202079813522,9.330506327665522e-07,-1,2.274877885914116,0.1835886963316851
Always Short Spread,2025,2025-08-14,2025-08-15,-0.012181159521095955,-0.01218109526309501,6.425800094370105e-08,-1,2.274877885914116,0.1835886963316851
Always Short Spread,2025,2025-08-15,2025-08-18,-0.0016832288616558477,-0.001683156591326466,7.227032938170175e-08,-1,2.274877885914116,0.1835886963316851
Always Short Spread,2025,2025-08-18,2025-08-19,0.014923317630628246,0.01492332367894583,6.048317584383955e-09,-1,2.274877885914116,0.2175390475261111
Always Short Spread,2025,2025-08-19,2025-08-20,0.002739729457154,0.002740052413154106,3.2295600010584515e-07,-1,2.274877885914116,0.2175390475261111
Always Short Spread,2025,2025-08-20,2025-08-21,-0.014210799301663234,-0.01421020351937816,5.957822850738426e-07,-1,2.274877885914116,0.2175390475261111
Always Short Spread,2025,2025-08-21,2025-08-22,-0.0020326161389045997,-0.002031675526259024,9.406126455758779e-07,-1,2.274877885914116,0.2175390475261111
Always Short Spread,2025,2025-08-22,2025-08-25,0.009654763922532589,0.009656095132980873,1.3312104482846588e-06,-1,2.274877885914116,0.2175390475261111
Always Short Spread,2025,2025-08-25,2025-08-26,-0.001653895137447759,-0.001653146060891647,7.490765561118385e-07,-1,2.274877885914116,0.2175390475261111
Always Short Spread,2025,2025-08-26,2025-08-27,-0.00273102686831416,-0.002729575400087234,1.451468226925795e-06,-1,2.274877885914116,0.2175390475261111
Always Short Spread,2025,2025-08-27,2025-08-28,-0.008144887716561248,-0.00814293059082822,1.957125733028281e-06,-1,2.274877885914116,0.2175390475261111
Always Short Spread,2025,2025-08-28,2025-08-29,-0.011178468591096712,-0.0111758748675506,2.5937235461125088e-06,-1,2.274877885914116,0.2175390475261111
Always Short Spread,2025,2025-08-29,2025-09-02,0.0015123670658976991,0.001514964328461836,2.597262564136893e-06,-1,2.274877885914116,0.2175390475261111
Always Short Spread,2025,2025-09-02,2025-09-03,0.010012527176391057,0.0100144222935186,1.8951171275430058e-06,-1,2.274877885914116,0.2175390475261111
Always Short Spread,2025,2025-09-03,2025-09-04,0.00804473361517223,0.00804766016907791,2.926553905679502e-06,-1,2.274877885914116,0.2175390475261111
Always Short Spread,2025,2025-09-04,2025-09-05,0.006774936648879384,0.006781711257608936,6.7746087295526e-06,-1,2.274877885914116,0.2175390475261111
Always Short Spread,2025,2025-09-05,2025-09-08,-0.0017157867821881816,-0.001709648560244302,6.138221943879696e-06,-1,2.274877885914116,0.2175390475261111
Always Short Spread,2025,2025-09-08,2025-09-09,0.010803931962312193,0.01081014588823324,6.213925921048496e-06,-1,2.274877885914116,0.2175390475261111
Always Short Spread,2025,2025-09-09,2025-09-10,-0.0008369327759146383,-0.000833828192957512,3.1045829571263174e-06,-1,2.274877885914116,0.2175390475261111
Always Short Spread,2025,2025-09-10,2025-09-11,-0.007155356746670888,-0.007151386517078696,3.970229592192148e-06,-1,2.274877885914116,0.2175390475261111
Always Short Spread,2025,2025-09-11,2025-09-12,-0.010292200803706776,-0.01028916475588826,3.0360478185164354e-06,-1,2.274877885914116,0.2175390475261111
Always Short Spread,2025,2025-09-12,2025-09-15,-0.020715708185481976,-0.02071007243228637,5.635753195608356e-06,-1,2.274877885914116,0.2175390475261111
Always Short Spread,2025,2025-09-15,2025-09-16,-0.005843679556939061,-0.005838582863617438,5.0966933216230474e-06,-1,2.274877885914116,0.2175390475261111
Always Short Spread,2025,2025-09-16,2025-09-17,0.002959427011818032,0.00296419949115907,4.7724793410379996e-06,-1,2.274877885914116,0.2175390475261111
Always Short Spread,2025,2025-09-17,2025-09-18,0.00466050421331322,0.004664308672622752,3.8044593095317993e-06,-1,2.274877885914116,0.230397850270053
Always Short Spread,2025,2025-09-18,2025-09-19,0.011479790369922308,0.01148245109065233,2.6607207300221036e-06,-1,2.274877885914116,0.230397850270053
Always Short Spread,2025,2025-09-19,2025-09-22,0.008092482291897332,0.008094337365142534,1.8550732452020102e-06,-1,2.274877885914116,0.230397850270053
Always Short Spread,2025,2025-09-22,2025-09-23,-0.006990751219538969,-0.006987895750000033,2.8554695389372e-06,-1,2.274877885914116,0.230397850270053
Always Short Spread,2025,2025-09-23,2025-09-24,-0.0024881553807849775,-0.002487438143055058,7.172377299193011e-07,-1,2.274877885914116,0.230397850270053
Always Short Spread,2025,2025-09-24,2025-09-25,-0.008250549875907901,-0.00825054805091761,1.8249902914990735e-09,-1,2.274877885914116,0.230397850270053
Always Short Spread,2025,2025-09-25,2025-09-26,-0.0011551672250069355,-0.001154770942142929,3.962828640064475e-07,-1,2.274877885914116,0.230397850270053
Always Short Spread,2025,2025-09-26,2025-09-29,0.0020758864542794017,0.002077501943236779,1.6154889573769537e-06,-1,2.274877885914116,0.230397850270053
Always Short Spread,2025,2025-09-29,2025-09-30,0.004756508712188032,0.004758150570570573,1.6418583825407451e-06,-1,2.274877885914116,0.230397850270053
Always Short Spread,2025,2025-09-30,2025-10-01,-0.012847883794492814,-0.01284454482996867,3.338964524145394e-06,-1,2.274877885914116,0.230397850270053
Always Short Spread,2025,2025-10-01,2025-10-02,0.00044333514637224256,0.0004443243309273839,9.891845551413537e-07,-1,2.274877885914116,0.230397850270053
Always Short Spread,2025,2025-10-02,2025-10-03,0.004634157966024596,0.004635882132329037,1.7241663044401112e-06,-1,2.274877885914116,0.230397850270053
Always Short Spread,2025,2025-10-03,2025-10-06,-0.002938789627488033,-0.002937861450291071,9.281771969622543e-07,-1,2.274877885914116,0.230397850270053
Always Short Spread,2025,2025-10-06,2025-10-07,-0.003999518172523414,-0.003999262364380348,2.558081430656667e-07,-1,2.274877885914116,0.230397850270053
Always Short Spread,2025,2025-10-07,2025-10-08,-0.004145207587757676,-0.004144402582480281,8.050052773940497e-07,-1,2.274877885914116,0.230397850270053
Always Short Spread,2025,2025-10-08,2025-10-09,0.005238977890323434,0.005239373130462997,3.9524013956290793e-07,-1,2.274877885914116,0.230397850270053
Always Short Spread,2025,2025-10-09,2025-10-10,0.01143133556098385,0.01143141618623733,8.062525347815598e-08,-1,2.274877885914116,0.230397850270053
Always Short Spread,2025,2025-10-10,2025-10-13,-0.002518466115689774,-0.002517023984280079,1.442131409695069e-06,-1,2.274877885914116,0.230397850270053
Always Short Spread,2025,2025-10-13,2025-10-14,0.002089138896727979,0.002089341818089598,2.029213616188963e-07,-1,2.274877885914116,0.230397850270053
Always Short Spread,2025,2025-10-14,2025-10-15,0.014824843168264382,0.01482503489633419,1.9172806980774504e-07,-1,2.274877885914116,0.230397850270053
Always Short Spread,2025,2025-10-15,2025-10-16,-0.0025819202572298005,-0.00258143276294843,4.874942813707095e-07,-1,2.274877885914116,0.230397850270053
Always Short Spread,2025,2025-10-16,2025-10-17,-0.0020019196695594023,-0.002001481448911231,4.382206481712003e-07,-1,2.274877885914116,0.2150436352989264
Always Short Spread,2025,2025-10-17,2025-10-20,-0.005609943426294102,-0.005608910456014179,1.0329702799226903e-06,-1,2.274877885914116,0.2150436352989264
Always Short Spread,2025,2025-10-20,2025-10-21,0.003948069197678789,0.00394808956764322,2.0369964430638765e-08,-1,2.274877885914116,0.2150436352989264
Always Short Spread,2025,2025-10-21,2025-10-22,0.000949251908792674,0.000949496705945946,2.447971532719973e-07,-1,2.274877885914116,0.2150436352989264
Always Short Spread,2025,2025-10-22,2025-10-23,-0.00608748034412446,-0.006086610578321943,8.697658025163535e-07,-1,2.274877885914116,0.2150436352989264
Always Short Spread,2025,2025-10-23,2025-10-24,0.005610746259386042,0.005611429607608335,6.833482222938503e-07,-1,2.274877885914116,0.2150436352989264
Always Short Spread,2025,2025-10-24,2025-10-27,-0.018032462876435243,-0.01803180916191746,6.537145177804571e-07,-1,2.274877885914116,0.2150436352989264
Always Short Spread,2025,2025-10-27,2025-10-28,0.0020605503036281217,0.00206271184372687,2.1615400987484713e-06,-1,2.274877885914116,0.2150436352989264
Always Short Spread,2025,2025-10-28,2025-10-29,0.0013946139406555236,0.001397542455797726,2.9285151422024926e-06,-1,2.274877885914116,0.2150436352989264
Always Short Spread,2025,2025-10-29,2025-10-30,5.678470054833601e-06,7.759749588300696e-06,2.081279533467095e-06,-1,2.274877885914116,0.2150436352989264
Always Short Spread,2025,2025-10-30,2025-10-31,0.0009464856010347648,0.0009483271985249522,1.8415974901874466e-06,-1,2.274877885914116,0.2150436352989264
Always Short Spread,2025,2025-10-31,2025-11-03,-0.019176002263101583,-0.0191756871885885,3.150745130853505e-07,-1,2.274877885914116,0.2150436352989264
Always Short Spread,2025,2025-11-03,2025-11-04,0.005257744161032493,0.005263680533098608,5.936372066115664e-06,-1,2.274877885914116,0.2150436352989264
Always Short Spread,2025,2025-11-04,2025-11-05,0.0007836126408609383,0.0007872287905985008,3.6161497375625517e-06,-1,2.274877885914116,0.2150436352989264
Always Short Spread,2025,2025-11-05,2025-11-06,0.006664980582303544,0.006669609285972662,4.62870366911794e-06,-1,2.274877885914116,0.2150436352989264
Always Short Spread,2025,2025-11-06,2025-11-07,-0.0022137016171840415,-0.002212263728730801,1.4378884532405546e-06,-1,2.274877885914116,0.2150436352989264
Always Short Spread,2025,2025-11-07,2025-11-10,-0.008319490895887396,-0.008317614276960608,1.8766189267877542e-06,-1,2.274877885914116,0.2150436352989264
Always Short Spread,2025,2025-11-10,2025-11-11,-0.002451968126157225,-0.0024484719243565,3.4962018007251295e-06,-1,2.274877885914116,0.2150436352989264
Always Short Spread,2025,2025-11-11,2025-11-12,7.16289831898183e-05,7.45331388588245e-05,2.9041556690062033e-06,-1,2.274877885914116,0.2150436352989264
Always Short Spread,2025,2025-11-12,2025-11-13,0.0015654864161138192,0.001568522364891632,3.035948777812825e-06,-1,2.274877885914116,0.2150436352989264
Always Short Spread,2025,2025-11-13,2025-11-14,0.007659678285216886,0.007662950318375571,3.2720331586845733e-06,-1,2.274877885914116,0.2150436352989264
Always Short Spread,2025,2025-11-14,2025-11-17,-0.025858174873842923,-0.02585708673542432,1.0881384186037236e-06,-1,2.274877885914116,0.1611325014894863
Always Short Spread,2025,2025-11-17,2025-11-18,-0.002989474858337019,-0.002982716247666739,6.75861067027983e-06,-1,2.274877885914116,0.1611325014894863
Always Short Spread,2025,2025-11-18,2025-11-19,0.0012282671658112962,0.001234475256374662,6.208090563365798e-06,-1,2.274877885914116,0.1611325014894863
Always Short Spread,2025,2025-11-19,2025-11-20,0.003474388984126408,0.00347942337695265,5.03439282624174e-06,-1,2.274877885914116,0.1611325014894863
Always Short Spread,2025,2025-11-20,2025-11-21,-0.00023820239943825897,-0.0002344212690709412,3.7811303673177532e-06,-1,2.274877885914116,0.1611325014894863
Always Short Spread,2025,2025-11-21,2025-11-24,-9.471249656354023e-05,-9.120219923846305e-05,3.510297325077183e-06,-1,2.274877885914116,0.1611325014894863
Always Short Spread,2025,2025-11-24,2025-11-25,0.0038348904767122045,0.00383834237489609,3.4518981838856934e-06,-1,2.274877885914116,0.1611325014894863
Always Short Spread,2025,2025-11-25,2025-11-26,-0.005800514382959165,-0.005797762406930074,2.7519760290907747e-06,-1,2.274877885914116,0.1611325014894863
Always Short Spread,2025,2025-11-26,2025-11-28,-0.01059374231109756,-0.01059084264630828,2.8996647892793324e-06,-1,2.274877885914116,0.1611325014894863
Always Short Spread,2025,2025-11-28,2025-12-01,0.0022541151611634403,0.00225777663226525,3.6614711018097547e-06,-1,2.274877885914116,0.1611325014894863
Always Short Spread,2025,2025-12-01,2025-12-02,-0.0020193083951120083,-0.002016387417421166,2.9209776908424855e-06,-1,2.274877885914116,0.1611325014894863
Always Short Spread,2025,2025-12-02,2025-12-03,0.007633627691237005,0.007636450343329782,2.8226520927771006e-06,-1,2.274877885914116,0.1611325014894863
Always Short Spread,2025,2025-12-03,2025-12-04,-0.0031573841913371736,-0.003154992787591175,2.3914037459986104e-06,-1,2.274877885914116,0.1611325014894863
Always Short Spread,2025,2025-12-04,2025-12-05,0.005107590658112987,0.005109299525682958,1.7088675699713508e-06,-1,2.274877885914116,0.1611325014894863
Always Short Spread,2025,2025-12-05,2025-12-08,0.00819932576954963,0.008200882021538215,1.5562519885854443e-06,-1,2.274877885914116,0.1611325014894863
Always Short Spread,2025,2025-12-08,2025-12-09,-0.00527717299087802,-0.005276347032091558,8.259587864620777e-07,-1,2.274877885914116,0.1611325014894863
Always Short Spread,2025,2025-12-09,2025-12-10,-0.003673114748645789,-0.003672255676064218,8.590725815706968e-07,-1,2.274877885914116,0.1611325014894863
Always Short Spread,2025,2025-12-10,2025-12-11,-0.0007944542435727994,-0.0007933709020373303,1.0833415354690734e-06,-1,2.274877885914116,0.1611325014894863
Always Short Spread,2025,2025-12-11,2025-12-12,0.019234249963024398,0.01923552575234331,1.2757893189107029e-06,-1,2.274877885914116,0.1611325014894863
Always Short Spread,2025,2025-12-12,2025-12-15,0.010737177568880466,0.01073769420668064,5.166378001744131e-07,-1,2.274877885914116,0.1611325014894863
Always Short Spread,2025,2025-12-15,2025-12-16,0.006133121836582249,0.006133243673357294,1.2183677504551406e-07,-1,2.274877885914116,0.1611325014894863
Always Short Spread,2025,2025-12-16,2025-12-17,-0.004623222331737629,-0.004622937972821791,2.843589158390003e-07,-1,2.274877885914116,0.2239839898219493
Always Short Spread,2025,2025-12-17,2025-12-18,0.006111210976186888,0.006112132549014933,9.215728280447256e-07,-1,2.274877885914116,0.2239839898219493
Always Short Spread,2025,2025-12-18,2025-12-19,0.0011450883215817162,0.001145599611637298,5.1129005558187e-07,-1,2.274877885914116,0.2239839898219493
Always Short Spread,2025,2025-12-19,2025-12-22,-0.001662747003518996,-0.001661681090250861,1.0659132681350436e-06,-1,2.274877885914116,0.2239839898219493
Always Short Spread,2025,2025-12-22,2025-12-23,0.0070179300700796985,0.007019714872193886,1.7848021141879112e-06,-1,2.274877885914116,0.2239839898219493
Always Short Spread,2025,2025-12-23,2025-12-24,-0.003445622242141314,-0.003444272304376811,1.3499377645029287e-06,-1,2.274877885914116,0.2239839898219493
Always Short Spread,2025,2025-12-24,2025-12-26,0.0021085307258650043,0.002110089785893913,1.5590600289088764e-06,-1,2.274877885914116,0.2239839898219493
Always Short Spread,2025,2025-12-26,2025-12-29,-0.0018200427166866176,-0.001818557793666657,1.4849230199606155e-06,-1,2.274877885914116,0.2239839898219493
Always Short Spread,2025,2025-12-29,2025-12-30,-0.001512368496862136,-0.00151101420884639,1.354288015745886e-06,-1,2.274877885914116,0.2239839898219493
Always Short Spread,2025,2025-12-30,2025-12-31,0.00945749774281695,0.01028643509221903,0.0008289373494020793,-1,2.274877885914116,0.2239839898219493
Cash / No Trade,2025,2025-01-02,2025-01-03,-0.0,-0.0,0.0,0,2.274877885914116,0.1556265055269499
Cash / No Trade,2025,2025-01-03,2025-01-06,0.0,0.0,0.0,0,2.274877885914116,0.1556265055269499
Cash / No Trade,2025,2025-01-06,2025-01-07,0.0,0.0,0.0,0,2.274877885914116,0.1556265055269499
Cash / No Trade,2025,2025-01-07,2025-01-08,-0.0,-0.0,0.0,0,2.274877885914116,0.1556265055269499
Cash / No Trade,2025,2025-01-08,2025-01-09,0.0,0.0,0.0,0,2.274877885914116,0.1556265055269499
Cash / No Trade,2025,2025-01-09,2025-01-10,0.0,0.0,0.0,0,2.274877885914116,0.1556265055269499
Cash / No Trade,2025,2025-01-10,2025-01-13,0.0,0.0,0.0,0,2.274877885914116,0.1556265055269499
Cash / No Trade,2025,2025-01-13,2025-01-14,0.0,0.0,0.0,0,2.274877885914116,0.1556265055269499
Cash / No Trade,2025,2025-01-14,2025-01-15,-0.0,-0.0,0.0,0,2.274877885914116,0.1556265055269499
Cash / No Trade,2025,2025-01-15,2025-01-16,-0.0,-0.0,0.0,0,2.274877885914116,0.07723706941064773
Cash / No Trade,2025,2025-01-16,2025-01-17,0.0,0.0,0.0,0,2.274877885914116,0.07723706941064773
Cash / No Trade,2025,2025-01-17,2025-01-21,0.0,0.0,0.0,0,2.274877885914116,0.07723706941064773
Cash / No Trade,2025,2025-01-21,2025-01-22,-0.0,-0.0,0.0,0,2.274877885914116,0.07723706941064773
Cash / No Trade,2025,2025-01-22,2025-01-23,0.0,0.0,0.0,0,2.274877885914116,0.07723706941064773
Cash / No Trade,2025,2025-01-23,2025-01-24,-0.0,-0.0,0.0,0,2.274877885914116,0.07723706941064773
Cash / No Trade,2025,2025-01-24,2025-01-27,-0.0,-0.0,0.0,0,2.274877885914116,0.07723706941064773
Cash / No Trade,2025,2025-01-27,2025-01-28,-0.0,-0.0,0.0,0,2.274877885914116,0.07723706941064773
Cash / No Trade,2025,2025-01-28,2025-01-29,0.0,0.0,0.0,0,2.274877885914116,0.07723706941064773
Cash / No Trade,2025,2025-01-29,2025-01-30,-0.0,-0.0,0.0,0,2.274877885914116,0.07723706941064773
Cash / No Trade,2025,2025-01-30,2025-01-31,0.0,0.0,0.0,0,2.274877885914116,0.07723706941064773
Cash / No Trade,2025,2025-01-31,2025-02-03,0.0,0.0,0.0,0,2.274877885914116,0.07723706941064773
Cash / No Trade,2025,2025-02-03,2025-02-04,0.0,0.0,0.0,0,2.274877885914116,0.07723706941064773
Cash / No Trade,2025,2025-02-04,2025-02-05,-0.0,-0.0,0.0,0,2.274877885914116,0.07723706941064773
Cash / No Trade,2025,2025-02-05,2025-02-06,0.0,0.0,0.0,0,2.274877885914116,0.07723706941064773
Cash / No Trade,2025,2025-02-06,2025-02-07,-0.0,-0.0,0.0,0,2.274877885914116,0.07723706941064773
Cash / No Trade,2025,2025-02-07,2025-02-10,0.0,0.0,0.0,0,2.274877885914116,0.07723706941064773
Cash / No Trade,2025,2025-02-10,2025-02-11,-0.0,-0.0,0.0,0,2.274877885914116,0.07723706941064773
Cash / No Trade,2025,2025-02-11,2025-02-12,-0.0,-0.0,0.0,0,2.274877885914116,0.07723706941064773
Cash / No Trade,2025,2025-02-12,2025-02-13,0.0,0.0,0.0,0,2.274877885914116,0.07723706941064773
Cash / No Trade,2025,2025-02-13,2025-02-14,0.0,0.0,0.0,0,2.274877885914116,0.07723706941064773
Cash / No Trade,2025,2025-02-14,2025-02-18,0.0,0.0,0.0,0,2.274877885914116,0.2228256548982187
Cash / No Trade,2025,2025-02-18,2025-02-19,-0.0,-0.0,0.0,0,2.274877885914116,0.2228256548982187
Cash / No Trade,2025,2025-02-19,2025-02-20,0.0,0.0,0.0,0,2.274877885914116,0.2228256548982187
Cash / No Trade,2025,2025-02-20,2025-02-21,-0.0,-0.0,0.0,0,2.274877885914116,0.2228256548982187
Cash / No Trade,2025,2025-02-21,2025-02-24,-0.0,-0.0,0.0,0,2.274877885914116,0.2228256548982187
Cash / No Trade,2025,2025-02-24,2025-02-25,0.0,0.0,0.0,0,2.274877885914116,0.2228256548982187
Cash / No Trade,2025,2025-02-25,2025-02-26,-0.0,-0.0,0.0,0,2.274877885914116,0.2228256548982187
Cash / No Trade,2025,2025-02-26,2025-02-27,0.0,0.0,0.0,0,2.274877885914116,0.2228256548982187
Cash / No Trade,2025,2025-02-27,2025-02-28,-0.0,-0.0,0.0,0,2.274877885914116,0.2228256548982187
Cash / No Trade,2025,2025-02-28,2025-03-03,-0.0,-0.0,0.0,0,2.274877885914116,0.2228256548982187
Cash / No Trade,2025,2025-03-03,2025-03-04,-0.0,-0.0,0.0,0,2.274877885914116,0.2228256548982187
Cash / No Trade,2025,2025-03-04,2025-03-05,0.0,0.0,0.0,0,2.274877885914116,0.2228256548982187
Cash / No Trade,2025,2025-03-05,2025-03-06,0.0,0.0,0.0,0,2.274877885914116,0.2228256548982187
Cash / No Trade,2025,2025-03-06,2025-03-07,-0.0,-0.0,0.0,0,2.274877885914116,0.2228256548982187
Cash / No Trade,2025,2025-03-07,2025-03-10,-0.0,-0.0,0.0,0,2.274877885914116,0.2228256548982187
Cash / No Trade,2025,2025-03-10,2025-03-11,-0.0,-0.0,0.0,0,2.274877885914116,0.2228256548982187
Cash / No Trade,2025,2025-03-11,2025-03-12,-0.0,-0.0,0.0,0,2.274877885914116,0.2228256548982187
Cash / No Trade,2025,2025-03-12,2025-03-13,0.0,0.0,0.0,0,2.274877885914116,0.2228256548982187
Cash / No Trade,2025,2025-03-13,2025-03-14,0.0,0.0,0.0,0,2.274877885914116,0.2228256548982187
Cash / No Trade,2025,2025-03-14,2025-03-17,0.0,0.0,0.0,0,2.274877885914116,0.2228256548982187
Cash / No Trade,2025,2025-03-17,2025-03-18,0.0,0.0,0.0,0,2.274877885914116,0.2228256548982187
Cash / No Trade,2025,2025-03-18,2025-03-19,-0.0,-0.0,0.0,0,2.274877885914116,0.1273559657549407
Cash / No Trade,2025,2025-03-19,2025-03-20,0.0,0.0,0.0,0,2.274877885914116,0.1273559657549407
Cash / No Trade,2025,2025-03-20,2025-03-21,-0.0,-0.0,0.0,0,2.274877885914116,0.1273559657549407
Cash / No Trade,2025,2025-03-21,2025-03-24,0.0,0.0,0.0,0,2.274877885914116,0.1273559657549407
Cash / No Trade,2025,2025-03-24,2025-03-25,-0.0,-0.0,0.0,0,2.274877885914116,0.1273559657549407
Cash / No Trade,2025,2025-03-25,2025-03-26,0.0,0.0,0.0,0,2.274877885914116,0.1273559657549407
Cash / No Trade,2025,2025-03-26,2025-03-27,0.0,0.0,0.0,0,2.274877885914116,0.1273559657549407
Cash / No Trade,2025,2025-03-27,2025-03-28,0.0,0.0,0.0,0,2.274877885914116,0.1273559657549407
Cash / No Trade,2025,2025-03-28,2025-03-31,-0.0,-0.0,0.0,0,2.274877885914116,0.1273559657549407
Cash / No Trade,2025,2025-03-31,2025-04-01,0.0,0.0,0.0,0,2.274877885914116,0.1273559657549407
Cash / No Trade,2025,2025-04-01,2025-04-02,0.0,0.0,0.0,0,2.274877885914116,0.1273559657549407
Cash / No Trade,2025,2025-04-02,2025-04-03,-0.0,-0.0,0.0,0,2.274877885914116,0.1273559657549407
Cash / No Trade,2025,2025-04-03,2025-04-04,-0.0,-0.0,0.0,0,2.274877885914116,0.1273559657549407
Cash / No Trade,2025,2025-04-04,2025-04-07,0.0,0.0,0.0,0,2.274877885914116,0.1273559657549407
Cash / No Trade,2025,2025-04-07,2025-04-08,0.0,0.0,0.0,0,2.274877885914116,0.1273559657549407
Cash / No Trade,2025,2025-04-08,2025-04-09,0.0,0.0,0.0,0,2.274877885914116,0.1273559657549407
Cash / No Trade,2025,2025-04-09,2025-04-10,0.0,0.0,0.0,0,2.274877885914116,0.1273559657549407
Cash / No Trade,2025,2025-04-10,2025-04-11,0.0,0.0,0.0,0,2.274877885914116,0.1273559657549407
Cash / No Trade,2025,2025-04-11,2025-04-14,0.0,0.0,0.0,0,2.274877885914116,0.1273559657549407
Cash / No Trade,2025,2025-04-14,2025-04-15,-0.0,-0.0,0.0,0,2.274877885914116,0.1273559657549407
Cash / No Trade,2025,2025-04-15,2025-04-16,-0.0,-0.0,0.0,0,2.274877885914116,0.1273559657549407
Cash / No Trade,2025,2025-04-16,2025-04-17,-0.0,-0.0,0.0,0,2.274877885914116,0.1218473219337726
Cash / No Trade,2025,2025-04-17,2025-04-21,-0.0,-0.0,0.0,0,2.274877885914116,0.1218473219337726
Cash / No Trade,2025,2025-04-21,2025-04-22,0.0,0.0,0.0,0,2.274877885914116,0.1218473219337726
Cash / No Trade,2025,2025-04-22,2025-04-23,0.0,0.0,0.0,0,2.274877885914116,0.1218473219337726
Cash / No Trade,2025,2025-04-23,2025-04-24,0.0,0.0,0.0,0,2.274877885914116,0.1218473219337726
Cash / No Trade,2025,2025-04-24,2025-04-25,-0.0,-0.0,0.0,0,2.274877885914116,0.1218473219337726
Cash / No Trade,2025,2025-04-25,2025-04-28,0.0,0.0,0.0,0,2.274877885914116,0.1218473219337726
Cash / No Trade,2025,2025-04-28,2025-04-29,-0.0,-0.0,0.0,0,2.274877885914116,0.1218473219337726
Cash / No Trade,2025,2025-04-29,2025-04-30,-0.0,-0.0,0.0,0,2.274877885914116,0.1218473219337726
Cash / No Trade,2025,2025-04-30,2025-05-01,0.0,0.0,0.0,0,2.274877885914116,0.1218473219337726
Cash / No Trade,2025,2025-05-01,2025-05-02,0.0,0.0,0.0,0,2.274877885914116,0.1218473219337726
Cash / No Trade,2025,2025-05-02,2025-05-05,-0.0,-0.0,0.0,0,2.274877885914116,0.1218473219337726
Cash / No Trade,2025,2025-05-05,2025-05-06,0.0,0.0,0.0,0,2.274877885914116,0.1218473219337726
Cash / No Trade,2025,2025-05-06,2025-05-07,-0.0,-0.0,0.0,0,2.274877885914116,0.1218473219337726
Cash / No Trade,2025,2025-05-07,2025-05-08,0.0,0.0,0.0,0,2.274877885914116,0.1218473219337726
Cash / No Trade,2025,2025-05-08,2025-05-09,0.0,0.0,0.0,0,2.274877885914116,0.1218473219337726
Cash / No Trade,2025,2025-05-09,2025-05-12,0.0,0.0,0.0,0,2.274877885914116,0.1218473219337726
Cash / No Trade,2025,2025-05-12,2025-05-13,0.0,0.0,0.0,0,2.274877885914116,0.1218473219337726
Cash / No Trade,2025,2025-05-13,2025-05-14,0.0,0.0,0.0,0,2.274877885914116,0.1218473219337726
Cash / No Trade,2025,2025-05-14,2025-05-15,-0.0,-0.0,0.0,0,2.274877885914116,0.1218473219337726
Cash / No Trade,2025,2025-05-15,2025-05-16,0.0,0.0,0.0,0,2.274877885914116,0.1218473219337726
Cash / No Trade,2025,2025-05-16,2025-05-19,0.0,0.0,0.0,0,2.274877885914116,0.1446016102443144
Cash / No Trade,2025,2025-05-19,2025-05-20,-0.0,-0.0,0.0,0,2.274877885914116,0.1446016102443144
Cash / No Trade,2025,2025-05-20,2025-05-21,0.0,0.0,0.0,0,2.274877885914116,0.1446016102443144
Cash / No Trade,2025,2025-05-21,2025-05-22,-0.0,-0.0,0.0,0,2.274877885914116,0.1446016102443144
Cash / No Trade,2025,2025-05-22,2025-05-23,-0.0,-0.0,0.0,0,2.274877885914116,0.1446016102443144
Cash / No Trade,2025,2025-05-23,2025-05-27,0.0,0.0,0.0,0,2.274877885914116,0.1446016102443144
Cash / No Trade,2025,2025-05-27,2025-05-28,-0.0,-0.0,0.0,0,2.274877885914116,0.1446016102443144
Cash / No Trade,2025,2025-05-28,2025-05-29,-0.0,-0.0,0.0,0,2.274877885914116,0.1446016102443144
Cash / No Trade,2025,2025-05-29,2025-05-30,-0.0,-0.0,0.0,0,2.274877885914116,0.1446016102443144
Cash / No Trade,2025,2025-05-30,2025-06-02,-0.0,-0.0,0.0,0,2.274877885914116,0.1446016102443144
Cash / No Trade,2025,2025-06-02,2025-06-03,0.0,0.0,0.0,0,2.274877885914116,0.1446016102443144
Cash / No Trade,2025,2025-06-03,2025-06-04,0.0,0.0,0.0,0,2.274877885914116,0.1446016102443144
Cash / No Trade,2025,2025-06-04,2025-06-05,0.0,0.0,0.0,0,2.274877885914116,0.1446016102443144
Cash / No Trade,2025,2025-06-05,2025-06-06,0.0,0.0,0.0,0,2.274877885914116,0.1446016102443144
Cash / No Trade,2025,2025-06-06,2025-06-09,-0.0,-0.0,0.0,0,2.274877885914116,0.1446016102443144
Cash / No Trade,2025,2025-06-09,2025-06-10,0.0,0.0,0.0,0,2.274877885914116,0.1446016102443144
Cash / No Trade,2025,2025-06-10,2025-06-11,-0.0,-0.0,0.0,0,2.274877885914116,0.1446016102443144
Cash / No Trade,2025,2025-06-11,2025-06-12,-0.0,-0.0,0.0,0,2.274877885914116,0.1446016102443144
Cash / No Trade,2025,2025-06-12,2025-06-13,0.0,0.0,0.0,0,2.274877885914116,0.1446016102443144
Cash / No Trade,2025,2025-06-13,2025-06-16,0.0,0.0,0.0,0,2.274877885914116,0.1446016102443144
Cash / No Trade,2025,2025-06-16,2025-06-17,0.0,0.0,0.0,0,2.274877885914116,0.1446016102443144
Cash / No Trade,2025,2025-06-17,2025-06-18,0.0,0.0,0.0,0,2.274877885914116,0.1077690951672691
Cash / No Trade,2025,2025-06-18,2025-06-20,-0.0,-0.0,0.0,0,2.274877885914116,0.1077690951672691
Cash / No Trade,2025,2025-06-20,2025-06-23,-0.0,-0.0,0.0,0,2.274877885914116,0.1077690951672691
Cash / No Trade,2025,2025-06-23,2025-06-24,-0.0,-0.0,0.0,0,2.274877885914116,0.1077690951672691
Cash / No Trade,2025,2025-06-24,2025-06-25,-0.0,-0.0,0.0,0,2.274877885914116,0.1077690951672691
Cash / No Trade,2025,2025-06-25,2025-06-26,-0.0,-0.0,0.0,0,2.274877885914116,0.1077690951672691
Cash / No Trade,2025,2025-06-26,2025-06-27,0.0,0.0,0.0,0,2.274877885914116,0.1077690951672691
Cash / No Trade,2025,2025-06-27,2025-06-30,-0.0,-0.0,0.0,0,2.274877885914116,0.1077690951672691
Cash / No Trade,2025,2025-06-30,2025-07-01,0.0,0.0,0.0,0,2.274877885914116,0.1077690951672691
Cash / No Trade,2025,2025-07-01,2025-07-02,0.0,0.0,0.0,0,2.274877885914116,0.1077690951672691
Cash / No Trade,2025,2025-07-02,2025-07-03,0.0,0.0,0.0,0,2.274877885914116,0.1077690951672691
Cash / No Trade,2025,2025-07-03,2025-07-07,-0.0,-0.0,0.0,0,2.274877885914116,0.1077690951672691
Cash / No Trade,2025,2025-07-07,2025-07-08,-0.0,-0.0,0.0,0,2.274877885914116,0.1077690951672691
Cash / No Trade,2025,2025-07-08,2025-07-09,-0.0,-0.0,0.0,0,2.274877885914116,0.1077690951672691
Cash / No Trade,2025,2025-07-09,2025-07-10,-0.0,-0.0,0.0,0,2.274877885914116,0.1077690951672691
Cash / No Trade,2025,2025-07-10,2025-07-11,-0.0,-0.0,0.0,0,2.274877885914116,0.1077690951672691
Cash / No Trade,2025,2025-07-11,2025-07-14,-0.0,-0.0,0.0,0,2.274877885914116,0.1077690951672691
Cash / No Trade,2025,2025-07-14,2025-07-15,-0.0,-0.0,0.0,0,2.274877885914116,0.1077690951672691
Cash / No Trade,2025,2025-07-15,2025-07-16,0.0,0.0,0.0,0,2.274877885914116,0.1077690951672691
Cash / No Trade,2025,2025-07-16,2025-07-17,0.0,0.0,0.0,0,2.274877885914116,0.1077690951672691
Cash / No Trade,2025,2025-07-17,2025-07-18,0.0,0.0,0.0,0,2.274877885914116,0.1077690951672691
Cash / No Trade,2025,2025-07-18,2025-07-21,-0.0,-0.0,0.0,0,2.274877885914116,0.1835886963316851
Cash / No Trade,2025,2025-07-21,2025-07-22,-0.0,-0.0,0.0,0,2.274877885914116,0.1835886963316851
Cash / No Trade,2025,2025-07-22,2025-07-23,-0.0,-0.0,0.0,0,2.274877885914116,0.1835886963316851
Cash / No Trade,2025,2025-07-23,2025-07-24,-0.0,-0.0,0.0,0,2.274877885914116,0.1835886963316851
Cash / No Trade,2025,2025-07-24,2025-07-25,-0.0,-0.0,0.0,0,2.274877885914116,0.1835886963316851
Cash / No Trade,2025,2025-07-25,2025-07-28,-0.0,-0.0,0.0,0,2.274877885914116,0.1835886963316851
Cash / No Trade,2025,2025-07-28,2025-07-29,-0.0,-0.0,0.0,0,2.274877885914116,0.1835886963316851
Cash / No Trade,2025,2025-07-29,2025-07-30,-0.0,-0.0,0.0,0,2.274877885914116,0.1835886963316851
Cash / No Trade,2025,2025-07-30,2025-07-31,-0.0,-0.0,0.0,0,2.274877885914116,0.1835886963316851
Cash / No Trade,2025,2025-07-31,2025-08-01,-0.0,-0.0,0.0,0,2.274877885914116,0.1835886963316851
Cash / No Trade,2025,2025-08-01,2025-08-04,0.0,0.0,0.0,0,2.274877885914116,0.1835886963316851
Cash / No Trade,2025,2025-08-04,2025-08-05,0.0,0.0,0.0,0,2.274877885914116,0.1835886963316851
Cash / No Trade,2025,2025-08-05,2025-08-06,-0.0,-0.0,0.0,0,2.274877885914116,0.1835886963316851
Cash / No Trade,2025,2025-08-06,2025-08-07,0.0,0.0,0.0,0,2.274877885914116,0.1835886963316851
Cash / No Trade,2025,2025-08-07,2025-08-08,-0.0,-0.0,0.0,0,2.274877885914116,0.1835886963316851
Cash / No Trade,2025,2025-08-08,2025-08-11,0.0,0.0,0.0,0,2.274877885914116,0.1835886963316851
Cash / No Trade,2025,2025-08-11,2025-08-12,0.0,0.0,0.0,0,2.274877885914116,0.1835886963316851
Cash / No Trade,2025,2025-08-12,2025-08-13,0.0,0.0,0.0,0,2.274877885914116,0.1835886963316851
Cash / No Trade,2025,2025-08-13,2025-08-14,-0.0,-0.0,0.0,0,2.274877885914116,0.1835886963316851
Cash / No Trade,2025,2025-08-14,2025-08-15,0.0,0.0,0.0,0,2.274877885914116,0.1835886963316851
Cash / No Trade,2025,2025-08-15,2025-08-18,0.0,0.0,0.0,0,2.274877885914116,0.1835886963316851
Cash / No Trade,2025,2025-08-18,2025-08-19,-0.0,-0.0,0.0,0,2.274877885914116,0.2175390475261111
Cash / No Trade,2025,2025-08-19,2025-08-20,-0.0,-0.0,0.0,0,2.274877885914116,0.2175390475261111
Cash / No Trade,2025,2025-08-20,2025-08-21,0.0,0.0,0.0,0,2.274877885914116,0.2175390475261111
Cash / No Trade,2025,2025-08-21,2025-08-22,0.0,0.0,0.0,0,2.274877885914116,0.2175390475261111
Cash / No Trade,2025,2025-08-22,2025-08-25,-0.0,-0.0,0.0,0,2.274877885914116,0.2175390475261111
Cash / No Trade,2025,2025-08-25,2025-08-26,0.0,0.0,0.0,0,2.274877885914116,0.2175390475261111
Cash / No Trade,2025,2025-08-26,2025-08-27,0.0,0.0,0.0,0,2.274877885914116,0.2175390475261111
Cash / No Trade,2025,2025-08-27,2025-08-28,0.0,0.0,0.0,0,2.274877885914116,0.2175390475261111
Cash / No Trade,2025,2025-08-28,2025-08-29,0.0,0.0,0.0,0,2.274877885914116,0.2175390475261111
Cash / No Trade,2025,2025-08-29,2025-09-02,-0.0,-0.0,0.0,0,2.274877885914116,0.2175390475261111
Cash / No Trade,2025,2025-09-02,2025-09-03,-0.0,-0.0,0.0,0,2.274877885914116,0.2175390475261111
Cash / No Trade,2025,2025-09-03,2025-09-04,-0.0,-0.0,0.0,0,2.274877885914116,0.2175390475261111
Cash / No Trade,2025,2025-09-04,2025-09-05,-0.0,-0.0,0.0,0,2.274877885914116,0.2175390475261111
Cash / No Trade,2025,2025-09-05,2025-09-08,0.0,0.0,0.0,0,2.274877885914116,0.2175390475261111
Cash / No Trade,2025,2025-09-08,2025-09-09,-0.0,-0.0,0.0,0,2.274877885914116,0.2175390475261111
Cash / No Trade,2025,2025-09-09,2025-09-10,0.0,0.0,0.0,0,2.274877885914116,0.2175390475261111
Cash / No Trade,2025,2025-09-10,2025-09-11,0.0,0.0,0.0,0,2.274877885914116,0.2175390475261111
Cash / No Trade,2025,2025-09-11,2025-09-12,0.0,0.0,0.0,0,2.274877885914116,0.2175390475261111
Cash / No Trade,2025,2025-09-12,2025-09-15,0.0,0.0,0.0,0,2.274877885914116,0.2175390475261111
Cash / No Trade,2025,2025-09-15,2025-09-16,0.0,0.0,0.0,0,2.274877885914116,0.2175390475261111
Cash / No Trade,2025,2025-09-16,2025-09-17,-0.0,-0.0,0.0,0,2.274877885914116,0.2175390475261111
Cash / No Trade,2025,2025-09-17,2025-09-18,-0.0,-0.0,0.0,0,2.274877885914116,0.230397850270053
Cash / No Trade,2025,2025-09-18,2025-09-19,-0.0,-0.0,0.0,0,2.274877885914116,0.230397850270053
Cash / No Trade,2025,2025-09-19,2025-09-22,-0.0,-0.0,0.0,0,2.274877885914116,0.230397850270053
Cash / No Trade,2025,2025-09-22,2025-09-23,0.0,0.0,0.0,0,2.274877885914116,0.230397850270053
Cash / No Trade,2025,2025-09-23,2025-09-24,0.0,0.0,0.0,0,2.274877885914116,0.230397850270053
Cash / No Trade,2025,2025-09-24,2025-09-25,0.0,0.0,0.0,0,2.274877885914116,0.230397850270053
Cash / No Trade,2025,2025-09-25,2025-09-26,0.0,0.0,0.0,0,2.274877885914116,0.230397850270053
Cash / No Trade,2025,2025-09-26,2025-09-29,-0.0,-0.0,0.0,0,2.274877885914116,0.230397850270053
Cash / No Trade,2025,2025-09-29,2025-09-30,-0.0,-0.0,0.0,0,2.274877885914116,0.230397850270053
Cash / No Trade,2025,2025-09-30,2025-10-01,0.0,0.0,0.0,0,2.274877885914116,0.230397850270053
Cash / No Trade,2025,2025-10-01,2025-10-02,-0.0,-0.0,0.0,0,2.274877885914116,0.230397850270053
Cash / No Trade,2025,2025-10-02,2025-10-03,-0.0,-0.0,0.0,0,2.274877885914116,0.230397850270053
Cash / No Trade,2025,2025-10-03,2025-10-06,0.0,0.0,0.0,0,2.274877885914116,0.230397850270053
Cash / No Trade,2025,2025-10-06,2025-10-07,0.0,0.0,0.0,0,2.274877885914116,0.230397850270053
Cash / No Trade,2025,2025-10-07,2025-10-08,0.0,0.0,0.0,0,2.274877885914116,0.230397850270053
Cash / No Trade,2025,2025-10-08,2025-10-09,-0.0,-0.0,0.0,0,2.274877885914116,0.230397850270053
Cash / No Trade,2025,2025-10-09,2025-10-10,-0.0,-0.0,0.0,0,2.274877885914116,0.230397850270053
Cash / No Trade,2025,2025-10-10,2025-10-13,0.0,0.0,0.0,0,2.274877885914116,0.230397850270053
Cash / No Trade,2025,2025-10-13,2025-10-14,-0.0,-0.0,0.0,0,2.274877885914116,0.230397850270053
Cash / No Trade,2025,2025-10-14,2025-10-15,-0.0,-0.0,0.0,0,2.274877885914116,0.230397850270053
Cash / No Trade,2025,2025-10-15,2025-10-16,0.0,0.0,0.0,0,2.274877885914116,0.230397850270053
Cash / No Trade,2025,2025-10-16,2025-10-17,0.0,0.0,0.0,0,2.274877885914116,0.2150436352989264
Cash / No Trade,2025,2025-10-17,2025-10-20,0.0,0.0,0.0,0,2.274877885914116,0.2150436352989264
Cash / No Trade,2025,2025-10-20,2025-10-21,-0.0,-0.0,0.0,0,2.274877885914116,0.2150436352989264
Cash / No Trade,2025,2025-10-21,2025-10-22,-0.0,-0.0,0.0,0,2.274877885914116,0.2150436352989264
Cash / No Trade,2025,2025-10-22,2025-10-23,0.0,0.0,0.0,0,2.274877885914116,0.2150436352989264
Cash / No Trade,2025,2025-10-23,2025-10-24,-0.0,-0.0,0.0,0,2.274877885914116,0.2150436352989264
Cash / No Trade,2025,2025-10-24,2025-10-27,0.0,0.0,0.0,0,2.274877885914116,0.2150436352989264
Cash / No Trade,2025,2025-10-27,2025-10-28,-0.0,-0.0,0.0,0,2.274877885914116,0.2150436352989264
Cash / No Trade,2025,2025-10-28,2025-10-29,-0.0,-0.0,0.0,0,2.274877885914116,0.2150436352989264
Cash / No Trade,2025,2025-10-29,2025-10-30,-0.0,-0.0,0.0,0,2.274877885914116,0.2150436352989264
Cash / No Trade,2025,2025-10-30,2025-10-31,-0.0,-0.0,0.0,0,2.274877885914116,0.2150436352989264
Cash / No Trade,2025,2025-10-31,2025-11-03,0.0,0.0,0.0,0,2.274877885914116,0.2150436352989264
Cash / No Trade,2025,2025-11-03,2025-11-04,-0.0,-0.0,0.0,0,2.274877885914116,0.2150436352989264
Cash / No Trade,2025,2025-11-04,2025-11-05,-0.0,-0.0,0.0,0,2.274877885914116,0.2150436352989264
Cash / No Trade,2025,2025-11-05,2025-11-06,-0.0,-0.0,0.0,0,2.274877885914116,0.2150436352989264
Cash / No Trade,2025,2025-11-06,2025-11-07,0.0,0.0,0.0,0,2.274877885914116,0.2150436352989264
Cash / No Trade,2025,2025-11-07,2025-11-10,0.0,0.0,0.0,0,2.274877885914116,0.2150436352989264
Cash / No Trade,2025,2025-11-10,2025-11-11,0.0,0.0,0.0,0,2.274877885914116,0.2150436352989264
Cash / No Trade,2025,2025-11-11,2025-11-12,-0.0,-0.0,0.0,0,2.274877885914116,0.2150436352989264
Cash / No Trade,2025,2025-11-12,2025-11-13,-0.0,-0.0,0.0,0,2.274877885914116,0.2150436352989264
Cash / No Trade,2025,2025-11-13,2025-11-14,-0.0,-0.0,0.0,0,2.274877885914116,0.2150436352989264
Cash / No Trade,2025,2025-11-14,2025-11-17,0.0,0.0,0.0,0,2.274877885914116,0.1611325014894863
Cash / No Trade,2025,2025-11-17,2025-11-18,0.0,0.0,0.0,0,2.274877885914116,0.1611325014894863
Cash / No Trade,2025,2025-11-18,2025-11-19,-0.0,-0.0,0.0,0,2.274877885914116,0.1611325014894863
Cash / No Trade,2025,2025-11-19,2025-11-20,-0.0,-0.0,0.0,0,2.274877885914116,0.1611325014894863
Cash / No Trade,2025,2025-11-20,2025-11-21,0.0,0.0,0.0,0,2.274877885914116,0.1611325014894863
Cash / No Trade,2025,2025-11-21,2025-11-24,0.0,0.0,0.0,0,2.274877885914116,0.1611325014894863
Cash / No Trade,2025,2025-11-24,2025-11-25,-0.0,-0.0,0.0,0,2.274877885914116,0.1611325014894863
Cash / No Trade,2025,2025-11-25,2025-11-26,0.0,0.0,0.0,0,2.274877885914116,0.1611325014894863
Cash / No Trade,2025,2025-11-26,2025-11-28,0.0,0.0,0.0,0,2.274877885914116,0.1611325014894863
Cash / No Trade,2025,2025-11-28,2025-12-01,-0.0,-0.0,0.0,0,2.274877885914116,0.1611325014894863
Cash / No Trade,2025,2025-12-01,2025-12-02,0.0,0.0,0.0,0,2.274877885914116,0.1611325014894863
Cash / No Trade,2025,2025-12-02,2025-12-03,-0.0,-0.0,0.0,0,2.274877885914116,0.1611325014894863
Cash / No Trade,2025,2025-12-03,2025-12-04,0.0,0.0,0.0,0,2.274877885914116,0.1611325014894863
Cash / No Trade,2025,2025-12-04,2025-12-05,-0.0,-0.0,0.0,0,2.274877885914116,0.1611325014894863
Cash / No Trade,2025,2025-12-05,2025-12-08,-0.0,-0.0,0.0,0,2.274877885914116,0.1611325014894863
Cash / No Trade,2025,2025-12-08,2025-12-09,0.0,0.0,0.0,0,2.274877885914116,0.1611325014894863
Cash / No Trade,2025,2025-12-09,2025-12-10,0.0,0.0,0.0,0,2.274877885914116,0.1611325014894863
Cash / No Trade,2025,2025-12-10,2025-12-11,0.0,0.0,0.0,0,2.274877885914116,0.1611325014894863
Cash / No Trade,2025,2025-12-11,2025-12-12,-0.0,-0.0,0.0,0,2.274877885914116,0.1611325014894863
Cash / No Trade,2025,2025-12-12,2025-12-15,-0.0,-0.0,0.0,0,2.274877885914116,0.1611325014894863
Cash / No Trade,2025,2025-12-15,2025-12-16,-0.0,-0.0,0.0,0,2.274877885914116,0.1611325014894863
Cash / No Trade,2025,2025-12-16,2025-12-17,0.0,0.0,0.0,0,2.274877885914116,0.2239839898219493
Cash / No Trade,2025,2025-12-17,2025-12-18,-0.0,-0.0,0.0,0,2.274877885914116,0.2239839898219493
Cash / No Trade,2025,2025-12-18,2025-12-19,-0.0,-0.0,0.0,0,2.274877885914116,0.2239839898219493
Cash / No Trade,2025,2025-12-19,2025-12-22,0.0,0.0,0.0,0,2.274877885914116,0.2239839898219493
Cash / No Trade,2025,2025-12-22,2025-12-23,-0.0,-0.0,0.0,0,2.274877885914116,0.2239839898219493
Cash / No Trade,2025,2025-12-23,2025-12-24,0.0,0.0,0.0,0,2.274877885914116,0.2239839898219493
Cash / No Trade,2025,2025-12-24,2025-12-26,-0.0,-0.0,0.0,0,2.274877885914116,0.2239839898219493
Cash / No Trade,2025,2025-12-26,2025-12-29,0.0,0.0,0.0,0,2.274877885914116,0.2239839898219493
Cash / No Trade,2025,2025-12-29,2025-12-30,0.0,0.0,0.0,0,2.274877885914116,0.2239839898219493
Cash / No Trade,2025,2025-12-30,2025-12-31,-0.0,-0.0,0.0,0,2.274877885914116,0.2239839898219493
